Ticket Id,Ticket Type,Subject,Status (Ticket),SLA Violation Type,Priority (Ticket),Team,Created Time (Ticket),Ticket Age,Is Escalated
1148636,Alarm,Bankify is Down from multiple locations,Closed,Not Violated,-,Uptime Team,07-04-2026 00:00,6d 12h,FALSE
1148637,Alarm,Bankify is Down from multiple locations,Closed,Not Violated,-,Uptime Team,07-04-2026 00:00,6d 12h,FALSE
1148638,Alarm,Bankify is Down from multiple locations,Closed,Not Violated,-,Uptime Team,07-04-2026 00:00,6d 12h,FALSE
1148639,Alarm,"ALARM: ""ABM-Prod-App+PGSQL-DB-1a-CPU-85%-#Alarm"" in Asia Pacific (Mumbai)",Closed,Not Violated,Critical - P1,Uptime Team,07-04-2026 00:01,6d 12h,FALSE
1148640,Alarm,"ALARM: ""ABM-Prod-App+PGSQL-DB-1a-CPU-85%-#Alarm"" in Asia Pacific (Mumbai)",Closed,Not Violated,Critical - P1,Uptime Team,07-04-2026 00:02,6d 12h,FALSE
1148641,Alarm,"ALARM: ""Support Elders-Prod-Web-1a-CPU-85%-#Alarm"" in Asia Pacific (Mumbai)",Closed,Not Violated,Critical - P1,Uptime Team,07-04-2026 00:02,6d 12h,FALSE
1148642,Alarm,"ALARM: ""Bazoki-Prod-DB-1b-CPU-85%-#Alarm"" in Asia Pacific (Mumbai)",Closed,Not Violated,Critical - P1,Uptime Team,07-04-2026 00:03,6d 12h,FALSE
1148643,Alarm,Arundhati Jewellers is Down from multiple locations,Closed,Not Violated,-,Uptime Team,07-04-2026 00:05,6d 12h,FALSE
1148644,Alarm,Arundhati Jewellers is Down from multiple locations,Closed,Not Violated,-,Uptime Team,07-04-2026 00:05,6d 12h,FALSE
1148645,Alarm,"ALARM: ""AnnapurnaPay-Prod-pvt-Jenkins-Server-CPU-85%-#Alarm"" in Asia Pacific (Mumbai)",Closed,Not Violated,Critical - P1,Uptime Team,07-04-2026 00:06,6d 12h,FALSE
1148646,Alarm,"ALARM: ""AFPL-Prod-Seceon-CCE-Pub-1b-Memory-85%-#Alarms"" in Asia Pacific (Mumbai)",Closed,Not Violated,-,Uptime Team,07-04-2026 00:06,6d 12h,FALSE
1148647,Alarm,"ALARM: ""AnnapurnaPay-Prod-pvt-Jenkins-Server-CPU-85%-#Alarm"" in Asia Pacific (Mumbai)",Closed,Not Violated,Critical - P1,Uptime Team,07-04-2026 00:06,6d 12h,FALSE
1148649,Alarm,Bankify 7pay is Down from multiple locations,Closed,Not Violated,-,Uptime Team,07-04-2026 00:06,6d 12h,FALSE
1148650,Alarm,"ALARM: ""AnnapurnaPay-Prod-pvt-Jenkins-Server-CPU-95%-#Alarm"" in Asia Pacific (Mumbai)",Closed,Not Violated,Critical - P1,Uptime Team,07-04-2026 00:07,6d 12h,FALSE
1148651,Alarm,Bankify 7pay is Down from multiple locations,Closed,Not Violated,-,Uptime Team,07-04-2026 00:07,6d 12h,FALSE
1148652,Alarm,"ALARM: ""AnnapurnaPay-Prod-pvt-Jenkins-Server-CPU-95%-#Alarm"" in Asia Pacific (Mumbai)",Closed,Not Violated,-,Uptime Team,07-04-2026 00:07,6d 12h,FALSE
1148653,Alarm,"ALARM: ""kfinpwm-narc-prod-rds-CPU-85%-#Alarm"" in Asia Pacific (Mumbai)",Closed,Not Violated,Critical - P1,Uptime Team,07-04-2026 00:07,6d 12h,FALSE
1148654,Alarm,"ALARM: ""kfinpwm-narc-prod-rds-CPU-85%-#Alarm"" in Asia Pacific (Mumbai)",Closed,Not Violated,Critical - P1,Uptime Team,07-04-2026 00:07,6d 12h,FALSE
1148655,Alarm,Argus News is Down from multiple locations,Closed,Not Violated,-,Uptime Team,07-04-2026 00:09,6d 12h,FALSE
1148656,Alarm,Argus News is Up,Closed,Not Violated,-,Uptime Team,07-04-2026 00:10,6d 12h,FALSE
1148657,Alarm,Bankify 7pay is Down from multiple locations,Closed,Not Violated,-,Uptime Team,07-04-2026 00:10,6d 12h,FALSE
1148658,Alarm,"ALARM: ""Support Elders-Prod-Web-1a-CPU-85%-#Alarm"" in Asia Pacific (Mumbai)",Closed,Not Violated,Critical - P1,Uptime Team,07-04-2026 00:11,6d 12h,FALSE
1148659,Alarm,"ALARM: ""ETEdge-TG-CDN-INSIGHTS-ET3TON8I54DZP-5xxErrorRate-Alarm"" in US East (N. Virginia)",Closed,Not Violated,Critical - P1,Uptime Team,07-04-2026 00:12,6d 12h,FALSE
1148660,Alarm,"ALARM: ""AnnapurnaPay-Prod-pvt-Jenkins-Server-CPU-95%-#Alarm"" in Asia Pacific (Mumbai)",Closed,Not Violated,-,Uptime Team,07-04-2026 00:14,6d 12h,FALSE
1148661,Alarm,"ALARM: ""AnnapurnaPay-Prod-pvt-Jenkins-Server-CPU-95%-#Alarm"" in Asia Pacific (Mumbai)",Closed,Not Violated,-,Uptime Team,07-04-2026 00:14,6d 12h,FALSE
1148662,Alarm,"ALARM: ""AFPL-Prod-Seceon-CCE-Pub-1b-Memory-85%-#Alarms"" in Asia Pacific (Mumbai)",Closed,Not Violated,-,Uptime Team,07-04-2026 00:17,6d 12h,FALSE
1148664,Alarm,"ALARM: ""Shyam-Metalics-CLSM-Prod-DB-1b_CPU>=95%"" in Asia Pacific (Mumbai)",Closed,Not Violated,Critical - P1,Uptime Team,07-04-2026 00:21,6d 12h,FALSE
1148665,Alarm,"ALARM: ""hoichoi-aws-aps1-prod-ecs-hoichoi-analytics_high_cpu_util_alarm"" in Asia Pacific (Mumbai)",Closed,Not Violated,Critical - P1,Uptime Team,07-04-2026 00:21,6d 12h,FALSE
1148666,Alarm,"ALARM: ""AFPL-Prod-Seceon-CCE-Pub-1b-Memory-85%-#Alarms"" in Asia Pacific (Mumbai)",Closed,Not Violated,-,Uptime Team,07-04-2026 00:24,6d 12h,FALSE
1148668,Alarm,"ALARM: ""Shyam-Metalics-CLSM-Prod-DB-1b_CPU>=95%"" in Asia Pacific (Mumbai)",Closed,Not Violated,Critical - P1,Uptime Team,07-04-2026 00:33,6d 11h,FALSE
1148669,Alarm,"ALARM: ""softweb-srishti-rds-oracle-21c-Memory-85% #Alarm"" in Asia Pacific (Mumbai)",Closed,Not Violated,Critical - P1,Uptime Team,07-04-2026 00:36,6d 11h,FALSE
1148670,Alarm,"ALARM: ""AFPL-Prod-Seceon-CCE-Pub-1b-Memory-85%-#Alarms"" in Asia Pacific (Mumbai)",Closed,Not Violated,-,Uptime Team,07-04-2026 00:39,6d 11h,FALSE
1148672,Alarm,"ALARM: ""ETEdge-TG-CDN-INSIGHTS-ET3TON8I54DZP-5xxErrorRate-Alarm"" in US East (N. Virginia)",Closed,Not Violated,Critical - P1,Uptime Team,07-04-2026 00:46,6d 11h,FALSE
1148673,Alarm,"ALARM: ""ETEdge-TG-CDN-INSIGHTS-ET3TON8I54DZP-5xxErrorRate-Alarm"" in US East (N. Virginia)",Closed,Not Violated,Critical - P1,Uptime Team,07-04-2026 00:50,6d 11h,FALSE
1148674,Alarm,"ALARM: ""AFPL-Prod-Seceon-CCE-Pub-1b-Memory-85%-#Alarms"" in Asia Pacific (Mumbai)",Closed,Not Violated,-,Uptime Team,07-04-2026 00:52,6d 11h,FALSE
1148676,Client,Workmates Backup - No successful backups reminder,Closed,Not Violated,Medium - P3,SMB Linux Team,07-04-2026 00:53,6d 11h,FALSE
1148677,Alarm,Argus News is Down from multiple locations,Closed,Not Violated,-,Uptime Team,07-04-2026 01:00,6d 11h,FALSE
1148678,Alarm,Argus News is Up,Closed,Not Violated,-,Uptime Team,07-04-2026 01:01,6d 11h,FALSE
1148679,Alarm,Bankify is Down from multiple locations,Closed,Not Violated,-,Uptime Team,07-04-2026 01:02,6d 11h,FALSE
1148680,Alarm,"ALARM: ""AFPL-Prod-Seceon-CCE-Pub-1b-Memory-85%-#Alarms"" in Asia Pacific (Mumbai)",Closed,Not Violated,-,Uptime Team,07-04-2026 01:03,6d 11h,FALSE
1148682,Alarm,Bankify is Down from multiple locations,Closed,Not Violated,-,Uptime Team,07-04-2026 01:04,6d 11h,FALSE
1148683,Alarm,Bankify 7pay is Down from multiple locations,Closed,Not Violated,-,Uptime Team,07-04-2026 01:04,6d 11h,FALSE
1148684,Alarm,"ALARM: ""Bazoki-Prod-DB-1b-CPU-85%-#Alarm"" in Asia Pacific (Mumbai)",Closed,Not Violated,Critical - P1,Uptime Team,07-04-2026 01:04,6d 11h,FALSE
1148685,Alarm,"ALARM: ""Innovel-Tally-Sarala-server-Pub-1b-CPU-85%-#Alarm"" in Asia Pacific (Mumbai)",Closed,Not Violated,-,Uptime Team,07-04-2026 01:06,6d 11h,FALSE
1148686,Alarm,"ALARM: ""softweb-srishti-rds-oracle-21c-Memory-85% #Alarm"" in Asia Pacific (Mumbai)",Closed,Not Violated,Critical - P1,Uptime Team,07-04-2026 01:13,6d 11h,FALSE
1148687,Alarm,Assotech is Down from multiple locations,Closed,Not Violated,-,SMB Linux Team,07-04-2026 01:15,6d 11h,FALSE
1148688,Alarm,"ALARM: ""AFPL-Prod-Seceon-CCE-Pub-1b-Memory-85%-#Alarms"" in Asia Pacific (Mumbai)",Closed,Not Violated,-,Uptime Team,07-04-2026 01:16,6d 11h,FALSE
1148690,Alarm,"ALARM: ""softweb-srishti-rds-oracle-21c-Memory-85% #Alarm"" in Asia Pacific (Mumbai)",Closed,Not Violated,Critical - P1,Uptime Team,07-04-2026 01:17,6d 11h,FALSE
1148691,Alarm,"ALARM: ""KhimjiJwellers-Prod-App-1b-CPU-85%-#Alarm"" in Asia Pacific (Mumbai)",Closed,Not Violated,Critical - P1,Uptime Team,07-04-2026 01:17,6d 11h,FALSE
1148692,Alarm,"ALARM: ""Lalchand-Jewellers-App2-Prod-1b-CPU-85%-#ALARM"" in Asia Pacific (Mumbai)",Closed,Not Violated,Critical - P1,Uptime Team,07-04-2026 01:17,6d 11h,FALSE
1148693,Alarm,"ALARM: ""Lalchand-Jewellers-App1-Prod-1b-CPU-85%-#ALARM"" in Asia Pacific (Mumbai)",Closed,Not Violated,Critical - P1,Uptime Team,07-04-2026 01:17,6d 11h,FALSE
1148694,Alarm,"ALARM: ""KhimjiJwellers-Prod-server2-App-1b-CPU-85%-#Alarm"" in Asia Pacific (Mumbai)",Closed,Not Violated,Critical - P1,Uptime Team,07-04-2026 01:18,6d 11h,FALSE
1148695,Alarm,"ALARM: ""Eleve-Diamonds-REPORTING-PROD-CPU-85%-#ALARM"" in Asia Pacific (Mumbai)",Closed,Not Violated,Critical - P1,Uptime Team,07-04-2026 01:18,6d 11h,FALSE
1148696,Alarm,"ALARM: ""Lalchand-Jewellers-ALB-TG-8443-UnhealthyHostCount-#ALARM"" in Asia Pacific (Mumbai)",Closed,Not Violated,Critical - P1,Uptime Team,07-04-2026 01:18,6d 11h,FALSE
1148697,Alarm,"ALARM: ""softweb-srishti-rds-oracle-21c-Memory-85% #Alarm"" in Asia Pacific (Mumbai)",Closed,Not Violated,Critical - P1,Uptime Team,07-04-2026 01:25,6d 11h,FALSE
1148698,Alarm,Assotech is Up,Closed,Not Violated,-,Uptime Team,07-04-2026 01:32,6d 11h,FALSE
1148699,Alarm,"ALARM: ""ARS-Steels-Prod-DB-1a-Disk D-85%-#Alarm"" in Asia Pacific (Mumbai)",Closed,Not Violated,Critical - P1,Uptime Team,07-04-2026 01:34,6d 10h,FALSE
1148700,Alarm,"ALARM: ""AMPL-eFIMO-Prod-RDB-1b-Disk(D)-85%-#Alarm"" in Asia Pacific (Mumbai)",Closed,Not Violated,-,Uptime Team,07-04-2026 01:37,6d 10h,FALSE
1148701,Alarm,"ALARM: ""GangesJute-Prod-DB-1b-CPU-85%-#Alarm"" in Asia Pacific (Mumbai)",Closed,Not Violated,Critical - P1,Uptime Team,07-04-2026 01:37,6d 10h,FALSE
1148702,Alarm,"ALARM: ""Verma-Jewellers-Prod-DB-1b-Memory-85%-#ALARM"" in Asia Pacific (Mumbai)",Closed,Not Violated,Critical - P1,Uptime Team,07-04-2026 01:45,6d 10h,FALSE
1148703,Alarm,"ALARM: ""GangesJute-Prod-DB-1b-CPU-85%-#Alarm"" in Asia Pacific (Mumbai)",Closed,Not Violated,Critical - P1,Uptime Team,07-04-2026 01:46,6d 10h,FALSE
1148704,Alarm,"ALARM: ""CTVN-Prod-DB-1b-CPU-85%-#Alarm"" in Asia Pacific (Mumbai)",Closed,Not Violated,Critical - P1,Uptime Team,07-04-2026 01:46,6d 10h,FALSE
1148705,Alarm,"ALARM: ""CTVN-Prod-DB-1b-CPU-95%-#Alarm"" in Asia Pacific (Mumbai)",Closed,Not Violated,Critical - P1,Uptime Team,07-04-2026 01:47,6d 10h,FALSE
1148706,Alarm,"ALARM: ""CTVN-Prod-DB-1b-CPU-85%-#Alarm"" in Asia Pacific (Mumbai)",Closed,Not Violated,Critical - P1,Uptime Team,07-04-2026 02:01,6d 10h,FALSE
1148707,Alarm,Khimji is Down from multiple locations,Closed,Not Violated,-,Uptime Team,07-04-2026 02:04,6d 10h,FALSE
1148708,Alarm,Khimji is Down from multiple locations,Closed,Not Violated,-,Uptime Team,07-04-2026 02:05,6d 10h,FALSE
1148709,Alarm,Khimji is Down from multiple locations,Closed,Not Violated,-,Uptime Team,07-04-2026 02:05,6d 10h,FALSE
1148710,Alarm,"ALARM: ""CTVN-Prod-DB-1b-CPU-95%-#Alarm"" in Asia Pacific (Mumbai)",Closed,Not Violated,Critical - P1,Uptime Team,07-04-2026 02:05,6d 10h,FALSE
1148711,Alarm,"ALARM: ""AFPL-Prod-Seceon-CCE-Pub-1b-Memory-85%-#Alarms"" in Asia Pacific (Mumbai)",Closed,Not Violated,-,Uptime Team,07-04-2026 02:09,6d 10h,FALSE
1148713,Alarm,"ALARM: ""AMPL-eFIMO-Prod-AD-1b-Memory-95%-#Alarm"" in Asia Pacific (Mumbai)",Closed,Not Violated,-,Uptime Team,07-04-2026 02:09,6d 10h,FALSE
1148714,Alarm,Vawsum | https://vawsum.com/ is Down from multiple locations,Closed,Not Violated,-,Uptime Team,07-04-2026 02:11,6d 10h,FALSE
1148715,Alarm,Vawsum | https://vawsum.com/ is Up,Closed,Not Violated,-,Uptime Team,07-04-2026 02:16,6d 10h,FALSE
1148716,Alarm,"ALARM: ""ETEdge-TG-CDN-INSIGHTS-ET3TON8I54DZP-5xxErrorRate-Alarm"" in US East (N. Virginia)",Closed,Not Violated,Critical - P1,Uptime Team,07-04-2026 02:17,6d 10h,FALSE
1148717,Alarm,"ALARM: ""SriAlankar-Jwellers-App2-1b-CPU-85%-#Alarm"" in Asia Pacific (Mumbai)",Closed,Not Violated,Critical - P1,Uptime Team,07-04-2026 02:17,6d 10h,FALSE
1148718,Alarm,"ALARM: ""AFPL-Prod-Seceon-CCE-Pub-1b-Memory-85%-#Alarms"" in Asia Pacific (Mumbai)",Closed,Not Violated,-,Uptime Team,07-04-2026 02:19,6d 10h,FALSE
1148720,Alarm,"ALARM: ""Midland-MIS-Prod-Server-1a-FreeSpace-Disk(D)-10%-#Alarm"" in Asia Pacific (Mumbai)",Closed,Not Violated,-,Uptime Team,07-04-2026 02:19,6d 10h,FALSE
1148721,Alarm,"ALARM: ""HiraPanna-Prod-DB-1b-Memory-85%-#Alarm"" in Asia Pacific (Mumbai)",Closed,Not Violated,Critical - P1,Uptime Team,07-04-2026 02:20,6d 10h,FALSE
1148722,Alarm,"ALARM: ""HiraPanna-Prod-DB-1b-Disk(Root)-85%-#Alarm"" in Asia Pacific (Mumbai)",Closed,Not Violated,Critical - P1,Uptime Team,07-04-2026 02:21,6d 10h,FALSE
1148723,Alarm,"ALARM: ""Verma-Jewellers-Prod-DB-1b-Memory-95%-#ALARM"" in Asia Pacific (Mumbai)",Closed,Not Violated,Critical - P1,Uptime Team,07-04-2026 02:21,6d 10h,FALSE
1148724,Alarm,"ALARM: ""Verma-Jewellers-Prod-DB-1b-Memory-85%-#ALARM"" in Asia Pacific (Mumbai)",Closed,Not Violated,Critical - P1,Uptime Team,07-04-2026 02:21,6d 10h,FALSE
1148725,Alarm,"ALARM: ""Critical-HiraPanna-Prod-DB-1b-Memory-95%-#Alarm"" in Asia Pacific (Mumbai)",Closed,Not Violated,Critical - P1,Uptime Team,07-04-2026 02:22,6d 10h,FALSE
1148726,Alarm,"ALARM: ""AMPL-eFIMO-Prod-AD-1b-Memory-95%-#Alarm"" in Asia Pacific (Mumbai)",Closed,Not Violated,-,Uptime Team,07-04-2026 02:24,6d 10h,FALSE
1148728,Alarm,Khimji is Up,Closed,Not Violated,-,Uptime Team,07-04-2026 02:25,6d 10h,FALSE
1148727,Alarm,Khimji is Up,Closed,Not Violated,-,Uptime Team,07-04-2026 02:25,6d 10h,FALSE
1148729,Alarm,Khimji is Up,Closed,Not Violated,-,Uptime Team,07-04-2026 02:25,6d 10h,FALSE
1148730,Client,Primarc DB Server IP Swap Completed,Closed,Not Violated,Medium - P3,Enterprise Windows Team,07-04-2026 02:31,6d 10h,FALSE
1148731,Alarm,"ALARM: ""HoiChoi-x-CWM-x-ProdRevAmp-hoichoi-aws-aps1-prod-ecs-hoichoi-th..."" in Asia Pacific (Mumbai)",Closed,Not Violated,Critical - P1,Uptime Team,07-04-2026 02:32,6d 10h,FALSE
1148732,Alarm,"ALARM: ""AFPL-Prod-Seceon-CCE-Pub-1b-Memory-85%-#Alarms"" in Asia Pacific (Mumbai)",Closed,Not Violated,-,Uptime Team,07-04-2026 02:44,6d 9h,FALSE
1148734,Alarm,"ALARM: ""CTVN-Prod-DB-1b-CPU-85%-#Alarm"" in Asia Pacific (Mumbai)",Closed,Not Violated,Critical - P1,Uptime Team,07-04-2026 02:51,6d 9h,FALSE
1148735,Alarm,"ALARM: ""AFPL-Prod-Seceon-CCE-Pub-1b-Memory-85%-#Alarms"" in Asia Pacific (Mumbai)",Closed,Not Violated,-,Uptime Team,07-04-2026 02:53,6d 9h,FALSE
1148737,Alarm,"ALARM: ""ETEdge-TG-CDN-INSIGHTS-ET3TON8I54DZP-5xxErrorRate-Alarm"" in US East (N. Virginia)",Closed,Not Violated,Critical - P1,Uptime Team,07-04-2026 02:55,6d 9h,FALSE
1148738,Alarm,"ALARM: ""AFPL-Gold-Loan-UAT-DB-Memory-85%-#Alarm"" in Asia Pacific (Mumbai)",Closed,Not Violated,Critical - P1,Uptime Team,07-04-2026 03:02,6d 9h,FALSE
1148739,Alarm,"ALARM: ""ETEdge-TG-CDN-INSIGHTS-ET3TON8I54DZP-5xxErrorRate-Alarm"" in US East (N. Virginia)",Closed,Not Violated,Critical - P1,Uptime Team,07-04-2026 03:03,6d 9h,FALSE
1148740,Alarm,"ALARM: ""AFPL-Prod-Seceon-CCE-Pub-1b-Memory-85%-#Alarms"" in Asia Pacific (Mumbai)",Closed,Not Violated,-,Uptime Team,07-04-2026 03:04,6d 9h,FALSE
1148742,Alarm,"ALARM: ""sai-paramount-db-readreplicalag-#Alarm"" in Asia Pacific (Mumbai)",Closed,Not Violated,Critical - P1,Uptime Team,07-04-2026 03:06,6d 9h,FALSE
1148743,Alarm,"ALARM: ""sai-paramount-db-CPU-50%#Alarm"" in Asia Pacific (Mumbai)",Closed,Not Violated,Critical - P1,Uptime Team,07-04-2026 03:08,6d 9h,FALSE
1148744,Alarm,"ALARM: ""AFPL-Prod-Seceon-CCE-Pub-1b-Memory-85%-#Alarms"" in Asia Pacific (Mumbai)",Closed,Not Violated,-,Uptime Team,07-04-2026 03:10,6d 9h,FALSE
1148746,Alarm,"ALARM: ""KhimjiJwellers-Prod-DB-1b-/Backup-85%-#Alarm"" in Asia Pacific (Mumbai)",Closed,Not Violated,Critical - P1,Uptime Team,07-04-2026 03:11,6d 9h,FALSE
1148747,Alarm,"ALARM: ""sai-paramount-db-CPU-50%#Alarm"" in Asia Pacific (Mumbai)",Closed,Not Violated,Critical - P1,Uptime Team,07-04-2026 03:12,6d 9h,FALSE
1148748,Alarm,"ALARM: ""hoichoi-aws-aps1-prod-ecs-hoichoi-backend_high_memory_util_alarm"" in Asia Pacific (Mumbai)",Closed,Not Violated,Critical - P1,Uptime Team,07-04-2026 03:14,6d 9h,FALSE
1148749,Alarm,"ALARM: ""Kims-Hospital-KSRVPRDDB-Server-2b-Disk(/hana/backup)-85%-#Alarm"" in Asia Pacific (Hyderabad)",Closed,Not Violated,-,Uptime Team,07-04-2026 03:18,6d 9h,FALSE
1148750,Alarm,"ALARM: ""ETEdge-TG-CDN-INSIGHTS-ET3TON8I54DZP-5xxErrorRate-Alarm"" in US East (N. Virginia)",Closed,Not Violated,Critical - P1,Uptime Team,07-04-2026 03:18,6d 9h,FALSE
1148751,Alarm,"ALARM: ""HiraPanna-Prod-App1-1b-CPU-85%-#Alarm"" in Asia Pacific (Mumbai)",Closed,Not Violated,Critical - P1,Uptime Team,07-04-2026 03:19,6d 9h,FALSE
1148752,Alarm,"ALARM: ""AFPL-Prod-Seceon-CCE-Pub-1b-Memory-85%-#Alarms"" in Asia Pacific (Mumbai)",Closed,Not Violated,-,Uptime Team,07-04-2026 03:22,6d 9h,FALSE
1148754,Alarm,"ALARM: ""CTVN-Prod-DB-1b-CPU-85%-#Alarm"" in Asia Pacific (Mumbai)",Closed,Not Violated,Critical - P1,Uptime Team,07-04-2026 03:31,6d 9h,FALSE
1148755,Alarm,"ALARM: ""Softweb-GPS-Prod-(APP-DB)-1b-CPU-85%-#Alarm"" in Asia Pacific (Mumbai)",Closed,Not Violated,Critical - P1,Uptime Team,07-04-2026 03:31,6d 9h,FALSE
1148756,Alarm,"ALARM: ""HiraPanna-Prod-DB-1b-Disk(Root)-85%-#Alarm"" in Asia Pacific (Mumbai)",Closed,Not Violated,Critical - P1,Uptime Team,07-04-2026 03:32,6d 9h,FALSE
1148757,Alarm,"ALARM: ""softweb-srishti-rds-oracle-21c-Memory-85% #Alarm"" in Asia Pacific (Mumbai)",Closed,Not Violated,Critical - P1,Uptime Team,07-04-2026 03:34,6d 8h,FALSE
1148758,Alarm,"ALARM: ""ETEdge-TG-CDN-INSIGHTS-ET3TON8I54DZP-5xxErrorRate-Alarm"" in US East (N. Virginia)",Closed,Not Violated,Critical - P1,Uptime Team,07-04-2026 03:35,6d 8h,FALSE
1148759,Alarm,"ALARM: ""kfinaif-hex-uat-rds-oracle-CPU-85%-#Alarm"" in Asia Pacific (Mumbai)",Closed,Not Violated,Critical - P1,Uptime Team,07-04-2026 03:41,6d 8h,FALSE
1148760,Alarm,"ALARM: ""kfinaif-hex-uat-rds-oracle-CPU-85%-#Alarm"" in Asia Pacific (Mumbai)",Closed,Not Violated,Critical - P1,Uptime Team,07-04-2026 03:41,6d 8h,FALSE
1148761,Alarm,"ALARM: ""AFPL-Prod-Seceon-CCE-Pub-1b-Memory-85%-#Alarms"" in Asia Pacific (Mumbai)",Closed,Not Violated,-,Uptime Team,07-04-2026 03:51,6d 8h,FALSE
1148763,Alarm,"ALARM: ""CTVN-Prod-DB-1b-CPU-85%-#Alarm"" in Asia Pacific (Mumbai)",Closed,Not Violated,Critical - P1,Uptime Team,07-04-2026 03:51,6d 8h,FALSE
1148764,Alarm,"ALARM: ""CTVN-Prod-DB-1b-CPU-95%-#Alarm"" in Asia Pacific (Mumbai)",Closed,Not Violated,Critical - P1,Uptime Team,07-04-2026 03:52,6d 8h,FALSE
1148765,Alarm,"ALARM: ""AFPL-Prod-Seceon-CCE-Pub-1b-Memory-85%-#Alarms"" in Asia Pacific (Mumbai)",Closed,Not Violated,-,Uptime Team,07-04-2026 03:55,6d 8h,FALSE
1148767,Alarm,"ALARM: ""MataGroup-Prod-AppDB-Pub-1a-New-CPU-85%-#Alarm"" in Asia Pacific (Mumbai)",Closed,Not Violated,-,Uptime Team,07-04-2026 03:58,6d 8h,FALSE
1148768,Alarm,"ALARM: ""sai-paramount-db-readreplicalag-#Alarm"" in Asia Pacific (Mumbai)",Closed,Not Violated,Critical - P1,Uptime Team,07-04-2026 03:58,6d 8h,FALSE
1148769,Alarm,"ALARM: ""kfinpwm-hex-prod-rds-Low-FreeableMemory-15%-#Alarm"" in Asia Pacific (Mumbai)",Closed,Not Violated,Critical - P1,Uptime Team,07-04-2026 03:59,6d 8h,FALSE
1148770,Alarm,"ALARM: ""kfinpwm-hex-prod-rds-Low-FreeableMemory-15%-#Alarm"" in Asia Pacific (Mumbai)",Closed,Not Violated,Critical - P1,Uptime Team,07-04-2026 03:59,6d 8h,FALSE
1148771,Alarm,"ALARM: ""KhimjiJwellers-Prod-DB-1b-Memory-85%-Alarm"" in Asia Pacific (Mumbai)",Closed,Not Violated,Critical - P1,Uptime Team,07-04-2026 04:14,6d 8h,FALSE
1148772,Alarm,"ALARM: ""Magpet-Prod-SAP-New-Pub-NEW-CPU-85%-#Alarm"" in Asia Pacific (Mumbai)",Closed,Not Violated,-,Uptime Team,07-04-2026 04:16,6d 8h,FALSE
1148773,Alarm,"ALARM: ""Verma-Jewellers-Prod-ERP-1b-CPU-85%-#ALARM"" in Asia Pacific (Mumbai)",Closed,Not Violated,Critical - P1,Uptime Team,07-04-2026 04:17,6d 8h,FALSE
1148774,Alarm,"ALARM: ""AFPL-Prod-Seceon-CCE-Pub-1b-Memory-85%-#Alarms"" in Asia Pacific (Mumbai)",Closed,Not Violated,-,Uptime Team,07-04-2026 04:18,6d 8h,FALSE
1148776,Alarm,Bankify 7pay is Up,Closed,Not Violated,-,Uptime Team,07-04-2026 04:32,6d 8h,FALSE
1148777,Alarm,Bankify is Up,Closed,Not Violated,-,Uptime Team,07-04-2026 04:32,6d 8h,FALSE
1148778,Alarm,Bankify is Up,Closed,Not Violated,-,Uptime Team,07-04-2026 04:32,6d 8h,FALSE
1148779,Alarm,Bankify 7pay is Up,Closed,Not Violated,-,Uptime Team,07-04-2026 04:32,6d 8h,FALSE
1148780,Alarm,Bankify 7pay is Up,Closed,Not Violated,-,Uptime Team,07-04-2026 04:32,6d 8h,FALSE
1148781,Alarm,Bankify is Up,Closed,Not Violated,-,Uptime Team,07-04-2026 04:34,6d 7h,FALSE
1148782,Alarm,Bankify is Up,Closed,Not Violated,-,Uptime Team,07-04-2026 04:34,6d 7h,FALSE
1148783,Alarm,Bankify is Up,Closed,Not Violated,-,Uptime Team,07-04-2026 04:34,6d 7h,FALSE
1148784,Alarm,Bankify 7pay is Up,Closed,Not Violated,-,Uptime Team,07-04-2026 04:36,6d 7h,FALSE
1148785,Alarm,Bankify 7pay is Up,Closed,Not Violated,-,Uptime Team,07-04-2026 04:36,6d 7h,FALSE
1148786,Alarm,"ALARM: ""Absolute-Barbeque-Prod-Hana-1b-Disk-(/)-85%#Alarm"" in Asia Pacific (Mumbai)",Closed,Not Violated,Critical - P1,Uptime Team,07-04-2026 04:40,6d 7h,FALSE
1148787,Alarm,"ALARM: ""Absolute-Barbeque-Prod-Hana-1b-Disk-(/)-95%#Alarm"" in Asia Pacific (Mumbai)",Closed,Not Violated,Critical - P1,Uptime Team,07-04-2026 04:43,6d 7h,FALSE
1148788,Alarm,"ALARM: ""ETEdge-TG-CDN-INSIGHTS-ET3TON8I54DZP-5xxErrorRate-Alarm"" in US East (N. Virginia)",Closed,Not Violated,Critical - P1,Uptime Team,07-04-2026 04:43,6d 7h,FALSE
1148789,Alarm,Argus News is Down from multiple locations,Closed,Not Violated,-,Uptime Team,07-04-2026 04:45,6d 7h,FALSE
1148790,Alarm,Bankify is Up,Closed,Not Violated,-,Uptime Team,07-04-2026 04:45,6d 7h,FALSE
1148791,Alarm,Argus News is Up,Closed,Not Violated,-,Uptime Team,07-04-2026 04:45,6d 7h,FALSE
1148792,Alarm,"ALARM: ""AFPL-Prod-Seceon-CCE-Pub-1b-Memory-85%-#Alarms"" in Asia Pacific (Mumbai)",Closed,Not Violated,-,Uptime Team,07-04-2026 04:49,6d 7h,FALSE
1148794,Alarm,****Success : Daily Backup****KFIN-Database-Backup-Upload-Notification,Closed,Not Violated,Medium - P3,Uptime Team,07-04-2026 05:00,6d 7h,FALSE
1148795,Alarm,Arundhati Jewellers is Up,Closed,Not Violated,-,Uptime Team,07-04-2026 05:04,6d 7h,FALSE
1148796,Alarm,ATPL-JIE | https://admin-prod.jobsineducation.net/ is Down from multiple locations,Closed,Not Violated,-,Uptime Team,07-04-2026 05:04,6d 7h,FALSE
1148797,Alarm,Arundhati Jewellers is Up,Closed,Not Violated,-,Uptime Team,07-04-2026 05:05,6d 7h,FALSE
1148798,Alarm,ATPL-JIE | https://admin-prod.jobsineducation.net/ is Up,Closed,Not Violated,-,Uptime Team,07-04-2026 05:05,6d 7h,FALSE
1148799,Alarm,"ALARM: ""AFPL-Prod-Seceon-CCE-Pub-1b-Memory-85%-#Alarms"" in Asia Pacific (Mumbai)",Closed,Not Violated,-,Uptime Team,07-04-2026 05:17,6d 7h,FALSE
1148801,Alarm,"ALARM: ""softweb-srishti-rds-oracle-21c-Memory-85% #Alarm"" in Asia Pacific (Mumbai)",Closed,Not Violated,Critical - P1,Uptime Team,07-04-2026 05:20,6d 7h,FALSE
1148802,Alarm,"ALARM: ""SoftwebGloster-Prod-App-1b-CPU-85%-#Alarm"" in Asia Pacific (Mumbai)",Closed,Not Violated,Critical - P1,Uptime Team,07-04-2026 05:27,6d 7h,FALSE
1148803,Alarm,"ALARM: ""Kims-Hospital-KSRVPRDDB-Server-2b-Memory-90%-#Alarm"" in Asia Pacific (Hyderabad)",Closed,Not Violated,-,Uptime Team,07-04-2026 05:28,6d 7h,FALSE
1148804,Alarm,"ALARM: ""ARS-Steels-Prod-DB-1a-Disk D-85%-#Alarm"" in Asia Pacific (Mumbai)",Closed,Not Violated,Critical - P1,Uptime Team,07-04-2026 05:30,6d 7h,FALSE
1148805,Alarm,"ALARM: ""ALCircle-Dev-VPN-1b-CPU-95%-#Alarm"" in US East (Ohio)",Closed,Not Violated,Critical - P1,SMB Linux Team,07-04-2026 05:30,6d 7h,FALSE
1148806,Alarm,"ALARM: ""hoichoi-aws-aps1-prod-ecs-hoichoi-backend_high_memory_util_alarm"" in Asia Pacific (Mumbai)",Closed,Not Violated,Critical - P1,Uptime Team,07-04-2026 05:30,6d 7h,FALSE
1148807,Alarm,"ALARM: ""ALCircle-Dev-VPN-1b-CPU-85%-#Alarm"" in US East (Ohio)",Closed,Not Violated,Critical - P1,SMB Linux Team,07-04-2026 05:31,6d 7h,FALSE
1148808,Alarm,"ALARM: ""AMPL-eFIMO-Prod-AD-1b-Memory-95%-#Alarm"" in Asia Pacific (Mumbai)",Closed,Not Violated,-,Uptime Team,07-04-2026 05:35,6d 6h,FALSE
1148809,Alarm,"ALARM: ""anxiprodb-instace-1-new-16-01-rds#DatabaseConnections"" in Asia Pacific (Sydney)",Closed,Not Violated,Critical - P1,Uptime Team,07-04-2026 05:36,6d 6h,FALSE
1148810,Alarm,"ALARM: ""Arundhati-Jewellers-DB-1b-Disk(/)-85%-#Alarm"" in Asia Pacific (Mumbai)",Closed,Not Violated,Critical - P1,Uptime Team,07-04-2026 05:37,6d 6h,FALSE
1148811,Alarm,"ALARM: ""Kims-Hospital-Prod-Web-Server-1b-CPUUtilization-85% #Alarm"" in Asia Pacific (Mumbai)",Closed,Not Violated,-,Uptime Team,07-04-2026 05:37,6d 6h,FALSE
1148812,Alarm,"ALARM: ""Kims-Hospital-KSRVPRDDB-Server-2b-Memory-90%-#Alarm"" in Asia Pacific (Hyderabad)",Closed,Not Violated,-,Uptime Team,07-04-2026 05:41,6d 6h,FALSE
1148813,Alarm,"ALARM: ""AFPL-Prod-Seceon-CCE-Pub-1b-Memory-85%-#Alarms"" in Asia Pacific (Mumbai)",Closed,Not Violated,Critical - P1,Uptime Team,07-04-2026 05:42,6d 6h,FALSE
1148815,Alarm,"ALARM: ""anxiprodb-instace-1-new-16-01-rds#DatabaseConnections"" in Asia Pacific (Sydney)",Closed,Not Violated,Critical - P1,Uptime Team,07-04-2026 05:43,6d 6h,FALSE
1148816,Alarm,"ALARM: ""Kims-Hospital-KSRVPRDDB-Server-2b-Memory-90%-#Alarm"" in Asia Pacific (Hyderabad)",Closed,Not Violated,-,Uptime Team,07-04-2026 05:48,6d 6h,FALSE
1148817,Alarm,"ALARM: ""Arundhati-Jewellers-DB-1b-Disk(/backup)-95%-#Alarm"" in Asia Pacific (Mumbai)",Closed,Not Violated,Critical - P1,Uptime Team,07-04-2026 05:48,6d 6h,FALSE
1148818,Alarm,"ALARM: ""Arundhati-Jewellers-DB-1b-Disk(/)-95%-#Alarm"" in Asia Pacific (Mumbai)",Closed,Not Violated,Critical - P1,Uptime Team,07-04-2026 05:48,6d 6h,FALSE
1148819,Alarm,"ALARM: ""AFPL-Prod-Seceon-CCE-Pub-1b-Memory-85%-#Alarms"" in Asia Pacific (Mumbai)",Closed,Not Violated,Critical - P1,Uptime Team,07-04-2026 05:58,6d 6h,FALSE
1148821,Alarm,"ALARM: ""AMPL-eFIMO-Prod-AD-1b-Memory-95%-#Alarm"" in Asia Pacific (Mumbai)",Closed,Not Violated,-,Uptime Team,07-04-2026 06:02,6d 6h,FALSE
1148822,Alarm,"ALARM: ""SoftwebGloster-Prod-App-1b-Disk(C:)-85%-#Alarm"" in Asia Pacific (Mumbai)",Closed,Not Violated,Critical - P1,Uptime Team,07-04-2026 06:03,6d 6h,FALSE
1148823,Alarm,"ALARM: ""AMPL-eFIMO-Prod-AD-1b-Memory-95%-#Alarm"" in Asia Pacific (Mumbai)",Closed,Not Violated,-,Uptime Team,07-04-2026 06:04,6d 6h,FALSE
1148824,Alarm,"ALARM: ""Lux-Industries-Dev-ALB-(Prod)-UBQ-TG-3000-UnHealthyHostCount-#A..."" in Asia Pacific (Mumbai)",Closed,Not Violated,Critical - P1,Enterprise Linux Team,07-04-2026 06:04,6d 6h,FALSE
1148825,Alarm,Lux Industries | https://luxdms.in/promoClaims/Login is Up,Closed,Not Violated,-,Uptime Team,07-04-2026 06:05,6d 6h,FALSE
1148826,Alarm,"ALARM: ""Midland-Tableau-Prod-Server-1a_CPUUtilization_90%_#Alarm"" in Asia Pacific (Mumbai)",Closed,Not Violated,High - P2,Uptime Team,07-04-2026 06:07,6d 6h,FALSE
1148827,Alarm,"ALARM: ""S4-LTTS-Dev-App-StatusCheckFailed_Instance"" in Asia Pacific (Mumbai)",Closed,Not Violated,Critical - P1,Uptime Team,07-04-2026 06:07,6d 6h,FALSE
1148828,Alarm,"ALARM: ""Kims-Hospital-KSRVPRDDB-Server-2b-Memory-90%-#Alarm"" in Asia Pacific (Hyderabad)",Closed,Not Violated,-,Uptime Team,07-04-2026 06:08,6d 6h,FALSE
1148829,Alarm,"ALARM: ""AFPL-Prod-Seceon-CCE-Pub-1b-Memory-85%-#Alarms"" in Asia Pacific (Mumbai)",Closed,Not Violated,Critical - P1,Uptime Team,07-04-2026 06:13,6d 6h,FALSE
1148831,Alarm,"ALARM: ""softweb-srishti-rds-oracle-21c-Memory-85% #Alarm"" in Asia Pacific (Mumbai)",Closed,Not Violated,Critical - P1,Uptime Team,07-04-2026 06:17,6d 6h,FALSE
1148832,Alarm,"ALARM: ""Kims-Hospital-KSRVPRDDB-Server-2b-Memory-90%-#Alarm"" in Asia Pacific (Hyderabad)",Closed,Not Violated,-,Uptime Team,07-04-2026 06:18,6d 6h,FALSE
1148833,Alarm,Gabriels Technology is Down from multiple locations,Closed,Not Violated,-,Uptime Team,07-04-2026 06:18,6d 6h,FALSE
1148834,Alarm,Gabriels Technology is Up,Closed,Not Violated,-,Uptime Team,07-04-2026 06:23,6d 6h,FALSE
1148835,Alarm,"Important notice about your AWS Account regarding VPN connections [AWS Account: 294869348866, VPN Connection: vpn-0e6effc3b21b6ddfa, Tunnel Outside IP: 13.205.53.51]",Closed,Not Violated,Medium - P3,Uptime Team,07-04-2026 06:23,6d 6h,FALSE
1148836,Alarm,"ALARM: ""Arundhati-Jewellers-DB-1b-Disk(/)-85%-#Alarm"" in Asia Pacific (Mumbai)",Closed,Not Violated,Critical - P1,Uptime Team,07-04-2026 06:26,6d 6h,FALSE
1148837,Alarm,"ALARM: ""Kims-Hospital-KSRVPRDDB-Server-2b-Memory-90%-#Alarm"" in Asia Pacific (Hyderabad)",Closed,Not Violated,-,Uptime Team,07-04-2026 06:29,6d 6h,FALSE
1148838,Alarm,"ALARM: ""AFPL-Prod-Seceon-CCE-Pub-1b-Memory-85%-#Alarms"" in Asia Pacific (Mumbai)",Closed,Not Violated,-,Uptime Team,07-04-2026 06:31,6d 6h,FALSE
1148840,Alarm,"ALARM: ""ALCircle-Dev-VPN-1b-StatusCheckFailed_Instance-#Alarm"" in US East (Ohio)",Closed,Not Violated,Critical - P1,SMB Linux Team,07-04-2026 06:32,6d 6h,FALSE
1148841,Alarm,"ALARM: ""Arukus-PROD-APP-CPU-85% #Alarm"" in Asia Pacific (Mumbai)",Closed,Not Violated,Critical - P1,Uptime Team,07-04-2026 06:33,6d 6h,FALSE
1148842,Alarm,"ALARM: ""SoftwebGloster-Prod-App-1b-CPU-85%-#Alarm"" in Asia Pacific (Mumbai)",Closed,Not Violated,Critical - P1,Uptime Team,07-04-2026 06:34,6d 5h,FALSE
1148843,Alarm,"ALARM: ""Kims-Hospital-KSRVPRDDB-Server-2b-Memory-90%-#Alarm"" in Asia Pacific (Hyderabad)",Closed,Not Violated,-,Uptime Team,07-04-2026 06:36,6d 5h,FALSE
1148844,Alarm,"ALARM: ""Kims-Hospital-KSRVPRDDB-Server-2b-Memory-90%-#Alarm"" in Asia Pacific (Hyderabad)",Closed,Not Violated,-,Uptime Team,07-04-2026 06:46,6d 5h,FALSE
1148845,Alarm,"ALARM: ""AFPL-Prod-Seceon-CCE-Pub-1b-Memory-85%-#Alarms"" in Asia Pacific (Mumbai)",Closed,Not Violated,-,Uptime Team,07-04-2026 06:50,6d 5h,FALSE
1148847,Alarm,"ALARM: ""AMPL-eFIMO-Prod-AD-1b-Memory-95%-#Alarm"" in Asia Pacific (Mumbai)",Closed,Not Violated,-,Uptime Team,07-04-2026 06:58,6d 5h,FALSE
1148848,Alarm,Argus News is Down from multiple locations,Closed,Not Violated,-,Uptime Team,07-04-2026 06:58,6d 5h,FALSE
1148849,Alarm,Argus News is Up,Closed,Not Violated,-,Uptime Team,07-04-2026 07:00,6d 5h,FALSE
1148850,Alarm,RICB is Up,Closed,Not Violated,-,Uptime Team,07-04-2026 07:04,6d 5h,FALSE
1148851,Alarm,"ALARM: ""BDG-Metal-Prod-App-1b-Disk(C:)85%#Alarm"" in Asia Pacific (Mumbai)",Closed,Not Violated,High - P2,Uptime Team,07-04-2026 07:05,6d 5h,FALSE
1148852,Alarm,Lux Industries | https://luxind.in/login is Up,Closed,Not Violated,-,Uptime Team,07-04-2026 07:06,6d 5h,FALSE
1148853,Alarm,"ALARM: ""SoftwebGloster-Prod-App-1b-CPU-85%-#Alarm"" in Asia Pacific (Mumbai)",Closed,Not Violated,Critical - P1,Uptime Team,07-04-2026 07:06,6d 5h,FALSE
1148854,Alarm,"ALARM: ""AFPL-Prod-Seceon-CCE-Pub-1b-Memory-85%-#Alarms"" in Asia Pacific (Mumbai)",Closed,Not Violated,-,Uptime Team,07-04-2026 07:07,6d 5h,FALSE
1148856,Alarm,"ALARM: ""AMPL-eFIMO-Prod-AD-1b-Memory-95%-#Alarm"" in Asia Pacific (Mumbai)",Closed,Not Violated,-,Uptime Team,07-04-2026 07:16,6d 5h,FALSE
1148857,Alarm,"ALARM: ""AFPL-Prod-Seceon-CCE-Pub-1b-Memory-85%-#Alarms"" in Asia Pacific (Mumbai)",Closed,Not Violated,-,Uptime Team,07-04-2026 07:17,6d 5h,FALSE
1148859,Alarm,"ALARM: ""AMPL-eFIMO-Prod-AD-1b-Memory-95%-#Alarm"" in Asia Pacific (Mumbai)",Closed,Not Violated,-,Uptime Team,07-04-2026 07:18,6d 5h,FALSE
1148860,Alarm,"ALARM: ""Trackfour-New-Windows-Server-CPU-85%-#Alarm"" in Asia Pacific (Mumbai)",Closed,Not Violated,Critical - P1,Uptime Team,07-04-2026 07:19,6d 5h,FALSE
1148861,Alarm,"ALARM: ""SoftwebGloster-Prod-App-1b-CPU-85%-#Alarm"" in Asia Pacific (Mumbai)",Closed,Not Violated,Critical - P1,Uptime Team,07-04-2026 07:22,6d 5h,FALSE
1148862,Alarm,"ALARM: ""AFPL-Prod-Seceon-CCE-Pub-1b-Memory-85%-#Alarms"" in Asia Pacific (Mumbai)",Closed,Not Violated,-,Uptime Team,07-04-2026 07:26,6d 5h,FALSE
1148864,Alarm,"ALARM: ""anxiprodb-instace-1-new-16-01-rds#DatabaseConnections"" in Asia Pacific (Sydney)",Closed,Not Violated,Critical - P1,Uptime Team,07-04-2026 07:26,6d 5h,FALSE
1148865,Alarm,"ALARM: ""AFPL-Prod-Seceon-CCE-Pub-1b-Memory-85%-#Alarms"" in Asia Pacific (Mumbai)",Closed,Not Violated,-,Uptime Team,07-04-2026 07:29,6d 5h,FALSE
1148866,Client,SH-ES-NS-7th March,Closed,Not Violated,--Select--,-,07-04-2026 07:29,6d 5h,FALSE
1148868,Alarm,"ALARM: ""anxiprodb-instace-1-new-16-01-rds#DatabaseConnections"" in Asia Pacific (Sydney)",Closed,Not Violated,Critical - P1,Uptime Team,07-04-2026 07:30,6d 5h,FALSE
1148870,Alarm,"ALARM: ""AMPL-eFIMO-Prod-AD-1b-Memory-95%-#Alarm"" in Asia Pacific (Mumbai)",Closed,Not Violated,-,Uptime Team,07-04-2026 07:32,6d 5h,FALSE
1148871,Alarm,"ALARM: ""CTVN-Prod-DB-1b-CPU-85%-#Alarm"" in Asia Pacific (Mumbai)",Closed,Not Violated,Critical - P1,Uptime Team,07-04-2026 07:32,6d 5h,FALSE
1148872,Alarm,"ALARM: ""softweb-srishti-rds-oracle-21c-Memory-85% #Alarm"" in Asia Pacific (Mumbai)",Closed,Not Violated,Critical - P1,Uptime Team,07-04-2026 07:34,6d 4h,FALSE
1148873,Alarm,"ALARM: ""AMPL-eFIMO-Prod-RDB-1b-CPU-95%-#Alarm"" in Asia Pacific (Mumbai)",Closed,Not Violated,-,Uptime Team,07-04-2026 07:36,6d 4h,FALSE
1148874,Alarm,"ALARM: ""AMPL-eFIMO-Prod-RDB-1b-CPU-90%-#Alarm"" in Asia Pacific (Mumbai)",Closed,Not Violated,Critical - P1,Uptime Team,07-04-2026 07:36,6d 4h,FALSE
1148875,Alarm,"ALARM: ""AFPL-Prod-Seceon-CCE-Pub-1b-Memory-85%-#Alarms"" in Asia Pacific (Mumbai)",Closed,Not Violated,-,Uptime Team,07-04-2026 07:36,6d 4h,FALSE
1148876,Alarm,CTVN | https://calcuttatelevisionnetwork.in/ is Down from multiple locations,Closed,Not Violated,-,Uptime Team,07-04-2026 07:36,6d 4h,FALSE
1148877,Alarm,CTVN | https://db.calcuttatelevisionnetwork.in/ is Down from multiple locations,Closed,Not Violated,-,Uptime Team,07-04-2026 07:36,6d 4h,FALSE
1148879,Alarm,"ALARM: ""CTVN-Prod-DB-1b-CPU-95%-#Alarm"" in Asia Pacific (Mumbai)",Closed,Not Violated,Critical - P1,Uptime Team,07-04-2026 07:37,6d 4h,FALSE
1148880,Alarm,CTVN | https://db.calcuttatelevisionnetwork.in/ is Up,Closed,Not Violated,-,Uptime Team,07-04-2026 07:39,6d 4h,FALSE
1148881,Alarm,SAP Backup Status Report,Closed,Not Violated,Medium - P3,Uptime Team,07-04-2026 07:40,6d 4h,FALSE
1148882,Alarm,"ALARM: ""anxiprodb-instace-1-new-16-01-rds#DatabaseConnections"" in Asia Pacific (Sydney)",Closed,Not Violated,Critical - P1,Uptime Team,07-04-2026 07:40,6d 4h,FALSE
1148883,Alarm,CTVN | https://calcuttatelevisionnetwork.in/ is Up,Closed,Not Violated,-,Uptime Team,07-04-2026 07:41,6d 4h,FALSE
1148885,Alarm,"ALARM: ""AMPL-eFIMO-Prod-RDB-1b-CPU-95%-#Alarm"" in Asia Pacific (Mumbai)",Closed,Not Violated,-,Uptime Team,07-04-2026 07:42,6d 4h,FALSE
1148886,Alarm,"ALARM: ""anxiprodb-instace-1-new-16-01-rds#DatabaseConnections"" in Asia Pacific (Sydney)",Closed,Not Violated,Critical - P1,Uptime Team,07-04-2026 07:44,6d 4h,FALSE
1148887,Alarm,"ALARM: ""Single-Page-Utility-VM-CPU-85% #Alarm"" in Asia Pacific (Mumbai)",Closed,Not Violated,Critical - P1,Uptime Team,07-04-2026 07:51,6d 4h,FALSE
1148890,Client,|| Argus News || Audit Jan 2026 ||,Waiting On Third Party,Response Violation,Medium - P3,DevOps Team,07-04-2026 07:54,6d 4h,TRUE
1148891,Alarm,"ALARM: ""AMPL-eFIMO-Prod-DB1-1b-CPU-90%-#Alarm"" in Asia Pacific (Mumbai)",Closed,Not Violated,Critical - P1,Uptime Team,07-04-2026 07:56,6d 4h,FALSE
1148892,Alarm,Argus News is Down from Mumbai - IN,Closed,Not Violated,-,Uptime Team,07-04-2026 08:00,6d 4h,FALSE
1148893,Alarm,Argus News is Up,Closed,Not Violated,-,Uptime Team,07-04-2026 08:01,6d 4h,FALSE
1148894,Alarm,Lux Industries | https://luxindustries.co.in/luxadtracker/login is Up,Closed,Not Violated,-,Uptime Team,07-04-2026 08:04,6d 4h,FALSE
1148895,Alarm,IKF Finance is Up,Closed,Not Violated,-,Uptime Team,07-04-2026 08:04,6d 4h,FALSE
1148897,Alarm,"ALARM: ""Gemtech-SAP-B1-Server-Window-2022-CPU-95%-#Alarm"" in Asia Pacific (Mumbai)",Closed,Not Violated,Critical - P1,Uptime Team,07-04-2026 08:07,6d 4h,FALSE
1148896,Alarm,"ALARM: ""Gemtech-SAP-B1-Server-Window-2022-CPU-85%-#Alarm"" in Asia Pacific (Mumbai)",Closed,Not Violated,Critical - P1,Uptime Team,07-04-2026 08:07,6d 4h,FALSE
1148898,Client,Urgent access required,Closed,Not Violated,Medium - P3,DevOps Team,07-04-2026 08:10,6d 4h,FALSE
1148901,Alarm,"ALARM: ""RuchiFoodline-Prod-S4HANA-DB-1b-Memory-85%#Alarm"" in Asia Pacific (Mumbai)",Closed,Not Violated,Critical - P1,Uptime Team,07-04-2026 08:22,6d 4h,FALSE
1148902,Alarm,"ALARM: ""ETEdge-TG-CDN-ASG-E335QIABR4R65K-5xxErrorRate-Alarm"" in US East (N. Virginia)",Closed,Not Violated,Critical - P1,Uptime Team,07-04-2026 08:22,6d 4h,FALSE
1148903,Alarm,Argus News is Down from multiple locations,Closed,Not Violated,-,Uptime Team,07-04-2026 08:25,6d 4h,FALSE
1148904,Alarm,"ALARM: ""anxiprodb-instace-1-new-16-01-rds#DatabaseConnections"" in Asia Pacific (Sydney)",Closed,Not Violated,Critical - P1,Uptime Team,07-04-2026 08:25,6d 4h,FALSE
1148905,Alarm,Argus News is Up,Closed,Not Violated,-,Uptime Team,07-04-2026 08:27,6d 4h,FALSE
1148906,Alarm,"ALARM: ""softweb-srishti-rds-oracle-21c-Memory-85% #Alarm"" in Asia Pacific (Mumbai)",Closed,Not Violated,Critical - P1,Uptime Team,07-04-2026 08:33,6d 4h,FALSE
1148907,Alarm,"ALARM: ""BDG-Metal-Prod-DB-1b-Disk(D:)-90%#Alarm"" in Asia Pacific (Mumbai)",Closed,Not Violated,-,Uptime Team,07-04-2026 08:33,6d 3h,FALSE
1148908,Alarm,"ALARM: ""Absolute-Barbeque-Prod-SAPB1-1b-Disk(E:)-85%#Alarm"" in Asia Pacific (Mumbai)",Closed,Not Violated,Critical - P1,Uptime Team,07-04-2026 08:35,6d 3h,FALSE
1148912,Alarm,"Important notice about your AWS Account regarding VPN connections [AWS Account: 415348423851, VPN Connection: vpn-062a794196379bcc8, Tunnel Outside IP: 43.204.11.195]",Closed,Not Violated,Medium - P3,Uptime Team,07-04-2026 08:48,6d 3h,FALSE
1148913,Alarm,In10Media is Down from multiple locations,Closed,Not Violated,-,Uptime Team,07-04-2026 08:50,6d 3h,FALSE
1148914,Alarm,"ALARM: ""www.latestly.com-5XX-error-above-5%-for-5mins#ALARM"" in US East (N. Virginia)",Closed,Not Violated,Critical - P1,Uptime Team,07-04-2026 08:50,6d 3h,FALSE
1148918,Alarm,"ALARM: ""MK-Agro-PRD-SSFA-DBP-01-CPU-85%-#Alarm"" in Asia Pacific (Mumbai)",Closed,Not Violated,Critical - P1,Uptime Team,07-04-2026 08:52,6d 3h,FALSE
1148919,Alarm,In10Media is Up,Closed,Not Violated,-,Uptime Team,07-04-2026 08:53,6d 3h,FALSE
1148920,Alarm,"ALARM: ""kfinpwm-hex-prod-rds-Low-FreeableMemory-15%-#Alarm"" in Asia Pacific (Mumbai)",Closed,Not Violated,Critical - P1,Uptime Team,07-04-2026 08:55,6d 3h,FALSE
1148921,Alarm,"ALARM: ""kfinpwm-hex-prod-rds-Low-FreeableMemory-15%-#Alarm"" in Asia Pacific (Mumbai)",Closed,Not Violated,Critical - P1,Uptime Team,07-04-2026 08:55,6d 3h,FALSE
1148924,Alarm,Argus News is Down from multiple locations,Closed,Not Violated,-,Uptime Team,07-04-2026 08:56,6d 3h,FALSE
1148925,Alarm,"ALARM: ""anxiprodb-instace-1-new-16-01-rds#DatabaseConnections"" in Asia Pacific (Sydney)",Closed,Not Violated,Critical - P1,Uptime Team,07-04-2026 08:56,6d 3h,FALSE
1148926,Alarm,Argus News is Up,Closed,Not Violated,-,Uptime Team,07-04-2026 08:58,6d 3h,FALSE
1148927,Alarm,AWS Notification Message,Closed,Not Violated,Medium - P3,Uptime Team,07-04-2026 09:00,6d 3h,FALSE
1148928,Alarm,AWS Notification Message,Closed,Not Violated,Medium - P3,Uptime Team,07-04-2026 09:00,6d 3h,FALSE
1148929,Alarm,AWS Notification Message,Closed,Not Violated,Medium - P3,Uptime Team,07-04-2026 09:00,6d 3h,FALSE
1148932,Alarm,Shifa Hospitals is Up,Closed,Not Violated,-,Uptime Team,07-04-2026 09:02,6d 3h,FALSE
1148933,Alarm,"ALARM: ""softweb-srishti-rds-oracle-21c-Memory-85% #Alarm"" in Asia Pacific (Mumbai)",Closed,Not Violated,Critical - P1,Uptime Team,07-04-2026 09:03,6d 3h,FALSE
1148934,Alarm,"ALARM: ""MK-Agro-PRD-SSFA-DBP-01-CPU-85%-#Alarm"" in Asia Pacific (Mumbai)",Closed,Not Violated,Critical - P1,Uptime Team,07-04-2026 09:04,6d 3h,FALSE
1148937,Alarm,"ALARM: ""Bazoki-Prod-DB-1b-CPU-85%-#Alarm"" in Asia Pacific (Mumbai)",Closed,Not Violated,Critical - P1,Uptime Team,07-04-2026 09:16,6d 3h,FALSE
1148938,Alarm,"ALARM: ""MK-Agro-PRD-SSFA-DBP-01-CPU-85%-#Alarm"" in Asia Pacific (Mumbai)",Closed,Not Violated,Critical - P1,Uptime Team,07-04-2026 09:20,6d 3h,FALSE
1148939,Alarm,"ALARM: ""SoftWeb-DB-Pvt-1b-#CPUUtilization-95%-#ALARM"" in Asia Pacific (Mumbai)",Closed,Not Violated,Critical - P1,Uptime Team,07-04-2026 09:21,6d 3h,FALSE
1148940,Alarm,"ALARM: ""Bazoki-Prod-DB-1b-CPU-85%-#Alarm"" in Asia Pacific (Mumbai)",Closed,Not Violated,Critical - P1,Uptime Team,07-04-2026 09:21,6d 3h,FALSE
1148941,Alarm,"ALARM: ""AMPL-eFIMO-Prod-DB1-1b-CPU-90%-#Alarm"" in Asia Pacific (Mumbai)",Closed,Not Violated,Critical - P1,Uptime Team,07-04-2026 09:24,6d 3h,FALSE
1148944,Alarm,"ALARM: ""AMPL-eFIMO-Prod-DB1-1b-CPU-95%-#Alarm"" in Asia Pacific (Mumbai)",Closed,Not Violated,-,Uptime Team,07-04-2026 09:26,6d 3h,FALSE
1148945,Alarm,Argus News is Down from multiple locations,Closed,Not Violated,-,Uptime Team,07-04-2026 09:27,6d 3h,FALSE
1148946,Alarm,Argus News is Up,Closed,Not Violated,-,Uptime Team,07-04-2026 09:29,6d 3h,FALSE
1148947,Alarm,"ALARM: ""ARS-Steels-Prod-DB-1a-Disk D-85%-#Alarm"" in Asia Pacific (Mumbai)",Closed,Not Violated,Critical - P1,Uptime Team,07-04-2026 09:29,6d 3h,FALSE
1148948,Alarm,"ALARM: ""anxiprodb-instace-1-new-16-01-rds#DatabaseConnections"" in Asia Pacific (Sydney)",Closed,Not Violated,Critical - P1,Uptime Team,07-04-2026 09:29,6d 3h,FALSE
1148951,Alarm,"ALARM: ""MK-Agro-PRD-SSFA-DBP-01-CPU-85%-#Alarm"" in Asia Pacific (Mumbai)",Closed,Not Violated,Critical - P1,Uptime Team,07-04-2026 09:32,6d 3h,FALSE
1148952,Alarm,"ALARM: ""toorey-prod-rds-tooreymsg-CPUUtilization-stat-max-35%-#Alarm"" in US East (N. Virginia)",Closed,Not Violated,Critical - P1,DevOps Team,07-04-2026 09:32,6d 3h,FALSE
1148953,Alarm,"ALARM: ""ABM-Technomatrix-Prod-Web/DB-1a-New-Disk(C)-85%-#Alarm"" in Asia Pacific (Mumbai)",Closed,Not Violated,Critical - P1,Uptime Team,07-04-2026 09:35,6d 2h,FALSE
1148954,Alarm,"ALARM: ""ABM-Technomatrix-Prod-Web/DB-1a-New-Disk(C)-85%-#Alarm"" in Asia Pacific (Mumbai)",Closed,Not Violated,Critical - P1,Uptime Team,07-04-2026 09:35,6d 2h,FALSE
1148957,Alarm,"ALARM: ""Dev_DevOps_test-Prod-Memory-85%#Alarm"" in Asia Pacific (Mumbai)",Closed,Not Violated,Critical - P1,Uptime Team,07-04-2026 09:46,6d 2h,FALSE
1148958,Alarm,"ALARM: ""AMPL-eFIMO-Prod-DB1-1b-CPU-95%-#Alarm"" in Asia Pacific (Mumbai)",Closed,Not Violated,-,Uptime Team,07-04-2026 09:46,6d 2h,FALSE
1148959,Alarm,"ALARM: ""KhimjiJwellers-ERP-App+MSSQLDB-Server-1b-CPU-85%-#Alarm"" in Asia Pacific (Mumbai)",Closed,Not Violated,Critical - P1,Uptime Team,07-04-2026 09:51,6d 2h,FALSE
1148960,Alarm,"ALARM: ""KhimjiJwellers-ERP-App+MSSQLDB-Server-1b-CPU-95%-#Alarm"" in Asia Pacific (Mumbai)",Closed,Not Violated,Critical - P1,Uptime Team,07-04-2026 09:51,6d 2h,FALSE
1148962,Alarm,"ALARM: ""anxiprodb-instace-1-new-16-01-rds#DatabaseConnections"" in Asia Pacific (Sydney)",Closed,Not Violated,Critical - P1,Uptime Team,07-04-2026 09:54,6d 2h,FALSE
1148961,Alarm,"ALARM: ""ETEdge-TG-CDN-INSIGHTS-ET3TON8I54DZP-5xxErrorRate-Alarm"" in US East (N. Virginia)",Closed,Not Violated,Critical - P1,Uptime Team,07-04-2026 09:54,6d 2h,FALSE
1148963,Alarm,"ALARM: ""Ankura-Hospitals-Prod-SAPB1-1b-DISK-C-85%-#ALARM"" in Asia Pacific (Mumbai)",Closed,Not Violated,Critical - P1,Uptime Team,07-04-2026 09:55,6d 2h,FALSE
1148964,Alarm,"ALARM: ""anxiprodb-instace-1-new-16-01-rds#DatabaseConnections"" in Asia Pacific (Sydney)",Closed,Not Violated,Critical - P1,Uptime Team,07-04-2026 09:56,6d 2h,FALSE
1148965,Alarm,Argus News is Down from multiple locations,Closed,Not Violated,-,Uptime Team,07-04-2026 10:02,6d 2h,FALSE
1148967,Alarm,Argus News is Up,Closed,Not Violated,-,Uptime Team,07-04-2026 10:03,6d 2h,FALSE
1148968,Alarm,"ALARM: ""ETEdge-TG-CDN-INSIGHTS-ET3TON8I54DZP-5xxErrorRate-Alarm"" in US East (N. Virginia)",Closed,Not Violated,Critical - P1,Uptime Team,07-04-2026 10:03,6d 2h,FALSE
1148970,Alarm,"ALARM: ""anxiprodb-instace-1-new-16-01-rds#DatabaseConnections"" in Asia Pacific (Sydney)",Closed,Not Violated,Critical - P1,Uptime Team,07-04-2026 10:13,6d 2h,FALSE
1148971,Alarm,"ALARM: ""Ankura-Hospitals-Prod-SAPB1-1b-DISK-C-85%-#ALARM"" in Asia Pacific (Mumbai)",Closed,Not Violated,Critical - P1,Uptime Team,07-04-2026 10:20,6d 2h,FALSE
1148972,Alarm,"ALARM: ""Kims-Hospital-Prod-Web-Server-1b-CPUUtilization-85% #Alarm"" in Asia Pacific (Mumbai)",Closed,Not Violated,-,Uptime Team,07-04-2026 10:22,6d 2h,FALSE
1148973,Alarm,"ALARM: ""GnsqGlobal-Prod-APP-DB-Server-1b-CPU-Utilization-95% #Alarm"" in Asia Pacific (Mumbai)",Closed,Not Violated,Critical - P1,Uptime Team,07-04-2026 10:23,6d 2h,FALSE
1148974,Alarm,"ALARM: ""AFPL-Gold-Loan-UAT-App-Memory-85%-#Alarm"" in Asia Pacific (Mumbai)",Closed,Not Violated,Critical - P1,Uptime Team,07-04-2026 10:23,6d 2h,FALSE
1148975,Client,Workmates Backup - No successful backups reminder,Closed,Not Violated,Medium - P3,Uptime Team,07-04-2026 10:24,6d 2h,FALSE
1148976,Alarm,"ALARM: ""ARS-Steels-Prod-APP-1a-CPU-90%-#Alarm"" in Asia Pacific (Mumbai)",Closed,Not Violated,-,Uptime Team,07-04-2026 10:27,6d 2h,FALSE
1148977,Alarm,"Important notice about your AWS Account regarding VPN connections [AWS Account: 796973495311, VPN Connection: vpn-03693b4225cb34391, Tunnel Outside IP: 65.1.209.26]",Closed,Not Violated,Medium - P3,Uptime Team,07-04-2026 10:28,6d 2h,FALSE
1148978,Alarm,"ALARM: ""AMPL-MSME-Prod-PDB-1b-Memory-85%-#Alarm"" in Asia Pacific (Mumbai)",Closed,Not Violated,Critical - P1,Uptime Team,07-04-2026 10:28,6d 2h,FALSE
1148979,Alarm,"ALARM: ""AMPL-MSME-Prod-PDB-1b-Memory-85%-#Alarm"" in Asia Pacific (Mumbai)",Closed,Not Violated,Critical - P1,Uptime Team,07-04-2026 10:29,6d 2h,FALSE
1148980,Alarm,"ALARM: ""anxiprodb-instace-1-new-16-01-rds#DatabaseConnections"" in Asia Pacific (Sydney)",Closed,Not Violated,Critical - P1,Uptime Team,07-04-2026 10:30,6d 2h,FALSE
1148981,Alarm,"ALARM: ""KhimjiJwellers-ERP-App+MSSQLDB-Server-1b-CPU-85%-#Alarm"" in Asia Pacific (Mumbai)",Closed,Not Violated,Critical - P1,Uptime Team,07-04-2026 10:31,6d 2h,FALSE
1148982,Alarm,"ALARM: ""KhimjiJwellers-ERP-App+MSSQLDB-Server-1b-CPU-95%-#Alarm"" in Asia Pacific (Mumbai)",Closed,Not Violated,Critical - P1,Uptime Team,07-04-2026 10:32,6d 2h,FALSE
1148983,Alarm,"ALARM: ""JF-TU-FSx-FS-StorageCapacityUtilization-95%-#Alarm"" in Asia Pacific (Mumbai)",Closed,Not Violated,-,DevOps Team,07-04-2026 10:34,6d 1h,FALSE
1148984,Alarm,"ALARM: ""BDG-Metal-Prod-App-1b-C.P.U-85%#Alarm"" in Asia Pacific (Mumbai)",Closed,Not Violated,High - P2,Uptime Team,07-04-2026 10:37,6d 1h,FALSE
1148985,Client,Re:Re: [## 1120175 ##] Reconfiguration and troubleshooting of Mysql Server,Closed,Not Violated,Medium - P3,Enterprise Linux Team,07-04-2026 10:37,6d 1h,FALSE
1148986,Alarm,"ALARM: ""ARS-Steels-Prod-APP-1a-CPU-90%-#Alarm"" in Asia Pacific (Mumbai)",Closed,Not Violated,-,Uptime Team,07-04-2026 10:42,6d 1h,FALSE
1148987,Alarm,"ALARM: ""GnsqGlobal-Prod-APP-DB-Server-1b-CPU-Utilization-95% #Alarm"" in Asia Pacific (Mumbai)",Closed,Not Violated,Critical - P1,Uptime Team,07-04-2026 10:42,6d 1h,FALSE
1148988,Alarm,"ALARM: ""ARS-Steels-Prod-APP-1a-CPU-95%-#Alarm"" in Asia Pacific (Mumbai)",Closed,Not Violated,-,Uptime Team,07-04-2026 10:42,6d 1h,FALSE
1148989,Alarm,"ALARM: ""softweb-srishti-rds-oracle-21c-Memory-85% #Alarm"" in Asia Pacific (Mumbai)",Closed,Not Violated,Critical - P1,Uptime Team,07-04-2026 10:44,6d 1h,FALSE
1148990,Client,screen painter issue with VPN,Awaiting Customer Response,Response Violation,Medium - P3,Enterprise Linux Team,07-04-2026 10:45,6d 1h,FALSE
1148991,Alarm,"ALARM: ""AMPL-MSME-Prod-PDB-1b-Memory-85%-#Alarm"" in Asia Pacific (Mumbai)",Closed,Not Violated,Critical - P1,Uptime Team,07-04-2026 10:47,6d 1h,FALSE
1148992,Alarm,"ALARM: ""AMPL-MSME-Prod-PDB-1b-Memory-85%-#Alarm"" in Asia Pacific (Mumbai)",Closed,Not Violated,Critical - P1,Uptime Team,07-04-2026 10:48,6d 1h,FALSE
1148993,Alarm,"ALARM: ""BDG-Metal-Prod-App-1b-C.P.U-85%#Alarm"" in Asia Pacific (Mumbai)",Closed,Not Violated,High - P2,Uptime Team,07-04-2026 10:49,6d 1h,FALSE
1148994,Client,Production DB Backup,Closed,Not Violated,Medium - P3,Enterprise Linux Team,07-04-2026 10:49,6d 1h,FALSE
1148995,Alarm,"ALARM: ""BDG-Metal-Prod-App-1b-C.P.U-85%#Alarm"" in Asia Pacific (Mumbai)",Closed,Not Violated,High - P2,Uptime Team,07-04-2026 10:57,6d 1h,FALSE
1148996,Alarm,"ALARM: ""sepl-prod-mysql-RDS-DBconnections-200-#Alarm"" in Asia Pacific (Mumbai)",Closed,Not Violated,Critical - P1,Uptime Team,07-04-2026 10:59,6d 1h,FALSE
1148997,Alarm,"ALARM: ""softweb-srishti-rds-oracle-21c-Memory-85% #Alarm"" in Asia Pacific (Mumbai)",Closed,Not Violated,Critical - P1,Uptime Team,07-04-2026 11:00,6d 1h,FALSE
1148998,Alarm,"ALARM: ""ARS-Steels-Prod-APP-1a-CPU-95%-#Alarm"" in Asia Pacific (Mumbai)",Closed,Not Violated,-,Uptime Team,07-04-2026 11:03,6d 1h,FALSE
1148999,Alarm,"ALARM: ""sepl-prod-mysql-RDS-DBconnections-200-#Alarm"" in Asia Pacific (Mumbai)",Closed,Not Violated,Critical - P1,Uptime Team,07-04-2026 11:08,6d 1h,FALSE
1149000,Alarm,"ALARM: ""Innovel-Tally-server-Pub-1b-cpu-85%-alarm"" in Asia Pacific (Mumbai)",Closed,Not Violated,-,Uptime Team,07-04-2026 11:09,6d 1h,FALSE
1149001,Alarm,"ALARM: ""Arukus-UAT-APP-CPU-85%-#Alarm"" in Asia Pacific (Mumbai)",Closed,Not Violated,Critical - P1,Uptime Team,07-04-2026 11:10,6d 1h,FALSE
1149002,Alarm,"ALARM: ""KFIN-AIF-Dezerv-PMS-PROD-1b-CPU-85%-#Alarm"" in Asia Pacific (Mumbai)",Closed,Not Violated,Critical - P1,Uptime Team,07-04-2026 11:11,6d 1h,FALSE
1149003,Alarm,"ALARM: ""anxiprodb-instace-1-new-16-01-rds#DatabaseConnections"" in Asia Pacific (Sydney)",Closed,Not Violated,Critical - P1,Uptime Team,07-04-2026 11:13,6d 1h,FALSE
1149004,Alarm,"ALARM: ""LeeNee-Rama-Overseas-Prod-App-1b-Disk(C)-VolumeAvgThroughput#Alarm"" in Asia Pacific (Mumbai)",Closed,Not Violated,Critical - P1,Uptime Team,07-04-2026 11:14,6d 1h,FALSE
1149005,Alarm,Lux Industries | https://lyra.genefied.co/ is Down from multiple locations,Closed,Not Violated,-,Enterprise Linux Team,07-04-2026 11:16,6d 1h,FALSE
1149006,Client,RE: KIMS PACS Cost Discussion.,Internal Dependency,Not Violated,Medium - P3,Enterprise Windows Team,07-04-2026 11:16,6d 1h,FALSE
1149007,Alarm,"ALARM: ""Sri-Madhuram-Prod-App-1b-CPU-85%-#Alarm"" in Asia Pacific (Mumbai)",Closed,Not Violated,Critical - P1,Uptime Team,07-04-2026 11:17,6d 1h,FALSE
1149008,Alarm,"ALARM: ""BDG-Metal-Prod-App-1b-C.P.U-85%#Alarm"" in Asia Pacific (Mumbai)",Closed,Not Violated,High - P2,Uptime Team,07-04-2026 11:17,6d 1h,FALSE
1149009,Alarm,"ALARM: ""Critical-Sri-Madhuram-Prod-App-1b-CPU-95%-#Alarm"" in Asia Pacific (Mumbai)",Closed,Not Violated,Critical - P1,Uptime Team,07-04-2026 11:17,6d 1h,FALSE
1149010,Alarm,"ALARM: ""kims-app-db1-CPU-90%-#Alarm"" in Asia Pacific (Hyderabad)",Closed,Not Violated,Critical - P1,Uptime Team,07-04-2026 11:20,6d 1h,FALSE
1149011,Alarm,"ALARM: ""softweb-srishti-rds-oracle-21c-Memory-85% #Alarm"" in Asia Pacific (Mumbai)",Closed,Not Violated,Critical - P1,Uptime Team,07-04-2026 11:21,6d 1h,FALSE
1149012,Alarm,"ALARM: ""PragtiMilk-Prod-Web-1b-CPU-85%-#Alarm"" in Asia Pacific (Mumbai)",Closed,Not Violated,Critical - P1,Uptime Team,07-04-2026 11:21,6d 1h,FALSE
1149013,Alarm,Lux Industries | https://lyra.genefied.co/ is Up,Closed,Not Violated,-,Uptime Team,07-04-2026 11:21,6d 1h,FALSE
1149014,Alarm,"ALARM: ""SS-RS-PROD-WEB-1-AP-S-1b-Memory-85%#Alarm"" in Asia Pacific (Mumbai)",Closed,Not Violated,Critical - P1,Uptime Team,07-04-2026 11:22,6d 1h,FALSE
1149015,Alarm,"ALARM: ""kims-app-db1-CPU-90%-#Alarm"" in Asia Pacific (Hyderabad)",Closed,Not Violated,Critical - P1,Uptime Team,07-04-2026 11:23,6d 1h,FALSE
1149016,Alarm,"ALARM: ""PragtiMilk-Prod-Web-1b-CPU-85%-#Alarm"" in Asia Pacific (Mumbai)",Closed,Not Violated,Critical - P1,Uptime Team,07-04-2026 11:24,6d 1h,FALSE
1149017,Alarm,"ALARM: ""LeeNee-Haldia-Prod-SapB1&DB-1b-New-Memory-85%-#Alarm"" in Asia Pacific (Mumbai)",Closed,Not Violated,Critical - P1,Uptime Team,07-04-2026 11:25,6d 1h,FALSE
1149018,Alarm,"ALARM: ""SoftWeb-DB-Pvt-1b-#CPUUtilization-95%-#ALARM"" in Asia Pacific (Mumbai)",Closed,Not Violated,Critical - P1,Uptime Team,07-04-2026 11:26,6d 1h,FALSE
1149019,Alarm,"ALARM: ""softweb-srishti-rds-oracle-21c-Memory-85% #Alarm"" in Asia Pacific (Mumbai)",Closed,Not Violated,Critical - P1,Uptime Team,07-04-2026 11:26,6d 1h,FALSE
1149020,Alarm,"ALARM: ""kims-app-db1-CPU-90%-#Alarm"" in Asia Pacific (Hyderabad)",Closed,Not Violated,Critical - P1,Uptime Team,07-04-2026 11:26,6d 1h,FALSE
1149021,Alarm,"ALARM: ""PragtiMilk-Prod-Web-1b-CPU-85%-#Alarm"" in Asia Pacific (Mumbai)",Closed,Not Violated,Critical - P1,Uptime Team,07-04-2026 11:27,6d 1h,FALSE
1149022,Alarm,Argus News is Down from multiple locations,Closed,Not Violated,-,Uptime Team,07-04-2026 11:29,6d 1h,FALSE
1149023,Alarm,Argus News is Up,Closed,Not Violated,-,Uptime Team,07-04-2026 11:29,6d 1h,FALSE
1149024,Client,Whitelist IP Address,Closed,Not Violated,Medium - P3,Enterprise Linux Team,07-04-2026 11:30,6d 1h,FALSE
1149026,Alarm,"ALARM: ""SoftWeb-DB-Pvt-1b-#CPUUtilization-95%-#ALARM"" in Asia Pacific (Mumbai)",Closed,Not Violated,-,Uptime Team,07-04-2026 11:31,6d 1h,FALSE
1149027,Alarm,"ALARM: ""RICB-EFimo-App-1b-Memory-85%-#Alarm"" in Asia Pacific (Mumbai)",Closed,Not Violated,Critical - P1,Uptime Team,07-04-2026 11:31,6d 1h,FALSE
1149028,Alarm,"ALARM: ""GnsqGlobal-Prod-APP-DB-Server-1b-CPU-Utilization-95% #Alarm"" in Asia Pacific (Mumbai)",Closed,Not Violated,Critical - P1,Uptime Team,07-04-2026 11:32,6d 1h,FALSE
1149029,Alarm,"ALARM: ""ETEdge-TG-etinsights-CPU-Utilization-85%-#Alarm"" in Asia Pacific (Mumbai)",Closed,Not Violated,Critical - P1,Uptime Team,07-04-2026 11:32,6d 1h,FALSE
1149030,Client,"Server of Diwanka Energy Pvt. Ltd. (ip is 15.207.3.19) , need to open port : 3335",Closed,Not Violated,Medium - P3,SMB Windows Team,07-04-2026 11:32,6d 1h,FALSE
1149034,Alarm,"ALARM: ""LXME-Production-bastion-host-new-CPU-85%-#ALARM"" in Asia Pacific (Mumbai)",Closed,Not Violated,Critical - P1,Uptime Team,07-04-2026 11:36,6d 0h,FALSE
1149035,Alarm,"ALARM: ""NewTownSchool_JIE-Prod-DB-1b-New-2-CPU-85%-utilized-#Alarm"" in Asia Pacific (Mumbai)",Closed,Not Violated,Critical - P1,Uptime Team,07-04-2026 11:36,6d 0h,FALSE
1149036,Alarm,"ALARM: ""LXME-Production-bastion-host-new-CPU-85%-#ALARM"" in Asia Pacific (Mumbai)",Closed,Not Violated,Critical - P1,Uptime Team,07-04-2026 11:37,6d 0h,FALSE
1149037,Alarm,"ALARM: ""ALCircle-Prod-Blog-1b-CPU-95%-#Alarm"" in Asia Pacific (Mumbai)",Closed,Not Violated,Critical - P1,Uptime Team,07-04-2026 11:37,6d 0h,FALSE
1149038,Alarm,"ALARM: ""ALCircle-Prod-Blog-1b-CPU-85%-#Alarm"" in Asia Pacific (Mumbai)",Closed,Not Violated,Critical - P1,Uptime Team,07-04-2026 11:37,6d 0h,FALSE
1149039,Alarm,Gabriels Technology is Down from multiple locations,Closed,Not Violated,Medium - P3,Uptime Team,07-04-2026 11:38,6d 0h,FALSE
1149040,Alarm,Gabriels Technology is Up,Closed,Not Violated,-,Uptime Team,07-04-2026 11:38,6d 0h,FALSE
1149041,Alarm,"ALARM: ""PragtiMilk-Prod-Web-1b-CPU-85%-#Alarm"" in Asia Pacific (Mumbai)",Closed,Not Violated,Critical - P1,Uptime Team,07-04-2026 11:41,6d 0h,FALSE
1149044,Alarm,"ALARM: ""SS-RS-PROD-WEB-1-AP-S-1b-Memory-85%#Alarm"" in Asia Pacific (Mumbai)",Closed,Not Violated,Critical - P1,Uptime Team,07-04-2026 11:43,6d 0h,FALSE
1149045,Alarm,"ALARM: ""anxiprodb-instace-1-new-16-01-rds#DatabaseConnections"" in Asia Pacific (Sydney)",Closed,Not Violated,Critical - P1,Uptime Team,07-04-2026 11:43,6d 0h,FALSE
1149046,Alarm,Lux Industries | https://lyra.genefied.co/ is Down from multiple locations,Closed,Not Violated,-,Uptime Team,07-04-2026 11:43,6d 0h,FALSE
1149048,Alarm,"ALARM: ""Ankura-Hospitals-Prod-SAPB1-1b-Memory-85%#ALARM"" in Asia Pacific (Mumbai)",Closed,Not Violated,Critical - P1,Uptime Team,07-04-2026 11:45,6d 0h,FALSE
1149049,Alarm,Lux Industries | https://lyra.genefied.co/ is Up,Closed,Not Violated,-,Uptime Team,07-04-2026 11:46,6d 0h,FALSE
1149050,Client,Strategy Deployment in UAT Server,Closed,Not Violated,Medium - P3,SMB Windows Team,07-04-2026 11:47,6d 0h,FALSE
1149051,Alarm,"ALARM: ""SS-RS-PROD-WEB-1-AP-S-1b-Memory-85%#Alarm"" in Asia Pacific (Mumbai)",Closed,Not Violated,Critical - P1,Uptime Team,07-04-2026 11:47,6d 0h,FALSE
1149052,Alarm,"ALARM: ""Kims-Hospital-Prod-Web-Server-1b-CPUUtilization-85% #Alarm"" in Asia Pacific (Mumbai)",Closed,Not Violated,-,Uptime Team,07-04-2026 11:47,6d 0h,FALSE
1149053,Alarm,"ALARM: ""ARS-Steels-Prod-DB-1a-CPU-95%#Alarm"" in Asia Pacific (Mumbai)",Closed,Not Violated,Critical - P1,Uptime Team,07-04-2026 11:51,6d 0h,FALSE
1149055,Alarm,"ALARM: ""LeeNee-Rama-Overseas-Prod-App-1b-Disk(C)-VolumeAvgThroughput#Alarm"" in Asia Pacific (Mumbai)",Closed,Not Violated,Critical - P1,Uptime Team,07-04-2026 11:54,6d 0h,FALSE
1149056,Alarm,"ALARM: ""ARS-Steels-Prod-APP-1a-CPU-95%-#Alarm"" in Asia Pacific (Mumbai)",Closed,Not Violated,-,Uptime Team,07-04-2026 11:57,6d 0h,FALSE
1149057,Alarm,"ALARM: ""Ajmera-Prod-SAPB1-1b-Disk(C:)-90%Alarm"" in Asia Pacific (Mumbai)",Closed,Not Violated,Critical - P1,Uptime Team,07-04-2026 11:57,6d 0h,FALSE
1149058,Alarm,"ALARM: ""Kims-Hospital-Prod-Web-Server-1b-CPUUtilization-85% #Alarm"" in Asia Pacific (Mumbai)",Closed,Not Violated,-,Uptime Team,07-04-2026 11:57,6d 0h,FALSE
1149059,Alarm,"ALARM: ""LeeNee-Haldia-Prod-SapB1&DB-1b-New-Memory-85%-#Alarm"" in Asia Pacific (Mumbai)",Closed,Not Violated,Critical - P1,Uptime Team,07-04-2026 11:59,6d 0h,FALSE
1149060,Alarm,"ALARM: ""Ajmera-Prod-SAPB1-1b-Memory-95%Alarm"" in Asia Pacific (Mumbai)",Closed,Not Violated,Critical - P1,Uptime Team,07-04-2026 12:01,6d 0h,FALSE
1149062,Alarm,"ALARM: ""GnsqGlobal-Prod-APP-DB-Server-1b-CPU-Utilization-95% #Alarm"" in Asia Pacific (Mumbai)",Closed,Not Violated,Critical - P1,Uptime Team,07-04-2026 12:02,6d 0h,FALSE
1149063,Alarm,"ALARM: ""LeeNee-Haldia-Prod-SapB1&DB-1b-New-Memory-85%-#Alarm"" in Asia Pacific (Mumbai)",Closed,Not Violated,Critical - P1,Uptime Team,07-04-2026 12:02,6d 0h,FALSE
1149064,Alarm,"ALARM: ""Arukus-UAT-APP-CPU-85%-#Alarm"" in Asia Pacific (Mumbai)",Closed,Not Violated,Critical - P1,Uptime Team,07-04-2026 12:03,6d 0h,FALSE
1149065,Client,Create pem file for the username : Subhendu,Closed,Not Violated,Medium - P3,Enterprise Linux Team,07-04-2026 12:04,6d 0h,FALSE
1149066,Alarm,"ALARM: ""SS-RS-PROD-WEB-1-AP-S-1b-Memory-85%#Alarm"" in Asia Pacific (Mumbai)",Closed,Not Violated,Critical - P1,Uptime Team,07-04-2026 12:05,6d 0h,FALSE
1149067,Alarm,Lux Industries | https://lyra.genefied.co/ is Down from multiple locations,Closed,Not Violated,-,Uptime Team,07-04-2026 12:06,6d 0h,FALSE
1149068,Client,RE: Access required for ETinsights DB server,Closed,Not Violated,Medium - P3,Enterprise Linux Team,07-04-2026 12:08,6d 0h,FALSE
1149069,Alarm,"ALARM: ""Shivanshi-Prod-Tally-1b-CPU-85%#alarm"" in Asia Pacific (Mumbai)",Closed,Not Violated,Critical - P1,Uptime Team,07-04-2026 12:09,6d 0h,FALSE
1149070,Alarm,"ALARM: ""SS-RS-PROD-WEB-1-AP-S-1b-Memory-85%#Alarm"" in Asia Pacific (Mumbai)",Closed,Not Violated,Critical - P1,Uptime Team,07-04-2026 12:09,6d 0h,FALSE
1149071,Alarm,"ALARM: ""Critical-Shivanshi-Prod-Tally-1b-CPU-95%#alarm"" in Asia Pacific (Mumbai)",Closed,Not Violated,Critical - P1,Uptime Team,07-04-2026 12:09,6d 0h,FALSE
1149072,Alarm,"ALARM: ""ARS-Steels-Prod-APP-1a-CPU-95%-#Alarm"" in Asia Pacific (Mumbai)",Closed,Not Violated,-,Uptime Team,07-04-2026 12:10,6d 0h,FALSE
1149073,Alarm,"[Action may be required] Amazon Quick - Preparation Period Extended to September 30, 2026 [AWS Account: 795532678498]",Closed,Not Violated,Medium - P3,DevOps Team,07-04-2026 12:11,6d 0h,FALSE
1149074,Alarm,"ALARM: ""ARS-Steels-Prod-APP-1a-CPU-90%-#Alarm"" in Asia Pacific (Mumbai)",Closed,Not Violated,-,Uptime Team,07-04-2026 12:12,6d 0h,FALSE
1149075,Alarm,"ALARM: ""ARS-Steels-Prod-APP-1a-CPU-95%-#Alarm"" in Asia Pacific (Mumbai)",Closed,Not Violated,-,Uptime Team,07-04-2026 12:12,6d 0h,FALSE
1149076,Alarm,"ALARM: ""GnsqGlobal-Prod-APP-DB-Server-1b-CPU-Utilization-95% #Alarm"" in Asia Pacific (Mumbai)",Closed,Not Violated,Critical - P1,Uptime Team,07-04-2026 12:15,6d 0h,FALSE
1149077,Alarm,"ALARM: ""Lux-Industries-Genefied-ALB-(Prod)-TG80-UnHealthyHostCount-#Alarm"" in Asia Pacific (Mumbai)",Closed,Not Violated,Critical - P1,Uptime Team,07-04-2026 12:15,6d 0h,FALSE
1149078,Alarm,"ALARM: ""Ankura-Hospitals-Prod-SAPB1-1b-CPU-85%#Alarm"" in Asia Pacific (Mumbai)",Closed,Not Violated,Critical - P1,Uptime Team,07-04-2026 12:16,6d 0h,FALSE
1149079,Alarm,"ALARM: ""EDIndia-Prod-MongoDB-1b-CPU-85%-#Alarm"" in Asia Pacific (Mumbai)",Closed,Not Violated,Critical - P1,Uptime Team,07-04-2026 12:17,6d 0h,FALSE
1149080,Alarm,"ALARM: ""ARS-Steels-Prod-APP-1a-CPU-95%-#Alarm"" in Asia Pacific (Mumbai)",Closed,Not Violated,-,Uptime Team,07-04-2026 12:17,6d 0h,FALSE
1149081,Alarm,Lux Industries | https://lyra.genefied.co/ is Up,Closed,Not Violated,-,Uptime Team,07-04-2026 12:17,6d 0h,FALSE
1149082,Alarm,"ALARM: ""Ankura-Hospitals-Prod-SAPB1-1b-Memory-85%#ALARM"" in Asia Pacific (Mumbai)",Closed,Not Violated,Critical - P1,Uptime Team,07-04-2026 12:18,6d 0h,FALSE
1149083,Alarm,"ALARM: ""Dynamic-Equitties-dl-websites-Prod-1b-New-CPUUtilization-85%-#A..."" in Asia Pacific (Mumbai)",Closed,Not Violated,Critical - P1,Uptime Team,07-04-2026 12:18,6d 0h,FALSE
1149084,Alarm,"ALARM: ""toorey-uat-rds-uattoorey-FreeableMemory-15%-#Alarm"" in US East (N. Virginia)",Closed,Not Violated,Critical - P1,Uptime Team,07-04-2026 12:19,6d 0h,FALSE
1149085,Alarm,"ALARM: ""GnsqGlobal-Prod-APP-DB-Server-1b-CPU-Utilization-95% #Alarm"" in Asia Pacific (Mumbai)",Closed,Not Violated,Critical - P1,Uptime Team,07-04-2026 12:22,6d 0h,FALSE
1149086,Client,AIF | Production server request | ITUS CAPITAL ,Awaiting Customer Response,Not Violated,Medium - P3,Enterprise Windows Team,07-04-2026 12:26,6d 0h,TRUE
1149087,Alarm,"ALARM: ""RS-SS-PROD-WEB-1-AP-S-1b-CPU-85%-#Alarm"" in Asia Pacific (Mumbai)",Closed,Not Violated,Critical - P1,Uptime Team,07-04-2026 12:27,6d 0h,FALSE
1149088,Alarm,"ALARM: ""ARS-Steels-Prod-APP-1a-CPU-90%-#Alarm"" in Asia Pacific (Mumbai)",Closed,Not Violated,-,Uptime Team,07-04-2026 12:29,6d 0h,FALSE
1149089,Alarm,"ALARM: ""SS-RS-PROD-WEB-1-AP-S-1b-Memory-85%#Alarm"" in Asia Pacific (Mumbai)",Awaiting Customer Response,Not Violated,Critical - P1,Enterprise Windows Team,07-04-2026 12:31,6d 0h,FALSE
1149090,Alarm,"ALARM: ""Kfin-rm-portal-prod-CPU-85%-#Alarm"" in Asia Pacific (Mumbai)",Closed,Not Violated,Critical - P1,Uptime Team,07-04-2026 12:31,6d 0h,FALSE
1149091,Alarm,"ALARM: ""ARS-Steels-Prod-APP-1a-CPU-95%-#Alarm"" in Asia Pacific (Mumbai)",Closed,Not Violated,-,Uptime Team,07-04-2026 12:32,6d 0h,FALSE
1149092,Alarm,In10Media is Down from multiple locations,Closed,Not Violated,-,Uptime Team,07-04-2026 12:34,5d 23h,FALSE
1149093,Alarm,In10Media is Up,Closed,Not Violated,-,Uptime Team,07-04-2026 12:35,5d 23h,FALSE
1149094,Alarm,"ALARM: ""Ankura-Hospitals-Prod-SAPB1-1b-CPU-85%#Alarm"" in Asia Pacific (Mumbai)",Closed,Not Violated,Critical - P1,Uptime Team,07-04-2026 12:37,5d 23h,FALSE
1149095,Alarm,"ALARM: ""Kims-Hospital-Prod-Web-Server-1b-CPUUtilization-85% #Alarm"" in Asia Pacific (Mumbai)",Closed,Not Violated,-,Uptime Team,07-04-2026 12:37,5d 23h,FALSE
1149096,Alarm,"ALARM: ""Kfin-rm-portal-prod-CPU-85%-#Alarm"" in Asia Pacific (Mumbai)",Closed,Not Violated,Critical - P1,Uptime Team,07-04-2026 12:41,5d 23h,FALSE
1149097,Alarm,"ALARM: ""SoftWeb-App-pub-server-1b-#CPUUtilization-90%-#ALARM"" in Asia Pacific (Mumbai)",Closed,Not Violated,High - P2,Uptime Team,07-04-2026 12:42,5d 23h,FALSE
1149098,Alarm,"ALARM: ""GnsqGlobal-Prod-APP-DB-Server-1b-CPU-Utilization-95% #Alarm"" in Asia Pacific (Mumbai)",Closed,Not Violated,Critical - P1,Uptime Team,07-04-2026 12:42,5d 23h,FALSE
1149099,Client,Re: Need to install Teleradiology Gateway in The Foot Hospital,Closed,Not Violated,Medium - P3,Enterprise Windows Team,07-04-2026 12:42,5d 23h,FALSE
1149100,Alarm,"ALARM: ""ARS-Steels-Prod-APP-1a-CPU-95%-#Alarm"" in Asia Pacific (Mumbai)",Closed,Not Violated,Critical - P1,Uptime Team,07-04-2026 12:43,5d 23h,FALSE
1149101,Alarm,Primarc is Up,Closed,Not Violated,-,Uptime Team,07-04-2026 12:46,5d 23h,FALSE
1149102,Alarm,"ALARM: ""ARS-Steels-Prod-APP-1a-CPU-90%-#Alarm"" in Asia Pacific (Mumbai)",Closed,Not Violated,Critical - P1,Uptime Team,07-04-2026 12:47,5d 23h,FALSE
1149103,Alarm,"ALARM: ""Kfin-rm-portal-prod-memory-85%-#Alarm"" in Asia Pacific (Mumbai)",Closed,Not Violated,Critical - P1,Uptime Team,07-04-2026 12:49,5d 23h,FALSE
1149104,Alarm,"ALARM: ""IKF-FInance-OMNI-APP-Pvt-1a-Disk(C)-85%-#Alarm"" in Asia Pacific (Mumbai)",Closed,Not Violated,Critical - P1,Uptime Team,07-04-2026 12:51,5d 23h,FALSE
1149105,Alarm,"ALARM: ""Duroply-prod-SAPB1-Server1-Memory-85%-#Alarm"" in Asia Pacific (Mumbai)",Closed,Not Violated,Critical - P1,Uptime Team,07-04-2026 12:51,5d 23h,FALSE
1149106,Client,"Approval Required: Resource Deletion for Old Accounts (IDs: 830828022214, 511144357627)",Internal Dependency,Not Violated,Medium - P3,-,07-04-2026 12:52,5d 23h,FALSE
1149107,Alarm,Vawsum | https://vawsum.com/ is Down from multiple locations,Closed,Not Violated,-,Uptime Team,07-04-2026 12:52,5d 23h,FALSE
1149108,Alarm,"ALARM: ""LeeNee-Haldia-Prod-SapB1&DB-1b-New-Memory-85%-#Alarm"" in Asia Pacific (Mumbai)",Closed,Not Violated,Critical - P1,Uptime Team,07-04-2026 12:54,5d 23h,FALSE
1149109,Client,RE: RE: Re:[## 1026024 ##] RE: Annapurna Finance: S1 v7.0 to S1 v7.2,Closed,Not Violated,Medium - P3,SMB Windows Team,07-04-2026 12:55,5d 23h,FALSE
1149110,Alarm,"ALARM: ""anxiprodb-instace-1-new-16-01-rds#DatabaseConnections"" in Asia Pacific (Sydney)",Closed,Not Violated,Critical - P1,Uptime Team,07-04-2026 12:56,5d 23h,FALSE
1149111,Alarm,"ALARM: ""GnsqGlobal-Prod-APP-DB-Server-1b-CPU-Utilization-95% #Alarm"" in Asia Pacific (Mumbai)",Closed,Not Violated,Critical - P1,Uptime Team,07-04-2026 12:57,5d 23h,FALSE
1149112,Alarm,Primarc is Down from multiple locations,Closed,Not Violated,-,Enterprise Windows Team,07-04-2026 12:57,5d 23h,FALSE
1149113,Alarm,"ALARM: ""SoftWeb-App-pub-server-1b-#CPUUtilization-90%-#ALARM"" in Asia Pacific (Mumbai)",Closed,Not Violated,High - P2,Uptime Team,07-04-2026 12:58,5d 23h,FALSE
1149114,Alarm,"ALARM: ""anxiprodb-instace-1-new-16-01-rds#DatabaseConnections"" in Asia Pacific (Sydney)",Closed,Not Violated,Critical - P1,Uptime Team,07-04-2026 12:59,5d 23h,FALSE
1149115,Client,SSH issue,Closed,Not Violated,High - P2,Enterprise Windows Team,07-04-2026 13:02,5d 23h,FALSE
1149116,Alarm,"ALARM: ""Duroply-prod-SAPB1-Server1-Memory-85%-#Alarm"" in Asia Pacific (Mumbai)",Closed,Not Violated,Critical - P1,Uptime Team,07-04-2026 13:02,5d 23h,FALSE
1149118,Alarm,"ALARM: ""softweb-srishti-rds-oracle-21c-DiskQueueDepth #Alarm"" in Asia Pacific (Mumbai)",Closed,Not Violated,Critical - P1,Uptime Team,07-04-2026 13:02,5d 23h,FALSE
1149119,Alarm,"ALARM: ""logistos-prod-rds-Mem(95%)-#Alert"" in Asia Pacific (Mumbai)",Closed,Not Violated,Critical - P1,Uptime Team,07-04-2026 13:03,5d 23h,FALSE
1149120,Alarm,Vawsum | https://vawsum.com/ is Up,Closed,Not Violated,-,Uptime Team,07-04-2026 13:03,5d 23h,FALSE
1149121,Alarm,"ALARM: ""logistos-prod-rds-Mem(85%)-#Alert"" in Asia Pacific (Mumbai)",Closed,Not Violated,Critical - P1,Uptime Team,07-04-2026 13:04,5d 23h,FALSE
1149122,Alarm,"ALARM: ""Critical-Ankura-Hospitals-Prod-SAPB1-1b-Memory-95%#ALARM"" in Asia Pacific (Mumbai)",Closed,Not Violated,Critical - P1,Uptime Team,07-04-2026 13:05,5d 23h,FALSE
1149123,Alarm,"ALARM: ""logistos-prod-rds-Mem(85%)-#Alert"" in Asia Pacific (Mumbai)",Closed,Not Violated,Critical - P1,Uptime Team,07-04-2026 13:06,5d 23h,FALSE
1149124,Alarm,"ALARM: ""SoftWeb-DB-Pvt-1b-#CPUUtilization-95%-#ALARM"" in Asia Pacific (Mumbai)",Closed,Not Violated,Critical - P1,Uptime Team,07-04-2026 13:06,5d 23h,FALSE
1149126,Alarm,"ALARM: ""Ankura-Hospitals-Prod-SAPB1-1b-CPU-85%#Alarm"" in Asia Pacific (Mumbai)",Closed,Not Violated,Critical - P1,Uptime Team,07-04-2026 13:06,5d 23h,FALSE
1149128,Alarm,"ALARM: ""GnsqGlobal-Prod-APP-DB-Server-1b-CPU-Utilization-95% #Alarm"" in Asia Pacific (Mumbai)",Closed,Not Violated,Critical - P1,Uptime Team,07-04-2026 13:07,5d 23h,FALSE
1149129,Alarm,"ALARM: ""ARS-Steels-Prod-APP-1a-CPU-95%-#Alarm"" in Asia Pacific (Mumbai)",Closed,Not Violated,Critical - P1,Uptime Team,07-04-2026 13:07,5d 23h,FALSE
1149130,Alarm,Logistos | https://admin.logistos.in/staff is Down from multiple locations,Closed,Not Violated,-,Uptime Team,07-04-2026 13:08,5d 23h,FALSE
1149131,Alarm,Logistos | https://admin.logistos.in/staff is Up,Closed,Not Violated,-,Uptime Team,07-04-2026 13:09,5d 23h,FALSE
1149132,Client,"RDP LOGIN ISSUE - PASSWORD EXPIRED , AWS - OMAN",Closed,Not Violated,Medium - P3,Uptime Team,07-04-2026 13:11,5d 23h,FALSE
1149133,Alarm,"ALARM: ""sepl-prod-mysql-RDS-DBconnections-200-#Alarm"" in Asia Pacific (Mumbai)",Closed,Not Violated,Critical - P1,Uptime Team,07-04-2026 13:11,5d 23h,FALSE
1149134,Client,Swap the server IPs,Closed,Not Violated,High - P2,Enterprise Windows Team,07-04-2026 13:12,5d 23h,FALSE
1149135,Alarm,"ALARM: ""LeeNee-Haldia-Prod-SapB1&DB-1b-New-Disk(D)-15%-#Alarm"" in Asia Pacific (Mumbai)",Closed,Not Violated,Critical - P1,Uptime Team,07-04-2026 13:15,5d 23h,FALSE
1149136,Alarm,"ALARM: ""hoichoi-aws-aps1-prod-ecs-hoichoi-identity_high_cpu_util_alarm"" in Asia Pacific (Mumbai)",Closed,Not Violated,Critical - P1,Uptime Team,07-04-2026 13:17,5d 23h,FALSE
1149137,Alarm,"ALARM: ""hoichoi-aws-aps1-prod-ecs-hoichoi-content_high_memory_util_alarm"" in Asia Pacific (Mumbai)",Closed,Not Violated,Critical - P1,Uptime Team,07-04-2026 13:19,5d 23h,FALSE
1149138,Alarm,"ALARM: ""Kims-Hospital-KSRVPRDDB-Server-2b-Memory-90%-#Alarm"" in Asia Pacific (Hyderabad)",Closed,Not Violated,-,Uptime Team,07-04-2026 13:20,5d 23h,FALSE
1149139,Alarm,"ALARM: ""hoichoi-aws-aps1-prod-ecs-hoichoi-analytics_high_cpu_util_alarm"" in Asia Pacific (Mumbai)",Closed,Not Violated,Critical - P1,Uptime Team,07-04-2026 13:20,5d 23h,FALSE
1149140,Alarm,"ALARM: ""SoftWeb-DB-Pvt-1b-#CPUUtilization-95%-#ALARM"" in Asia Pacific (Mumbai)",Closed,Not Violated,Critical - P1,Uptime Team,07-04-2026 13:21,5d 23h,FALSE
1149141,Client,RE: RE: Re:[## 1026024 ##] RE: Annapurna Finance: S1 v7.0 to S1 v7.2,Closed,Not Violated,Medium - P3,SMB Windows Team,07-04-2026 13:22,5d 23h,FALSE
1149142,Client,SFA Api Deployment,Closed,Not Violated,Medium - P3,SMB Linux Team,07-04-2026 13:26,5d 23h,FALSE
1149143,Alarm,"ALARM: ""hoichoi-aws-aps1-prod-ecs-hoichoi-analytics_high_cpu_util_alarm"" in Asia Pacific (Mumbai)",Closed,Not Violated,Critical - P1,DevOps Team,07-04-2026 13:28,5d 23h,FALSE
1149144,Client,SFA Admin Panel Deployment,Closed,Not Violated,Medium - P3,SMB Linux Team,07-04-2026 13:29,5d 23h,FALSE
1149145,Client,AMI and Resource Deletion - Black Box(971422710429),Closed,Not Violated,Medium - P3,SMB Linux Team,07-04-2026 13:29,5d 23h,FALSE
1149146,Alarm,"ALARM: ""rcb-website-uat-rds-dbconnection-#Alarm"" in Asia Pacific (Mumbai)",Closed,Not Violated,Critical - P1,Uptime Team,07-04-2026 13:29,5d 23h,FALSE
1149147,Alarm,"ALARM: ""Kims-Hospital-Prod-Web-Server-1b-CPUUtilization-85% #Alarm"" in Asia Pacific (Mumbai)",Closed,Not Violated,-,Uptime Team,07-04-2026 13:30,5d 23h,FALSE
1149148,Alarm,"ALARM: ""Gemtech-SAP-B1-Server-Window-2022-CPU-85%-#Alarm"" in Asia Pacific (Mumbai)",Closed,Not Violated,Critical - P1,Uptime Team,07-04-2026 13:31,5d 23h,FALSE
1149149,Alarm,"ALARM: ""vyzrd-dev-app-Memory-85%-#Alarm"" in Asia Pacific (Sydney)",Closed,Not Violated,Critical - P1,Uptime Team,07-04-2026 13:32,5d 23h,FALSE
1149150,Alarm,"ALARM: ""anxiprodb-instace-1-new-16-01-rds#DatabaseConnections"" in Asia Pacific (Sydney)",Closed,Not Violated,Critical - P1,Uptime Team,07-04-2026 13:33,5d 22h,FALSE
1149151,Alarm,"ALARM: ""Eleve-Diamonds-ALB-4XX-#ALARM"" in Asia Pacific (Mumbai)",Closed,Not Violated,Critical - P1,Uptime Team,07-04-2026 13:36,5d 22h,FALSE
1149152,Alarm,"ALARM: ""ARS-Steels-Prod-DB-1a-Disk D-85%-#Alarm"" in Asia Pacific (Mumbai)",Closed,Not Violated,Critical - P1,Uptime Team,07-04-2026 13:37,5d 22h,FALSE
1149153,Alarm,"ALARM: ""Kims-Hospital-KSRVPRDDB-Server-2b-Memory-90%-#Alarm"" in Asia Pacific (Hyderabad)",Closed,Not Violated,-,Uptime Team,07-04-2026 13:42,5d 22h,FALSE
1149154,Alarm,"ALARM: ""sepl-prod-mysql-RDS-DBconnections-200-#Alarm"" in Asia Pacific (Mumbai)",Closed,Not Violated,Critical - P1,Uptime Team,07-04-2026 13:42,5d 22h,FALSE
1149155,Alarm,"ALARM: ""softweb-srishti-rds-oracle-21c-CPU-85% #Alarm"" in Asia Pacific (Mumbai)",Closed,Not Violated,Critical - P1,Uptime Team,07-04-2026 13:47,5d 22h,FALSE
1149156,Alarm,"ALARM: ""Argus-News-Prod-EKS-k8s-ingressn-ingressn-d30586a266-TG-Unhealt..."" in Asia Pacific (Mumbai)",Closed,Not Violated,Critical - P1,Uptime Team,07-04-2026 13:48,5d 22h,FALSE
1149157,Alarm,"ALARM: ""Argus-News-Prod-EKS-k8s-ingressn-ingressn-b3e2cff390-TG-Unhealt..."" in Asia Pacific (Mumbai)",Closed,Not Violated,Critical - P1,Uptime Team,07-04-2026 13:48,5d 22h,FALSE
1149158,Client,RE:[CASE 177511141700080] buy Reserved Instances (RI) in a member account and have the benefit apply across all accounts,Closed,Not Violated,Medium - P3,DevOps Team,07-04-2026 13:48,5d 22h,FALSE
1149159,Alarm,"ALARM: ""RICB-Oracle-DB-1b-CPU-85%-#Alarm"" in Asia Pacific (Mumbai)",Closed,Not Violated,Critical - P1,Uptime Team,07-04-2026 13:49,5d 22h,FALSE
1149160,Alarm,"ALARM: ""Samriddhi-Jewellers-DB-Memory-95%-#ALARM"" in Asia Pacific (Mumbai)",Closed,Not Violated,Critical - P1,Uptime Team,07-04-2026 13:49,5d 22h,FALSE
1149161,Alarm,"ALARM: ""Samriddhi-Jewellers-DB-Memory-85%-#ALARM"" in Asia Pacific (Mumbai)",Closed,Not Violated,Critical - P1,Uptime Team,07-04-2026 13:49,5d 22h,FALSE
1149162,Alarm,"ALARM: ""Argus-News-Prod-EKS-k8s-ingressn-ingressn-e5b1e8ac50-TG-Unhealt..."" in Asia Pacific (Mumbai)",Closed,Not Violated,Critical - P1,Uptime Team,07-04-2026 13:50,5d 22h,FALSE
1149163,Alarm,"ALARM: ""Midland-MIS-Prod-Server-1a-CPU-85%-#Alarm"" in Asia Pacific (Mumbai)",Closed,Not Violated,Critical - P1,Uptime Team,07-04-2026 14:02,5d 22h,FALSE
1149164,Alarm,"ALARM: ""MK-Agro-UAT-SSFA-APP-DB-CPU-85%-#Alarm"" in Asia Pacific (Mumbai)",Closed,Not Violated,Critical - P1,Uptime Team,07-04-2026 14:07,5d 22h,FALSE
1149165,Alarm,"ALARM: ""hoichoi-aws-aps1-prod-ecs-hoichoi-backend_high_cpu_util_alarm"" in Asia Pacific (Mumbai)",Closed,Not Violated,Critical - P1,Uptime Team,07-04-2026 14:07,5d 22h,FALSE
1149166,Alarm,"ALARM: ""softweb-srishti-rds-oracle-21c-Memory-85% #Alarm"" in Asia Pacific (Mumbai)",Closed,Not Violated,Critical - P1,Uptime Team,07-04-2026 14:07,5d 22h,FALSE
1149167,Alarm,Argus News is Down from multiple locations,Closed,Not Violated,-,Uptime Team,07-04-2026 14:08,5d 22h,FALSE
1149168,Alarm,Argus News is Up,Closed,Not Violated,-,Uptime Team,07-04-2026 14:08,5d 22h,FALSE
1149171,Alarm,"ALARM: ""Duroply-prod-SAPB1-Server1-Memory-85%-#Alarm"" in Asia Pacific (Mumbai)",Closed,Not Violated,Critical - P1,Uptime Team,07-04-2026 14:21,5d 22h,FALSE
1149172,Client,URGENT: Persistent Server Performance Degradation During Night Hours,Internal Dependency,Not Violated,Medium - P3,Enterprise Windows Team,07-04-2026 14:26,5d 22h,FALSE
1149173,Alarm,"ALARM: ""Kims-Hospital-Prod-Web-Server-1b-CPUUtilization-85% #Alarm"" in Asia Pacific (Mumbai)",Closed,Not Violated,-,Uptime Team,07-04-2026 14:27,5d 22h,FALSE
1149174,Alarm,"ALARM: ""flicktv-prod-valkey-cache-ElastiCacheProcessingUnits#Alarm"" in Asia Pacific (Mumbai)",Closed,Not Violated,Critical - P1,Uptime Team,07-04-2026 14:28,5d 22h,FALSE
1149175,Alarm,"ALARM: ""Duroply-prod-SAPB1-Server1-Memory-85%-#Alarm"" in Asia Pacific (Mumbai)",Closed,Not Violated,Critical - P1,Uptime Team,07-04-2026 14:34,5d 21h,FALSE
1149176,Alarm,"ALARM: ""softweb-srishti-rds-oracle-21c-Memory-85% #Alarm"" in Asia Pacific (Mumbai)",Closed,Not Violated,Critical - P1,Uptime Team,07-04-2026 14:35,5d 21h,FALSE
1149177,Client,Request for List of Functions and Cron Jobs Used for Report Generation,Awaiting Customer Response,Not Violated,Medium - P3,DevOps Team,07-04-2026 14:36,5d 21h,FALSE
1149178,Alarm,"ALARM: ""Kims-Hospital-KSRVPRDDB-Server-2b-Memory-90%-#Alarm"" in Asia Pacific (Hyderabad)",Closed,Not Violated,-,Uptime Team,07-04-2026 14:36,5d 21h,FALSE
1149179,Alarm,"ALARM: ""MK-Agro-UAT-SSFA-APP-DB-CPU-85%-#Alarm"" in Asia Pacific (Mumbai)",Closed,Not Violated,Critical - P1,Uptime Team,07-04-2026 14:36,5d 21h,FALSE
1149180,Alarm,"ALARM: ""RICB-Oracle-DB-1b-CPU-85%-#Alarm"" in Asia Pacific (Mumbai)",Closed,Not Violated,Critical - P1,Uptime Team,07-04-2026 14:37,5d 21h,FALSE
1149181,Alarm,"ALARM: ""SoftWeb-App-pub-server-1b-#CPUUtilization-90%-#ALARM"" in Asia Pacific (Mumbai)",Closed,Not Violated,High - P2,Uptime Team,07-04-2026 14:37,5d 21h,FALSE
1149182,Client,Resource Optimization Request – MidfinCollect Servers,Awaiting Customer Response,Response Violation,Medium - P3,Enterprise Windows Team,07-04-2026 14:37,5d 21h,TRUE
1149183,Alarm,"ALARM: ""anxiprodb-instace-1-new-16-01-rds#DatabaseConnections"" in Asia Pacific (Sydney)",Closed,Not Violated,Critical - P1,Uptime Team,07-04-2026 14:40,5d 21h,FALSE
1149184,Alarm,"ALARM: ""kishorilala-Prod-SAP-B1-1b-Memory-85%#Alarm"" in Asia Pacific (Mumbai)",Closed,Not Violated,Critical - P1,Uptime Team,07-04-2026 14:43,5d 21h,FALSE
1149185,Client,"Reminder: Re:[## 1132190 ##] Intranet DPS access to SSC team @ Tue Apr 07, 2026 03:00 pm - 03:30 pm (Asia/Kolkata)",Closed,Not Violated,Medium - P3,Uptime Team,07-04-2026 14:45,5d 21h,FALSE
1149186,Alarm,"ALARM: ""softweb-srishti-rds-oracle-21c-Memory-85% #Alarm"" in Asia Pacific (Mumbai)",Closed,Not Violated,Critical - P1,Uptime Team,07-04-2026 14:45,5d 21h,FALSE
1149187,Alarm,"ALARM: ""ARS-Steels-Prod-DB-1a-CPU-95%#Alarm"" in Asia Pacific (Mumbai)",Closed,Not Violated,Critical - P1,Uptime Team,07-04-2026 14:46,5d 21h,FALSE
1149188,Alarm,"ALARM: ""anxiprodb-instace-1-new-16-01-rds#DatabaseConnections"" in Asia Pacific (Sydney)",Closed,Not Violated,Critical - P1,Uptime Team,07-04-2026 14:46,5d 21h,FALSE
1149189,Alarm,Argus News is Down from multiple locations,Closed,Not Violated,-,Uptime Team,07-04-2026 14:49,5d 21h,FALSE
1149190,Alarm,"ALARM: ""sepl-prod-mysql-RDS-DBconnections-200-#Alarm"" in Asia Pacific (Mumbai)",Closed,Not Violated,Critical - P1,Uptime Team,07-04-2026 14:49,5d 21h,FALSE
1149191,Alarm,Argus News is Up,Closed,Not Violated,-,Uptime Team,07-04-2026 14:50,5d 21h,FALSE
1149192,Alarm,"ALARM: ""OrganicIndustries-Prod-SapB1-1b-CPU--85%-#Alarm"" in Asia Pacific (Mumbai)",Closed,Not Violated,Critical - P1,Uptime Team,07-04-2026 14:51,5d 21h,FALSE
1149193,Alarm,ALARM: OrganicIndustries-Prod-SapB1-1b-CPU-85%-#Alarm in Asia Pacific (Mumbai),Closed,Not Violated,-,Uptime Team,07-04-2026 14:51,5d 21h,FALSE
1149194,Alarm,"ALARM: ""ARS-Steels-Prod-APP-1a-CPU-95%-#Alarm"" in Asia Pacific (Mumbai)",Closed,Not Violated,-,Uptime Team,07-04-2026 14:52,5d 21h,FALSE
1149195,Alarm,"ALARM: ""RICB-Oracle-DB-1b-CPU-85%-#Alarm"" in Asia Pacific (Mumbai)",Closed,Not Violated,Critical - P1,Uptime Team,07-04-2026 14:55,5d 21h,FALSE
1149196,Alarm,"ALARM: ""RICB-Oracle-DB-1b-CPU-85%-#Alarm"" in Asia Pacific (Mumbai)",Closed,Not Violated,Critical - P1,Uptime Team,07-04-2026 14:59,5d 21h,FALSE
1149197,Alarm,"ALARM: ""SoftWeb-DB-Pvt-1b-#CPUUtilization-95%-#ALARM"" in Asia Pacific (Mumbai)",Closed,Not Violated,Critical - P1,Uptime Team,07-04-2026 15:00,5d 21h,FALSE
1149198,Alarm,"ALARM: ""sepl-prod-mysql-RDS-DBconnections-200-#Alarm"" in Asia Pacific (Mumbai)",Closed,Not Violated,Critical - P1,Uptime Team,07-04-2026 15:00,5d 21h,FALSE
1149200,Client,Re:Seceon Implementation DB Audit Log,Awaiting Customer Response,Not Violated,Medium - P3,Uptime Team,07-04-2026 15:01,5d 21h,FALSE
1149201,Alarm,"ALARM: ""softweb-srishti-rds-oracle-21c-Memory-85% #Alarm"" in Asia Pacific (Mumbai)",Closed,Not Violated,Critical - P1,Uptime Team,07-04-2026 15:03,5d 21h,FALSE
1149202,Client,SH-MS-ES (07-04-2026),Closed,Not Violated,Medium - P3,-,07-04-2026 15:06,5d 21h,FALSE
1149203,Alarm,"ALARM: ""MK-Agro-UAT-SSFA-APP-DB-CPU-85%-#Alarm"" in Asia Pacific (Mumbai)",Closed,Not Violated,Critical - P1,Uptime Team,07-04-2026 15:07,5d 21h,FALSE
1149204,Alarm,"ALARM: ""sepl-prod-mysql-RDS-DBconnections-200-#Alarm"" in Asia Pacific (Mumbai)",Closed,Not Violated,Critical - P1,Uptime Team,07-04-2026 15:12,5d 21h,FALSE
1149206,Alarm,"ALARM: ""Kims-Hospital-KSRVPRDDB-Server-2b-Memory-90%-#Alarm"" in Asia Pacific (Hyderabad)",Closed,Not Violated,-,Uptime Team,07-04-2026 15:15,5d 21h,FALSE
1149207,Alarm,"ALARM: ""Dev_DevOps_test-Prod-Memory-85%#Alarm"" in Asia Pacific (Mumbai)",Closed,Not Violated,Critical - P1,Uptime Team,07-04-2026 15:17,5d 21h,FALSE
1149208,Alarm,"ALARM: ""dspace-Prod-RDS-CPUUtilization-85%-#Alarm"" in Asia Pacific (Mumbai)",Closed,Not Violated,Critical - P1,Uptime Team,07-04-2026 15:17,5d 21h,FALSE
1149209,Alarm,"ALARM: ""RICB-Oracle-DB-1b-CPU-85%-#Alarm"" in Asia Pacific (Mumbai)",Closed,Not Violated,Critical - P1,Uptime Team,07-04-2026 15:19,5d 21h,FALSE
1149210,Alarm,"ALARM: ""Dev_DevOps_test-Prod-Memory-85%#Alarm"" in Asia Pacific (Mumbai)",Closed,Not Violated,Critical - P1,Uptime Team,07-04-2026 15:20,5d 21h,FALSE
1149211,Alarm,"ALARM: ""flicktv-prod-valkey-cache-ElastiCacheProcessingUnits#Alarm"" in Asia Pacific (Mumbai)",Closed,Not Violated,Critical - P1,Uptime Team,07-04-2026 15:20,5d 21h,FALSE
1149212,Alarm,"ALARM: ""Ankura-Hospitals-Prod-SAPB1-1b-CPU-85%#Alarm"" in Asia Pacific (Mumbai)",Closed,Not Violated,Critical - P1,Uptime Team,07-04-2026 15:22,5d 21h,FALSE
1149214,Alarm,"ALARM: ""Kims-Hospital-KSRVPRDDB-Server-2b-Memory-90%-#Alarm"" in Asia Pacific (Hyderabad)",Closed,Not Violated,-,Uptime Team,07-04-2026 15:24,5d 21h,FALSE
1149216,Alarm,Primarc is Up,Closed,Not Violated,-,Uptime Team,07-04-2026 15:28,5d 21h,FALSE
1149217,Alarm,"ALARM: ""LeeNee-Haldia-Prod-SapB1&DB-1b-New-Memory-85%-#Alarm"" in Asia Pacific (Mumbai)",Closed,Not Violated,Critical - P1,Uptime Team,07-04-2026 15:29,5d 21h,FALSE
1149218,Client,Removal of Unused Plugins and Themes form ET Insights website,Closed,Not Violated,Medium - P3,Enterprise Linux Team,07-04-2026 15:30,5d 21h,FALSE
1149219,Client,Keep pre-live server up and running today 3:30 pm to 6:30 pm,Closed,Not Violated,Medium - P3,Uptime Team,07-04-2026 15:31,5d 21h,FALSE
1149220,Alarm,"ALARM: ""OrganicIndustries-Prod-SapB1-1b-Memory-85%-#Alarm"" in Asia Pacific (Mumbai)",Closed,Not Violated,Critical - P1,Uptime Team,07-04-2026 15:33,5d 21h,FALSE
1149221,Alarm,"ALARM: ""Dev_DevOps_test-Prod-Memory-85%#Alarm"" in Asia Pacific (Mumbai)",Closed,Not Violated,Critical - P1,Uptime Team,07-04-2026 15:34,5d 20h,FALSE
1149222,Alarm,"ALARM: ""softweb-srishti-rds-oracle-21c-Memory-85% #Alarm"" in Asia Pacific (Mumbai)",Closed,Not Violated,Critical - P1,Uptime Team,07-04-2026 15:34,5d 20h,FALSE
1149223,Alarm,"ALARM: ""OrganicIndustries-Prod-SapB1-1b-Memory-85%-#Alarm"" in Asia Pacific (Mumbai)",Closed,Not Violated,Critical - P1,Uptime Team,07-04-2026 15:36,5d 20h,FALSE
1149224,Alarm,"ALARM: ""kfinpwm-hex-prod-rds-Low-FreeableMemory-15%-#Alarm"" in Asia Pacific (Mumbai)",Closed,Not Violated,Critical - P1,Uptime Team,07-04-2026 15:36,5d 20h,FALSE
1149225,Alarm,"ALARM: ""kfinpwm-hex-prod-rds-Low-FreeableMemory-15%-#Alarm"" in Asia Pacific (Mumbai)",Closed,Not Violated,Critical - P1,Uptime Team,07-04-2026 15:36,5d 20h,FALSE
1149226,Alarm,"ALARM: ""MK-Agro-UAT-SSFA-APP-DB-CPU-85%-#Alarm"" in Asia Pacific (Mumbai)",Closed,Not Violated,Critical - P1,Uptime Team,07-04-2026 15:36,5d 20h,FALSE
1149227,Alarm,"ALARM: ""ARS-Steels-Prod-APP-1a-CPU-95%-#Alarm"" in Asia Pacific (Mumbai)",Closed,Not Violated,-,Uptime Team,07-04-2026 15:37,5d 20h,FALSE
1149228,Alarm,"ALARM: ""jmc-prod-app1-1b-Memory-Utilization-85%-Alarm"" in Asia Pacific (Mumbai)",Closed,Not Violated,Critical - P1,Uptime Team,07-04-2026 15:37,5d 20h,FALSE
1149229,Alarm,"ALARM: ""anxiprodb-instace-1-new-16-01-rds#DatabaseConnections"" in Asia Pacific (Sydney)",Closed,Not Violated,Critical - P1,Uptime Team,07-04-2026 15:37,5d 20h,FALSE
1149230,Alarm,Primarc is Down from multiple locations,Closed,Not Violated,-,Enterprise Windows Team,07-04-2026 15:39,5d 20h,FALSE
1149231,Alarm,"ALARM: ""RICB-Oracle-DB-1b-CPU-85%-#Alarm"" in Asia Pacific (Mumbai)",Closed,Not Violated,Critical - P1,Uptime Team,07-04-2026 15:39,5d 20h,FALSE
1149233,Alarm,"ALARM: ""kishorilala-Prod-SAP-B1-1b-Memory-85%#Alarm"" in Asia Pacific (Mumbai)",Closed,Not Violated,Critical - P1,Uptime Team,07-04-2026 15:42,5d 20h,FALSE
1149234,Client,Re:Github code deplyment,Awaiting Customer Response,Not Violated,Medium - P3,DevOps Team,07-04-2026 15:43,5d 20h,FALSE
1149236,Alarm,"ALARM: ""ARS-Steels-Prod-APP-1a-CPU-95%-#Alarm"" in Asia Pacific (Mumbai)",Closed,Not Violated,-,Uptime Team,07-04-2026 15:47,5d 20h,FALSE
1149237,Alarm,"ALARM: ""Ankura-Hospitals-Prod-SAPB1-1b-Memory-85%#ALARM"" in Asia Pacific (Mumbai)",Closed,Not Violated,Critical - P1,Uptime Team,07-04-2026 15:50,5d 20h,FALSE
1149238,Alarm,"ALARM: ""ARS-Steels-Prod-APP-1a-CPU-90%-#Alarm"" in Asia Pacific (Mumbai)",Closed,Not Violated,Critical - P1,Uptime Team,07-04-2026 15:52,5d 20h,FALSE
1149239,Client,New DMS Server,Closed,Not Violated,Medium - P3,Enterprise Linux Team,07-04-2026 15:52,5d 20h,FALSE
1149240,Client,Workmates Backup - No successful backups reminder,Closed,Not Violated,Medium - P3,SMB Linux Team,07-04-2026 15:53,5d 20h,FALSE
1149242,Client,Unable to connect through SSH,Closed,Not Violated,Medium - P3,Enterprise Windows Team,07-04-2026 15:54,5d 20h,FALSE
1149243,Alarm,"ALARM: ""RICB-Oracle-DB-1b-CPU-85%-#Alarm"" in Asia Pacific (Mumbai)",Closed,Not Violated,Critical - P1,Uptime Team,07-04-2026 15:55,5d 20h,FALSE
1149244,Alarm,"ALARM: ""Dev_DevOps_test-Prod-Memory-85%#Alarm"" in Asia Pacific (Mumbai)",Closed,Not Violated,Critical - P1,Uptime Team,07-04-2026 15:56,5d 20h,FALSE
1149245,Alarm,"ALARM: ""JAY-PRECISION-Prod-SAPB1-1b-VolumeWriteBytes-85%#Alarm"" in Asia Pacific (Mumbai)",Closed,Not Violated,Critical - P1,Uptime Team,07-04-2026 15:57,5d 20h,FALSE
1149246,Client,Immediate Action Required: AWS DLT Configuration,Scheduled Activity,Not Violated,Medium - P3,DevOps Team,07-04-2026 15:58,5d 20h,FALSE
1149247,Alarm,"ALARM: ""ARS-Steels-Prod-APP-1a-CPU-90%-#Alarm"" in Asia Pacific (Mumbai)",Closed,Not Violated,Critical - P1,Uptime Team,07-04-2026 15:59,5d 20h,FALSE
1149248,Alarm,"ALARM: ""RICB-Oracle-DB-1b-CPU-85%-#Alarm"" in Asia Pacific (Mumbai)",Closed,Not Violated,Critical - P1,Uptime Team,07-04-2026 15:59,5d 20h,FALSE
1149249,Client,Inconsistent server performance,Closed,Not Violated,Medium - P3,Enterprise Linux Team,07-04-2026 15:59,5d 20h,FALSE
1149250,Alarm,"ALARM: ""Ankura-Hospitals-Prod-SAPB1-1b-CPU-85%#Alarm"" in Asia Pacific (Mumbai)",Closed,Not Violated,Critical - P1,Uptime Team,07-04-2026 16:01,5d 20h,FALSE
1149251,Alarm,"ALARM: ""ARS-Steels-Prod-APP-1a-CPU-95%-#Alarm"" in Asia Pacific (Mumbai)",Closed,Not Violated,-,Uptime Team,07-04-2026 16:02,5d 20h,FALSE
1149252,Alarm,"ALARM: ""Dev_DevOps_test-Prod-Memory-85%#Alarm"" in Asia Pacific (Mumbai)",Closed,Not Violated,Critical - P1,Uptime Team,07-04-2026 16:04,5d 20h,FALSE
1149253,Alarm,"ALARM: ""sai-paramount-db-readreplica-report-85%-#Alarm"" in Asia Pacific (Mumbai)",Closed,Not Violated,Critical - P1,Uptime Team,07-04-2026 16:04,5d 20h,FALSE
1149254,Alarm,"ALARM: ""BB-RPD-SE-UAT-1b-Memory-85%-#Alarm"" in Asia Pacific (Mumbai)",Closed,Not Violated,Critical - P1,Uptime Team,07-04-2026 16:06,5d 20h,FALSE
1149255,Alarm,"ALARM: ""ARS-Steels-Prod-APP-1a-CPU-95%-#Alarm"" in Asia Pacific (Mumbai)",Closed,Not Violated,-,Uptime Team,07-04-2026 16:07,5d 20h,FALSE
1149256,Alarm,"ALARM: ""Annapurna-Operations-Prod-App-1b-CPU-85%-#Alarm"" in Asia Pacific (Mumbai)",Closed,Not Violated,Critical - P1,Uptime Team,07-04-2026 16:11,5d 20h,FALSE
1149257,Alarm,"ALARM: ""SoftWeb-App-pub-server-1b-#CPUUtilization-90%-#ALARM"" in Asia Pacific (Mumbai)",Closed,Not Violated,High - P2,Uptime Team,07-04-2026 16:11,5d 20h,FALSE
1149258,Alarm,"ALARM: ""flicktv-prod-valkey-cache-ElastiCacheProcessingUnits#Alarm"" in Asia Pacific (Mumbai)",Closed,Not Violated,Critical - P1,Uptime Team,07-04-2026 16:12,5d 20h,FALSE
1149259,Alarm,"ALARM: ""OrganicIndustries-Prod-SapB1-1b-Memory-85%-#Alarm"" in Asia Pacific (Mumbai)",Closed,Not Violated,Critical - P1,Uptime Team,07-04-2026 16:14,5d 20h,FALSE
1149260,Client,Detach Slack Integration from Our Previous AWS Account – Amazon Q,Closed,Response Violation,Medium - P3,Enterprise Linux Team,07-04-2026 16:14,5d 20h,TRUE
1149261,Alarm,"ALARM: ""Kims-Hospital-KSRVDMSPRD-Server-2b-Disk(/sapdb)-85%-#Alarm"" in Asia Pacific (Hyderabad)",Closed,Not Violated,-,Uptime Team,07-04-2026 16:14,5d 20h,FALSE
1149262,Alarm,"ALARM: ""Dev_DevOps_test-Prod-Memory-85%#Alarm"" in Asia Pacific (Mumbai)",Closed,Not Violated,Critical - P1,Uptime Team,07-04-2026 16:17,5d 20h,FALSE
1149263,Alarm,"ALARM: ""kishorilala-Prod-SAP-B1-1b-Memory-85%#Alarm"" in Asia Pacific (Mumbai)",Closed,Not Violated,Critical - P1,Uptime Team,07-04-2026 16:17,5d 20h,FALSE
1149264,Alarm,"ALARM: ""RICB-Oracle-DB-1b-CPU-85%-#Alarm"" in Asia Pacific (Mumbai)",Closed,Not Violated,Critical - P1,Uptime Team,07-04-2026 16:19,5d 20h,FALSE
1149265,Alarm,"ALARM: ""ARS-Steels-Prod-APP-1a-CPU-95%-#Alarm"" in Asia Pacific (Mumbai)",Closed,Not Violated,-,Uptime Team,07-04-2026 16:22,5d 20h,FALSE
1149266,Alarm,"ALARM: ""Midland-MIS-Prod-Server-1a-CPU-85%-#Alarm"" in Asia Pacific (Mumbai)",Closed,Not Violated,Critical - P1,Uptime Team,07-04-2026 16:22,5d 20h,FALSE
1149267,Client,Share UAT Loki Credentials with Parthasarathi,Closed,Not Violated,Medium - P3,DevOps Team,07-04-2026 16:22,5d 20h,FALSE
1149268,Alarm,"ALARM: ""Dev_DevOps_test-Prod-Memory-85%#Alarm"" in Asia Pacific (Mumbai)",Closed,Not Violated,Critical - P1,Uptime Team,07-04-2026 16:24,5d 20h,FALSE
1149269,Alarm,"ALARM: ""kfinpwm-hex-prod-rds-Low-FreeableMemory-15%-#Alarm"" in Asia Pacific (Mumbai)",Closed,Not Violated,Critical - P1,Uptime Team,07-04-2026 16:24,5d 20h,FALSE
1149270,Alarm,"ALARM: ""kfinpwm-hex-prod-rds-Low-FreeableMemory-15%-#Alarm"" in Asia Pacific (Mumbai)",Closed,Not Violated,Critical - P1,Uptime Team,07-04-2026 16:24,5d 20h,FALSE
1149271,Client,User Creation,Closed,Not Violated,Medium - P3,Uptime Team,07-04-2026 16:26,5d 20h,FALSE
1149272,Alarm,Argus News is Down from multiple locations,Closed,Not Violated,-,Uptime Team,07-04-2026 16:26,5d 20h,FALSE
1149273,Alarm,"ALARM: ""ARS-Steels-Prod-APP-1a-CPU-90%-#Alarm"" in Asia Pacific (Mumbai)",Closed,Not Violated,Critical - P1,Uptime Team,07-04-2026 16:27,5d 20h,FALSE
1149274,Alarm,Argus News is Up,Closed,Not Violated,-,Uptime Team,07-04-2026 16:27,5d 20h,FALSE
1149275,Alarm,"ALARM: ""RICB-Oracle-DB-1b-CPU-85%-#Alarm"" in Asia Pacific (Mumbai)",Closed,Not Violated,Critical - P1,Uptime Team,07-04-2026 16:29,5d 20h,FALSE
1149276,Alarm,"ALARM: ""jmc-prod-app1-1b-Memory-Utilization-95%-Alarm"" in Asia Pacific (Mumbai)",Closed,Not Violated,Critical - P1,Uptime Team,07-04-2026 16:29,5d 20h,FALSE
1149277,Alarm,"ALARM: ""Dev_DevOps_test-Prod-Memory-85%#Alarm"" in Asia Pacific (Mumbai)",Closed,Not Violated,Critical - P1,Uptime Team,07-04-2026 16:32,5d 20h,FALSE
1149278,Alarm,"ALARM: ""KFIN-AIF-Prod-UTI-1b-Memory-85%-#Alarm"" in Asia Pacific (Mumbai)",Awaiting Customer Response,Not Violated,Critical - P1,Enterprise Windows Team,07-04-2026 16:32,5d 20h,FALSE
1149279,Alarm,"ALARM: ""kims-app-db1-CPU-90%-#Alarm"" in Asia Pacific (Hyderabad)",Closed,Not Violated,Critical - P1,Uptime Team,07-04-2026 16:33,5d 19h,FALSE
1149280,Alarm,"Fwd: ALARM: ""Midland-MIS-Prod-Server-1a-CPU-85%-#Alarm"" in Asia Pacific (Mumbai)",Closed,Not Violated,-,Uptime Team,07-04-2026 16:34,5d 19h,FALSE
1149281,Alarm,"ALARM: ""Dev_DevOps_test-Prod-Memory-85%#Alarm"" in Asia Pacific (Mumbai)",Closed,Not Violated,Critical - P1,Uptime Team,07-04-2026 16:34,5d 19h,FALSE
1149282,Alarm,"ALARM: ""KFIN-WMS-HEX-NEXEDGE2-TG80-UnHealthyHostCount-#Alarm"" in Asia Pacific (Mumbai)",Closed,Not Violated,Critical - P1,Enterprise Windows Team,07-04-2026 16:34,5d 19h,FALSE
1149283,Alarm,"ALARM: ""toorey-prod-rds-toorey-CPUUtilization-stat-max-35%-#Alarm"" in US East (N. Virginia)",Closed,Not Violated,Critical - P1,DevOps Team,07-04-2026 16:35,5d 19h,FALSE
1149284,Alarm,"ALARM: ""awsrds-toorey-High-CPUUtilization"" in US East (N. Virginia)",Closed,Not Violated,Critical - P1,DevOps Team,07-04-2026 16:36,5d 19h,FALSE
1149285,Client,UAT Server Not Reflecting after deployment,Closed,Not Violated,Medium - P3,DevOps Team,07-04-2026 16:36,5d 19h,FALSE
1149286,Alarm,"ALARM: ""NewTownSchool_JIE-Prod-DB-1b-New-2-CPU-85%-utilized-#Alarm"" in Asia Pacific (Mumbai)",Closed,Not Violated,Critical - P1,Uptime Team,07-04-2026 16:36,5d 19h,FALSE
1149287,Alarm,"ALARM: ""ARS-Steels-Prod-APP-1a-CPU-90%-#Alarm"" in Asia Pacific (Mumbai)",Closed,Not Violated,Critical - P1,Uptime Team,07-04-2026 16:37,5d 19h,FALSE
1149288,Alarm,"ALARM: ""ARS-Steels-Prod-APP-1a-CPU-95%-#Alarm"" in Asia Pacific (Mumbai)",Closed,Not Violated,-,Uptime Team,07-04-2026 16:37,5d 19h,FALSE
1149289,Alarm,In10Media is Down from multiple locations,Closed,Not Violated,-,Uptime Team,07-04-2026 16:37,5d 19h,FALSE
1149290,Alarm,"ALARM: ""anxiprodb-instace-1-new-16-01-rds#DatabaseConnections"" in Asia Pacific (Sydney)",Closed,Not Violated,Critical - P1,Uptime Team,07-04-2026 16:37,5d 19h,FALSE
1149291,Alarm,In10Media is Up,Closed,Not Violated,-,Uptime Team,07-04-2026 16:38,5d 19h,FALSE
1149292,Alarm,"ALARM: ""sepl-prod-mysql-RDS-DBconnections-200-#Alarm"" in Asia Pacific (Mumbai)",Closed,Not Violated,Critical - P1,Uptime Team,07-04-2026 16:44,5d 19h,FALSE
1149294,Alarm,"ALARM: ""softweb-srishti-rds-oracle-21c-Memory-85% #Alarm"" in Asia Pacific (Mumbai)",Closed,Not Violated,Critical - P1,Uptime Team,07-04-2026 16:47,5d 19h,FALSE
1149295,Alarm,"ALARM: ""SoftWeb-App-pub-server-1b-#CPUUtilization-90%-#ALARM"" in Asia Pacific (Mumbai)",Closed,Not Violated,High - P2,Uptime Team,07-04-2026 16:48,5d 19h,FALSE
1149296,Alarm,"ALARM: ""Eleve-Diamonds-ALB-4XX-#ALARM"" in Asia Pacific (Mumbai)",Closed,Not Violated,Critical - P1,Uptime Team,07-04-2026 16:48,5d 19h,FALSE
1149297,Alarm,"ALARM: ""SoftWeb-App-pub-server-1b-#CPUUtilization-90%-#ALARM"" in Asia Pacific (Mumbai)",Closed,Not Violated,High - P2,Uptime Team,07-04-2026 16:50,5d 19h,FALSE
1149299,Alarm,"ALARM: ""Duroply-prod-SAPB1-Server1-Memory-85%-#Alarm"" in Asia Pacific (Mumbai)",Closed,Not Violated,Critical - P1,Uptime Team,07-04-2026 16:52,5d 19h,FALSE
1149300,Alarm,"ALARM: ""SoftWeb-App-pub-server-1b-#CPUUtilization-90%-#ALARM"" in Asia Pacific (Mumbai)",Closed,Not Violated,High - P2,Uptime Team,07-04-2026 16:52,5d 19h,FALSE
1149301,Alarm,"ALARM: ""Dev_DevOps_test-Prod-Memory-85%#Alarm"" in Asia Pacific (Mumbai)",Closed,Not Violated,Critical - P1,Uptime Team,07-04-2026 16:54,5d 19h,FALSE
1149302,Alarm,"ALARM: ""SoftWeb-DB-Pvt-1b-#CPUUtilization-95%-#ALARM"" in Asia Pacific (Mumbai)",Closed,Not Violated,Critical - P1,Uptime Team,07-04-2026 16:54,5d 19h,FALSE
1149303,Alarm,"ALARM: ""anxiprodb-instace-1-new-16-01-rds#DatabaseConnections"" in Asia Pacific (Sydney)",Closed,Not Violated,Critical - P1,Uptime Team,07-04-2026 16:54,5d 19h,FALSE
1149304,Alarm,"ALARM: ""anxiprodb-instace-1-new-16-01-rds#DatabaseConnections"" in Asia Pacific (Sydney)",Closed,Not Violated,Critical - P1,Uptime Team,07-04-2026 16:56,5d 19h,FALSE
1149305,Alarm,"ALARM: ""SoftWeb-DB-Pvt-1b-#CPUUtilization-95%-#ALARM"" in Asia Pacific (Mumbai)",Closed,Not Violated,Critical - P1,Uptime Team,07-04-2026 16:58,5d 19h,FALSE
1149306,Alarm,"ALARM: ""OrganicIndustries-Prod-SapB1-1b-Memory-85%-#Alarm"" in Asia Pacific (Mumbai)",Closed,Not Violated,Critical - P1,Uptime Team,07-04-2026 16:58,5d 19h,FALSE
1149307,Alarm,"ALARM: ""Ankura-Hospitals-Prod-SAPB1-1b-Memory-85%#ALARM"" in Asia Pacific (Mumbai)",Closed,Not Violated,Critical - P1,Uptime Team,07-04-2026 17:01,5d 19h,FALSE
1149308,Alarm,"ALARM: ""SoftWeb-App-pub-server-1b-#CPUUtilization-90%-#ALARM"" in Asia Pacific (Mumbai)",Closed,Not Violated,High - P2,Uptime Team,07-04-2026 17:01,5d 19h,FALSE
1149309,Client,Request to Maintain Minimum Instance Count for Production ASG,Closed,Not Violated,Medium - P3,Enterprise Linux Team,07-04-2026 17:01,5d 19h,FALSE
1149310,Alarm,"ALARM: ""Ankura-Hospitals-Prod-SAPB1-1b-CPU-85%#Alarm"" in Asia Pacific (Mumbai)",Closed,Not Violated,Critical - P1,Uptime Team,07-04-2026 17:02,5d 19h,FALSE
1149312,Alarm,"ALARM: ""Dev_DevOps_test-Prod-Memory-85%#Alarm"" in Asia Pacific (Mumbai)",Closed,Not Violated,Critical - P1,Uptime Team,07-04-2026 17:05,5d 19h,FALSE
1149313,Client,Request to Maintain Current Instance Type and Count,Closed,Not Violated,Medium - P3,Enterprise Linux Team,07-04-2026 17:05,5d 19h,FALSE
1149314,Alarm,"ALARM: ""SoftWeb-App-pub-server-1b-#CPUUtilization-90%-#ALARM"" in Asia Pacific (Mumbai)",Closed,Not Violated,High - P2,Uptime Team,07-04-2026 17:06,5d 19h,FALSE
1149315,Alarm,"ALARM: ""kims-app-db1-CPU-90%-#Alarm"" in Asia Pacific (Hyderabad)",Closed,Not Violated,Critical - P1,Uptime Team,07-04-2026 17:06,5d 19h,FALSE
1149316,Alarm,"ALARM: ""kishorilala-Prod-SAP-B1-1b-Memory-85%#Alarm"" in Asia Pacific (Mumbai)",Closed,Not Violated,Critical - P1,Uptime Team,07-04-2026 17:08,5d 19h,FALSE
1149317,Alarm,"ALARM: ""SoftWeb-DB-Pvt-1b-#CPUUtilization-95%-#ALARM"" in Asia Pacific (Mumbai)",Closed,Not Violated,Critical - P1,Uptime Team,07-04-2026 17:12,5d 19h,FALSE
1149318,Alarm,"ALARM: ""hoichoi-aws-aps1-prod-ecs-hoichoi-content_high_memory_util_alarm"" in Asia Pacific (Mumbai)",Closed,Not Violated,Critical - P1,Uptime Team,07-04-2026 17:14,5d 19h,FALSE
1149319,Alarm,"ALARM: ""SkipperLimited-Prod-DB-1a-CPU-90%-#Alarm"" in Asia Pacific (Mumbai)",Closed,Not Violated,Critical - P1,Uptime Team,07-04-2026 17:16,5d 19h,FALSE
1149320,Client,VPN Profile Creation Request for Tableau Access,Closed,Not Violated,Medium - P3,Uptime Team,07-04-2026 17:18,5d 19h,FALSE
1149321,Alarm,"ALARM: ""kishorilala-Prod-SAP-B1-1b-Memory-85%#Alarm"" in Asia Pacific (Mumbai)",Closed,Not Violated,Critical - P1,Uptime Team,07-04-2026 17:25,5d 19h,FALSE
1149322,Alarm,"ALARM: ""Dev_DevOps_test-Prod-Memory-85%#Alarm"" in Asia Pacific (Mumbai)",Closed,Not Violated,Critical - P1,Uptime Team,07-04-2026 17:26,5d 19h,FALSE
1149323,Alarm,"ALARM: ""SoftWeb-DB-Pvt-1b-#CPUUtilization-95%-#ALARM"" in Asia Pacific (Mumbai)",Closed,Not Violated,Critical - P1,Uptime Team,07-04-2026 17:26,5d 19h,FALSE
1149324,Alarm,"ALARM: ""PragtiMilk-MobileApp+DB Server-1b-CPU-85%-#Alarm"" in Asia Pacific (Mumbai)",Closed,Not Violated,Critical - P1,Uptime Team,07-04-2026 17:27,5d 19h,FALSE
1149325,Alarm,Argus News is Down from multiple locations,Closed,Not Violated,-,Uptime Team,07-04-2026 17:28,5d 19h,FALSE
1149326,Client,Re: Request for Pragati DEV & QAS open.,Closed,Not Violated,Medium - P3,Uptime Team,07-04-2026 17:29,5d 19h,FALSE
1149327,Alarm,"ALARM: ""Bazoki-Prod-App-1b-CPU-85%#Alarms"" in Asia Pacific (Mumbai)",Closed,Not Violated,Critical - P1,Uptime Team,07-04-2026 17:30,5d 19h,FALSE
1149328,Alarm,Argus News is Up,Closed,Not Violated,-,Uptime Team,07-04-2026 17:30,5d 19h,FALSE
1149329,Alarm,ALARM - CPUUtilization of Lightsail Instance,Closed,Not Violated,-,Uptime Team,07-04-2026 17:31,5d 19h,FALSE
1149330,Alarm,ALARM - CPUUtilization of Lightsail Instance,Closed,Not Violated,-,Uptime Team,07-04-2026 17:31,5d 19h,FALSE
1149331,Alarm,"ALARM: ""SoftWeb-App-pub-server-1b-#CPUUtilization-90%-#ALARM"" in Asia Pacific (Mumbai)",Closed,Not Violated,High - P2,Uptime Team,07-04-2026 17:31,5d 19h,FALSE
1149332,Alarm,"ALARM: ""Midland-Tableau-Prod-Server-1a_CPUUtilization_90%_#Alarm"" in Asia Pacific (Mumbai)",Closed,Not Violated,High - P2,Uptime Team,07-04-2026 17:32,5d 19h,FALSE
1149333,Alarm,Argus News is Down from multiple locations,Closed,Not Violated,-,Uptime Team,07-04-2026 17:33,5d 18h,FALSE
1149334,Alarm,"ALARM: ""Dev_DevOps_test-Prod-Memory-85%#Alarm"" in Asia Pacific (Mumbai)",Closed,Not Violated,Critical - P1,Uptime Team,07-04-2026 17:34,5d 18h,FALSE
1149335,Alarm,"ALARM: ""Eleve-Diamonds-ALB-4XX-#ALARM"" in Asia Pacific (Mumbai)",Closed,Not Violated,Critical - P1,Uptime Team,07-04-2026 17:34,5d 18h,FALSE
1149336,Alarm,"ALARM: ""ARS-Steels-Prod-DB-1a-Disk D-85%-#Alarm"" in Asia Pacific (Mumbai)",Closed,Not Violated,Critical - P1,Uptime Team,07-04-2026 17:35,5d 18h,FALSE
1149337,Alarm,"ALARM: ""BDG-Metal-Prod-App-1b-C.P.U-85%#Alarm"" in Asia Pacific (Mumbai)",Closed,Not Violated,High - P2,Uptime Team,07-04-2026 17:37,5d 18h,FALSE
1149338,Alarm,"ALARM: ""Arundhati-Jewellers-DB-1b-CPU-85%-#Alarm"" in Asia Pacific (Mumbai)",Closed,Not Violated,Critical - P1,Uptime Team,07-04-2026 17:37,5d 18h,FALSE
1149339,Alarm,Argus News is Up,Closed,Not Violated,-,Uptime Team,07-04-2026 17:38,5d 18h,FALSE
1149341,Alarm,"ALARM: ""kfinpwm-hex-prod-rds-Low-FreeableMemory-15%-#Alarm"" in Asia Pacific (Mumbai)",Closed,Not Violated,Critical - P1,Uptime Team,07-04-2026 17:39,5d 18h,FALSE
1149342,Alarm,"ALARM: ""kfinpwm-hex-prod-rds-Low-FreeableMemory-15%-#Alarm"" in Asia Pacific (Mumbai)",Closed,Not Violated,Critical - P1,Uptime Team,07-04-2026 17:39,5d 18h,FALSE
1149343,Alarm,"ALARM: ""Duroply-prod-SAPB1-Server1-Memory-85%-#Alarm"" in Asia Pacific (Mumbai)",Closed,Not Violated,Critical - P1,Uptime Team,07-04-2026 17:41,5d 18h,FALSE
1149344,Alarm,"ALARM: ""Arundhati-Jewellers-DB-1b-CPU-95%-#Alarm"" in Asia Pacific (Mumbai)",Closed,Not Violated,Critical - P1,Uptime Team,07-04-2026 17:41,5d 18h,FALSE
1149345,Alarm,"ALARM: ""Midland-Tableau-Prod-Server-1a_CPUUtilization_90%_#Alarm"" in Asia Pacific (Mumbai)",Closed,Not Violated,High - P2,Uptime Team,07-04-2026 17:42,5d 18h,FALSE
1149346,Alarm,"ALARM: ""Bazoki-Prod-App-1b-CPU-85%#Alarms"" in Asia Pacific (Mumbai)",Closed,Not Violated,Critical - P1,Uptime Team,07-04-2026 17:42,5d 18h,FALSE
1149347,Alarm,"ALARM: ""anxiprodb-instace-1-new-16-01-rds#DatabaseConnections"" in Asia Pacific (Sydney)",Closed,Not Violated,Critical - P1,Uptime Team,07-04-2026 17:46,5d 18h,FALSE
1149348,Alarm,"ALARM: ""kims-app-db1-CPU-90%-#Alarm"" in Asia Pacific (Hyderabad)",Closed,Not Violated,Critical - P1,Uptime Team,07-04-2026 17:47,5d 18h,FALSE
1149349,Client,for server continuation till 11 pm by today,Closed,Not Violated,Medium - P3,Uptime Team,07-04-2026 17:47,5d 18h,FALSE
1149350,Alarm,"ALARM: ""Arundhati-Jewellers-DB-1b-CPU-95%-#Alarm"" in Asia Pacific (Mumbai)",Closed,Not Violated,Critical - P1,Uptime Team,07-04-2026 17:49,5d 18h,FALSE
1149351,Client,VPN user access,Closed,Not Violated,Medium - P3,Uptime Team,07-04-2026 17:51,5d 18h,FALSE
1149352,Alarm,"ALARM: ""SoftWeb-App-pub-server-1b-#CPUUtilization-90%-#ALARM"" in Asia Pacific (Mumbai)",Closed,Not Violated,High - P2,Uptime Team,07-04-2026 17:52,5d 18h,FALSE
1149353,Client,Workmates Backup - No successful backups reminder,Closed,Not Violated,Medium - P3,SMB Linux Team,07-04-2026 17:53,5d 18h,FALSE
1149354,Alarm,"ALARM: ""KFIN-WMS-HEX-NEXEDGE2-TG80-UnHealthyHostCount-#Alarm"" in Asia Pacific (Mumbai)",Closed,Not Violated,Critical - P1,Enterprise Windows Team,07-04-2026 17:53,5d 18h,FALSE
1149356,Client,MHS Api Deployment,Closed,Not Violated,Medium - P3,SMB Linux Team,07-04-2026 17:55,5d 18h,FALSE
1149357,Alarm,"ALARM: ""Arundhati-Jewellers-DB-1b-CPU-95%-#Alarm"" in Asia Pacific (Mumbai)",Closed,Not Violated,Critical - P1,Uptime Team,07-04-2026 17:57,5d 18h,FALSE
1149359,Client,Re: Low Disk Space on Audit Application Server,Closed,Not Violated,Medium - P3,SMB Windows Team,07-04-2026 18:01,5d 18h,FALSE
1149360,Alarm,"ALARM: ""hoichoi-aws-aps1-prod-ecs-hoichoi-analytics_high_cpu_util_alarm"" in Asia Pacific (Mumbai)",Closed,Not Violated,Critical - P1,Uptime Team,07-04-2026 18:01,5d 18h,FALSE
1149361,Alarm,"ALARM: ""hoichoi-aws-aps1-prod-ecs-hoichoi-analytics_high_cpu_util_alarm"" in Asia Pacific (Mumbai)",Closed,Not Violated,Critical - P1,Uptime Team,07-04-2026 18:04,5d 18h,FALSE
1149362,Client,Unable to Access Server,Closed,Not Violated,Medium - P3,SMB Linux Team,07-04-2026 18:08,5d 18h,FALSE
1149363,Alarm,"ALARM: ""Absolute-Barbeque-Prod-SAPB1-1b-CPU-85%#Alarm"" in Asia Pacific (Mumbai)",Closed,Not Violated,Critical - P1,Uptime Team,07-04-2026 18:13,5d 18h,FALSE
1149364,Alarm,"ALARM: ""Midland-MIS-Prod-Server-1a-FreeSpace-Disk(D)-10%-#Alarm"" in Asia Pacific (Mumbai)",Closed,Not Violated,Critical - P1,Uptime Team,07-04-2026 18:14,5d 18h,FALSE
1149365,Client,[Case 177556594000115] Customer Added Communication: instance check fail issue,Closed,Not Violated,Medium - P3,Uptime Team,07-04-2026 18:15,5d 18h,FALSE
1149366,Client,Amazon Web Services: You have opened a new Support case: 177556594000115,Closed,Not Violated,Medium - P3,Uptime Team,07-04-2026 18:15,5d 18h,FALSE
1149367,Alarm,"ALARM: ""SoftWeb-DB-Pvt-1b-#CPUUtilization-95%-#ALARM"" in Asia Pacific (Mumbai)",Closed,Not Violated,Critical - P1,Uptime Team,07-04-2026 18:16,5d 18h,FALSE
1149368,Alarm,"ALARM: ""GoApptiv-Prod-SAP-B1-1b-Disk(C:)-85%-#Alarm"" in Asia Pacific (Mumbai)",Closed,Not Violated,Medium - P3,SMB Linux Team,07-04-2026 18:16,5d 18h,FALSE
1149369,Alarm,"ALARM: ""anxiprodb-instace-1-new-16-01-rds#DatabaseConnections"" in Asia Pacific (Sydney)",Closed,Not Violated,Critical - P1,Uptime Team,07-04-2026 18:16,5d 18h,FALSE
1149370,Alarm,"ALARM: ""KFINAIF-Hex-Prod-CPU-85%-#Alarm"" in Asia Pacific (Mumbai)",Closed,Not Violated,Critical - P1,Uptime Team,07-04-2026 18:16,5d 18h,FALSE
1149371,Alarm,"ALARM: ""KFINAIF-Hex-Prod-CPU-85%-#Alarm"" in Asia Pacific (Mumbai)",Closed,Not Violated,Critical - P1,Uptime Team,07-04-2026 18:16,5d 18h,FALSE
1149372,Alarm,"ALARM: ""Absolute-Barbeque-Prod-SAPB1-1b-CPU-85%#Alarm"" in Asia Pacific (Mumbai)",Closed,Not Violated,Critical - P1,Uptime Team,07-04-2026 18:17,5d 18h,FALSE
1149374,Alarm,"ALARM: ""hexa-aif-MF-TG-7443-UnHealthyHostCount-#Alarm"" in Asia Pacific (Mumbai)",Closed,Not Violated,Critical - P1,Uptime Team,07-04-2026 18:19,5d 18h,FALSE
1149375,Alarm,"ALARM: ""hoichoi-aws-aps1-prod-ecs-hoichoi-analytics_high_cpu_util_alarm"" in Asia Pacific (Mumbai)",Closed,Not Violated,Critical - P1,Uptime Team,07-04-2026 18:19,5d 18h,FALSE
1149376,Client,BT Partner API - Production Deployment,Closed,Not Violated,Medium - P3,SMB Linux Team,07-04-2026 18:20,5d 18h,FALSE
1149377,Client,AMPL-Audit-Prod-App-Server-1b disk(root),Closed,Not Violated,--Select--,SMB Windows Team,07-04-2026 18:21,5d 18h,FALSE
1149378,Alarm,"ALARM: ""MSP-Steel-KOL-VpnConnection-Tunnel1#Alarm"" in Asia Pacific (Mumbai)",Closed,Not Violated,Critical - P1,Uptime Team,07-04-2026 18:22,5d 18h,FALSE
1149379,Alarm,"ALARM: ""dspace-Prod-RDS-CPUUtilization-85%-#Alarm"" in Asia Pacific (Mumbai)",Closed,Not Violated,Critical - P1,Uptime Team,07-04-2026 18:23,5d 18h,FALSE
1149380,Alarm,"ALARM: ""anxiprodb-instace-1-new-16-01-rds#DatabaseConnections"" in Asia Pacific (Sydney)",Closed,Not Violated,Critical - P1,Uptime Team,07-04-2026 18:25,5d 18h,FALSE
1149381,Client,RE:[CASE 177556594000115] instance check fail issue,Closed,Not Violated,Medium - P3,Enterprise Windows Team,07-04-2026 18:25,5d 18h,FALSE
1149382,Alarm,"ALARM: ""flicktv-prod-valkey-cache-ElastiCacheProcessingUnits#Alarm"" in Asia Pacific (Mumbai)",Closed,Not Violated,Critical - P1,Uptime Team,07-04-2026 18:26,5d 18h,FALSE
1149383,Alarm,"ALARM: ""Arundhati-Jewellers-DB-1b-CPU-95%-#Alarm"" in Asia Pacific (Mumbai)",Closed,Not Violated,Critical - P1,Uptime Team,07-04-2026 18:26,5d 18h,FALSE
1149384,Client,Migration to S3,Closed,Not Violated,Medium - P3,SMB Linux Team,07-04-2026 18:28,5d 18h,FALSE
1149385,Alarm,"ALARM: ""dspace-Prod-RDS-CPUUtilization-85%-#Alarm"" in Asia Pacific (Mumbai)",Closed,Not Violated,Critical - P1,Uptime Team,07-04-2026 18:28,5d 18h,FALSE
1149386,Alarm,"ALARM: ""kishorilala-Prod-SAP-B1-1b-Memory-85%#Alarm"" in Asia Pacific (Mumbai)",Closed,Not Violated,Critical - P1,Uptime Team,07-04-2026 18:28,5d 18h,FALSE
1149387,Alarm,"ALARM: ""Kims-Hospital-KSRVPRDDB-Server-2b-Memory-90%-#Alarm"" in Asia Pacific (Hyderabad)",Closed,Not Violated,-,Uptime Team,07-04-2026 18:30,5d 18h,FALSE
1149388,Alarm,"ALARM: ""AMPL-Audit-Prod-App-Server-1b-Disk(Root)-85%-#Alarm"" in Asia Pacific (Mumbai)",Closed,Not Violated,-,Uptime Team,07-04-2026 18:30,5d 18h,FALSE
1149389,Alarm,"ALARM: ""anxiprodb-instace-1-new-16-01-rds#DatabaseConnections"" in Asia Pacific (Sydney)",Closed,Not Violated,Critical - P1,Uptime Team,07-04-2026 18:31,5d 18h,FALSE
1149390,Alarm,"ALARM: ""Absolute-Barbeque-Prod-SAPB1-1b-CPU-85%#Alarm"" in Asia Pacific (Mumbai)",Closed,Not Violated,Critical - P1,Uptime Team,07-04-2026 18:31,5d 18h,FALSE
1149392,Alarm,"ALARM: ""anxiprodb-instace-1-new-16-01-rds#DatabaseConnections"" in Asia Pacific (Sydney)",Closed,Not Violated,Critical - P1,Uptime Team,07-04-2026 18:37,5d 17h,FALSE
1149394,Alarm,"ALARM: ""Absolute-Barbeque-Prod-SAPB1-1b-CPU-85%#Alarm"" in Asia Pacific (Mumbai)",Closed,Not Violated,Critical - P1,Uptime Team,07-04-2026 18:39,5d 17h,FALSE
1149395,Alarm,"ALARM: ""Absolute-Barbeque-Prod-SAPB1-1b-CPU-95%#Alarm"" in Asia Pacific (Mumbai)",Closed,Not Violated,Critical - P1,Uptime Team,07-04-2026 18:42,5d 17h,FALSE
1149397,Alarm,"ALARM: ""Arundhati-Jewellers-DB-1b-CPU-85%-#Alarm"" in Asia Pacific (Mumbai)",Closed,Not Violated,Critical - P1,Uptime Team,07-04-2026 18:45,5d 17h,FALSE
1149398,Alarm,"ALARM: ""LeeNee-Rama-Overseas-Prod-App-1b-Disk(C)-VolumeAvgThroughput#Alarm"" in Asia Pacific (Mumbai)",Closed,Not Violated,Critical - P1,Uptime Team,07-04-2026 18:46,5d 17h,FALSE
1149399,Alarm,"ALARM: ""Arundhati-Jewellers-DB-1b-CPU-95%-#Alarm"" in Asia Pacific (Mumbai)",Closed,Not Violated,Critical - P1,Uptime Team,07-04-2026 18:46,5d 17h,FALSE
1149400,Alarm,"ALARM: ""Dynamic-Equitties-dl-websites-Prod-1b-New-CPUUtilization-85%-#A..."" in Asia Pacific (Mumbai)",Closed,Not Violated,Critical - P1,Uptime Team,07-04-2026 18:48,5d 17h,FALSE
1149401,Alarm,"ALARM: ""Absolute-Barbeque-Prod-SAPB1-1b-CPU-85%#Alarm"" in Asia Pacific (Mumbai)",Closed,Not Violated,Critical - P1,Uptime Team,07-04-2026 18:51,5d 17h,FALSE
1149402,Alarm,"ALARM: ""SoftWeb-App-pub-server-1b-#CPUUtilization-90%-#ALARM"" in Asia Pacific (Mumbai)",Closed,Not Violated,High - P2,Uptime Team,07-04-2026 18:52,5d 17h,FALSE
1149403,Alarm,[Action May be Required] AWS Config Service-Linked Rules Update for AWS Security Hub CSPM [AWS Account: 324050363265],Closed,Not Violated,Medium - P3,Enterprise Windows Team,07-04-2026 18:54,5d 17h,FALSE
1149404,Client,Assistance Required: Connectivity Between Solr Cluster and Andaman State Archives Application,Awaiting Customer Response,Not Violated,Medium - P3,Enterprise Linux Team,07-04-2026 18:59,5d 17h,FALSE
1149405,Client,CloudFront & S3 Cost Spike – Analysis & Required Actions | CTVN,Closed,Not Violated,Medium - P3,Enterprise Linux Team,07-04-2026 19:01,5d 17h,FALSE
1149406,Alarm,Argus News is Down from multiple locations,Closed,Not Violated,-,Uptime Team,07-04-2026 19:01,5d 17h,FALSE
1149407,Alarm,Argus News is Up,Closed,Not Violated,-,Uptime Team,07-04-2026 19:01,5d 17h,FALSE
1149408,Client,Workmates-MSP360-Reports,Closed,Not Violated,Medium - P3,SMB Linux Team,07-04-2026 19:01,5d 17h,FALSE
1149409,Alarm,"ALARM: ""Midland-CKYC-Prod-Server-1a_CPUUtilization_85%_#Alarm"" in Asia Pacific (Mumbai)",Closed,Not Violated,-,Uptime Team,07-04-2026 19:03,5d 17h,FALSE
1149410,Alarm,[Action May be Required] AWS Config Service-Linked Rules Update for AWS Security Hub CSPM [AWS Account: 295216128092],Closed,Not Violated,Medium - P3,Enterprise Linux Team,07-04-2026 19:04,5d 17h,FALSE
1149411,Alarm,Shifa Hospitals is Down from multiple locations,Closed,Not Violated,-,Uptime Team,07-04-2026 19:04,5d 17h,FALSE
1149412,Alarm,"ALARM: ""AFPL-Prod-Seceon-CCE-Pub-1b-Memory-85%-#Alarms"" in Asia Pacific (Mumbai)",Closed,Not Violated,Critical - P1,Uptime Team,07-04-2026 19:06,5d 17h,FALSE
1149413,Alarm,"ALARM: ""AMPL-Audit-Prod-App-Server-1b-Disk(Root)-85%-#Alarm"" in Asia Pacific (Mumbai)",Closed,Not Violated,-,Uptime Team,07-04-2026 19:06,5d 17h,FALSE
1149417,Alarm,"ALARM: ""softweb-srishti-rds-oracle-21c-Memory-85% #Alarm"" in Asia Pacific (Mumbai)",Closed,Not Violated,Critical - P1,Uptime Team,07-04-2026 19:16,5d 17h,FALSE
1149418,Alarm,Argus News is Down from multiple locations,Closed,Not Violated,-,Uptime Team,07-04-2026 19:16,5d 17h,FALSE
1149421,Alarm,Argus News is Up,Closed,Not Violated,-,Uptime Team,07-04-2026 19:17,5d 17h,FALSE
1149422,Alarm,[Action May be Required] AWS Config Service-Linked Rules Update for AWS Security Hub CSPM [AWS Account: 211125744402],Closed,Not Violated,Medium - P3,DevOps Team,07-04-2026 19:18,5d 17h,FALSE
1149423,Alarm,"ALARM: ""Arundhati-Jewellers-DB-1b-CPU-85%-#Alarm"" in Asia Pacific (Mumbai)",Closed,Not Violated,Critical - P1,Uptime Team,07-04-2026 19:23,5d 17h,FALSE
1149424,Alarm,"ALARM: ""anxiprodb-instace-1-new-16-01-rds#DatabaseConnections"" in Asia Pacific (Sydney)",Closed,Not Violated,Critical - P1,Uptime Team,07-04-2026 19:29,5d 17h,FALSE
1149425,Alarm,"ALARM: ""OPHWC-DEV-QAS-HANA-Pvt-1b-Memory-85%-#Alarm"" in Asia Pacific (Mumbai)",Closed,Not Violated,Critical - P1,Uptime Team,07-04-2026 19:31,5d 17h,FALSE
1149426,Alarm,"ALARM: ""hoichoi-aws-aps1-prod-ecs-hoichoi-identity_high_cpu_util_alarm"" in Asia Pacific (Mumbai)",Closed,Not Violated,Critical - P1,Uptime Team,07-04-2026 19:33,5d 17h,FALSE
1149427,Alarm,"ALARM: ""flicktv-prod-valkey-cache-ElastiCacheProcessingUnits#Alarm"" in Asia Pacific (Mumbai)",Closed,Not Violated,Critical - P1,Uptime Team,07-04-2026 19:33,5d 16h,FALSE
1149428,Alarm,"ALARM: ""Magpet-Prod-SAP-New-Pub-NEW-CPU-85%-#Alarm"" in Asia Pacific (Mumbai)",Closed,Not Violated,Critical - P1,Uptime Team,07-04-2026 19:36,5d 16h,FALSE
1149429,Alarm,"ALARM: ""KhimjiJwellers-Prod-DB-1b-CPU-85%-Alarm"" in Asia Pacific (Mumbai)",Closed,Not Violated,Critical - P1,Uptime Team,07-04-2026 19:36,5d 16h,FALSE
1149430,Alarm,"ALARM: ""Critical-KhimjiJwellers-Prod-DB-1b-CPU-95%#Alarm"" in Asia Pacific (Mumbai)",Closed,Not Violated,Critical - P1,Uptime Team,07-04-2026 19:36,5d 16h,FALSE
1149431,Alarm,"ALARM: ""softweb-srishti-rds-oracle-21c-Memory-85% #Alarm"" in Asia Pacific (Mumbai)",Closed,Not Violated,Critical - P1,Uptime Team,07-04-2026 19:40,5d 16h,FALSE
1149432,Alarm,"ALARM: ""softweb-srishti-rds-oracle-21c-CPU-85% #Alarm"" in Asia Pacific (Mumbai)",Closed,Not Violated,Critical - P1,Uptime Team,07-04-2026 19:41,5d 16h,FALSE
1149433,Alarm,"ALARM: ""Verma-Jewellers-Prod-DB-1b-CPU-85%-#ALARM"" in Asia Pacific (Mumbai)",Closed,Not Violated,Critical - P1,Uptime Team,07-04-2026 19:42,5d 16h,FALSE
1149434,Alarm,"ALARM: ""Verma-Jewellers-Prod-DB-1b-CPU-95%-#ALARM"" in Asia Pacific (Mumbai)",Closed,Not Violated,Critical - P1,Uptime Team,07-04-2026 19:43,5d 16h,FALSE
1149435,Alarm,"ALARM: ""flicktv-prod-valkey-cache-ElastiCacheProcessingUnits#Alarm"" in Asia Pacific (Mumbai)",Closed,Not Violated,Critical - P1,Uptime Team,07-04-2026 19:43,5d 16h,FALSE
1149436,Alarm,"ALARM: ""Arjava-Advisor-ClickHouse-DB-1b-Disk(Root)-85%-#Alarm"" in Asia Pacific (Mumbai)",Closed,Not Violated,Critical - P1,Uptime Team,07-04-2026 19:49,5d 16h,FALSE
1149437,Alarm,"ALARM: ""flicktv-prod-valkey-cache-ElastiCacheProcessingUnits#Alarm"" in Asia Pacific (Mumbai)",Closed,Not Violated,Critical - P1,Uptime Team,07-04-2026 19:50,5d 16h,FALSE
1149440,Alarm,"ALARM: ""flicktv-prod-valkey-cache-ElastiCacheProcessingUnits#Alarm"" in Asia Pacific (Mumbai)",Closed,Not Violated,Critical - P1,Uptime Team,07-04-2026 19:57,5d 16h,FALSE
1149441,Alarm,AWS Notification Message,Closed,Not Violated,Medium - P3,Uptime Team,07-04-2026 20:00,5d 16h,FALSE
1149443,Alarm,AWS Notification Message,Closed,Not Violated,Medium - P3,Uptime Team,07-04-2026 20:00,5d 16h,FALSE
1149442,Alarm,AWS Notification Message,Closed,Not Violated,Medium - P3,Uptime Team,07-04-2026 20:00,5d 16h,FALSE
1149444,Alarm,"ALARM: ""Kims-Hospital-KSRVPRDDB-Server-2b-Memory-90%-#Alarm"" in Asia Pacific (Hyderabad)",Closed,Not Violated,-,Uptime Team,07-04-2026 20:03,5d 16h,FALSE
1149445,Alarm,"ALARM: ""flicktv-prod-valkey-cache-ElastiCacheProcessingUnits#Alarm"" in Asia Pacific (Mumbai)",Closed,Not Violated,Critical - P1,Uptime Team,07-04-2026 20:03,5d 16h,FALSE
1149446,Alarm,"ALARM: ""AMPL-Audit-Prod-VPN-1b-StatusCheckFailed_Instance-#Alarm"" in Asia Pacific (Mumbai)",Closed,Not Violated,Critical - P1,Uptime Team,07-04-2026 20:06,5d 16h,FALSE
1149447,Alarm,"ALARM: ""AMPL-Audit-Prod-App-Server-1b-Disk(Root)-85%-#Alarm"" in Asia Pacific (Mumbai)",Closed,Not Violated,-,Uptime Team,07-04-2026 20:08,5d 16h,FALSE
1149448,Alarm,"ALARM: ""anxiprodb-instace-1-new-16-01-rds#DatabaseConnections"" in Asia Pacific (Sydney)",Closed,Not Violated,Critical - P1,Uptime Team,07-04-2026 20:09,5d 16h,FALSE
1149449,Client,Required New User,Closed,Not Violated,Medium - P3,Uptime Team,07-04-2026 20:10,5d 16h,FALSE
1149450,Alarm,"ALARM: ""AFPL-Prod-Seceon-CCE-Pub-1b-Memory-85%-#Alarms"" in Asia Pacific (Mumbai)",Closed,Not Violated,Critical - P1,Uptime Team,07-04-2026 20:10,5d 16h,FALSE
1149452,Alarm,"ALARM: ""BDG-Metal-Prod-DB-1b-Disk(D:)-90%#Alarm"" in Asia Pacific (Mumbai)",Closed,Not Violated,-,Uptime Team,07-04-2026 20:15,5d 16h,FALSE
1149453,Alarm,"ALARM: ""softweb-srishti-rds-oracle-21c-Memory-85% #Alarm"" in Asia Pacific (Mumbai)",Closed,Not Violated,Critical - P1,Uptime Team,07-04-2026 20:18,5d 16h,FALSE
1149454,Alarm,"ALARM: ""SS-RS-PROD-API-5-AP-1b-CPU-85%-#Alarm"" in Asia Pacific (Mumbai)",Closed,Not Violated,Critical - P1,Uptime Team,07-04-2026 20:22,5d 16h,FALSE
1149455,Alarm,Lxme is Down from multiple locations,Closed,Not Violated,-,Uptime Team,07-04-2026 20:22,5d 16h,FALSE
1149456,Alarm,Lxme is Up,Closed,Not Violated,-,Uptime Team,07-04-2026 20:23,5d 16h,FALSE
1149457,Alarm,"ALARM: ""anxiprodb-instace-1-new-16-01-rds#DatabaseConnections"" in Asia Pacific (Sydney)",Closed,Not Violated,Critical - P1,Uptime Team,07-04-2026 20:24,5d 16h,FALSE
1149459,Alarm,"ALARM: ""SS-RS-PROD-API-6-AP-1b-CPU-85%-#Alarm"" in Asia Pacific (Mumbai)",Closed,Not Violated,Critical - P1,Uptime Team,07-04-2026 20:31,5d 16h,FALSE
1149460,Alarm,"ALARM: ""anxiprodb-instace-1-new-16-01-rds#DatabaseConnections"" in Asia Pacific (Sydney)",Closed,Not Violated,Critical - P1,Uptime Team,07-04-2026 20:33,5d 15h,FALSE
1149461,Alarm,"ALARM: ""AFPL-Prod-Seceon-CCE-Pub-1b-Memory-85%-#Alarms"" in Asia Pacific (Mumbai)",Closed,Not Violated,Critical - P1,Uptime Team,07-04-2026 20:34,5d 15h,FALSE
1149462,Alarm,"ALARM: ""Kfin-mPower-Nexedge2-Prod-443-TG-UnHealthyHostCount-#Alarm"" in Asia Pacific (Mumbai)",Closed,Not Violated,Critical - P1,Uptime Team,07-04-2026 20:34,5d 15h,FALSE
1149463,Alarm,"ALARM: ""Kfin-mPower-Prod-443-TG-UnHealthyHostCount-#Alarm"" in Asia Pacific (Mumbai)",Closed,Not Violated,Critical - P1,Uptime Team,07-04-2026 20:35,5d 15h,FALSE
1149464,Alarm,Jay Precision is Down from multiple locations,Closed,Not Violated,-,Uptime Team,07-04-2026 20:42,5d 15h,FALSE
1149465,Alarm,"ALARM: ""hoichoi-aws-aps1-prod-ecs-hoichoi-content_high_memory_util_alarm"" in Asia Pacific (Mumbai)",Closed,Not Violated,Critical - P1,Uptime Team,07-04-2026 20:43,5d 15h,FALSE
1149466,Alarm,Jay Precision is Up,Closed,Not Violated,-,Uptime Team,07-04-2026 20:43,5d 15h,FALSE
1149467,Alarm,"ALARM: ""softweb-srishti-rds-oracle-21c-Memory-85% #Alarm"" in Asia Pacific (Mumbai)",Closed,Not Violated,Critical - P1,Uptime Team,07-04-2026 20:43,5d 15h,FALSE
1149468,Alarm,"ALARM: ""anxiprodb-instace-1-new-16-01-rds#DatabaseConnections"" in Asia Pacific (Sydney)",Closed,Not Violated,Critical - P1,Uptime Team,07-04-2026 20:43,5d 15h,FALSE
1149469,Alarm,"ALARM: ""AFPL-Prod-Seceon-CCE-Pub-1b-Memory-85%-#Alarms"" in Asia Pacific (Mumbai)",Closed,Not Violated,Critical - P1,Uptime Team,07-04-2026 20:45,5d 15h,FALSE
1149470,Alarm,Gabriels Technology is Down from multiple locations,Closed,Not Violated,-,Uptime Team,07-04-2026 20:46,5d 15h,FALSE
1149471,Alarm,"ALARM: ""SS-RS-PROD-API-6-AP-1b-CPU-85%-#Alarm"" in Asia Pacific (Mumbai)",Closed,Not Violated,Critical - P1,Uptime Team,07-04-2026 20:46,5d 15h,FALSE
1149472,Alarm,Gabriels Technology is Up,Closed,Not Violated,-,Uptime Team,07-04-2026 20:46,5d 15h,FALSE
1149473,Alarm,"OK: ""rcb-fanapp-uat-Prod-OpenVPN-Memory-85%-#Alarm"" in Asia Pacific (Mumbai)",Closed,Not Violated,Critical - P1,Uptime Team,07-04-2026 20:48,5d 15h,FALSE
1149474,Alarm,"OK: ""rcb-fanapp-uat-Prod-OpenVPN-Disk(Root)-85%-#Alarm"" in Asia Pacific (Mumbai)",Closed,Not Violated,-,Uptime Team,07-04-2026 20:48,5d 15h,FALSE
1149475,Alarm,"OK: ""Critical-rcb-fanapp-uat-Prod-OpenVPN-Disk(Root)-95%-#Alarm"" in Asia Pacific (Mumbai)",Closed,Not Violated,-,Uptime Team,07-04-2026 20:48,5d 15h,FALSE
1149476,Alarm,"ALARM: ""flicktv-prod-valkey-cache-ElastiCacheProcessingUnits#Alarm"" in Asia Pacific (Mumbai)",Closed,Not Violated,Critical - P1,Uptime Team,07-04-2026 20:49,5d 15h,FALSE
1149477,Alarm,"ALARM: ""Dev_DevOps_test-Prod-Memory-85%#Alarm"" in Asia Pacific (Mumbai)",Closed,Not Violated,Critical - P1,Uptime Team,07-04-2026 20:50,5d 15h,FALSE
1149478,Alarm,"ALARM: ""SS-RS-PROD-API-5-AP-1b-CPU-85%-#Alarm"" in Asia Pacific (Mumbai)",Closed,Not Violated,Critical - P1,Uptime Team,07-04-2026 20:51,5d 15h,FALSE
1149479,Alarm,"ALARM: ""SS-RS-PROD-API-6-AP-1b-CPU-85%-#Alarm"" in Asia Pacific (Mumbai)",Closed,Not Violated,Critical - P1,Uptime Team,07-04-2026 20:51,5d 15h,FALSE
1149480,Alarm,"ALARM: ""SS-RS-PROD-API-5-AP-1b-CPU-85%-#Alarm"" in Asia Pacific (Mumbai)",Closed,Not Violated,Critical - P1,Uptime Team,07-04-2026 20:57,5d 15h,FALSE
1149481,Alarm,"ALARM: ""anxiprodb-instace-1-new-16-01-rds#DatabaseConnections"" in Asia Pacific (Sydney)",Closed,Not Violated,Critical - P1,Uptime Team,07-04-2026 20:57,5d 15h,FALSE
1149482,Alarm,"ALARM: ""SS-RS-PROD-API-7-AP-1b-CPU-85%-#Alarm"" in Asia Pacific (Mumbai)",Closed,Not Violated,Critical - P1,Uptime Team,07-04-2026 20:58,5d 15h,FALSE
1149483,Alarm,"ALARM: ""softweb-srishti-rds-oracle-21c-Memory-85% #Alarm"" in Asia Pacific (Mumbai)",Closed,Not Violated,Critical - P1,Uptime Team,07-04-2026 20:58,5d 15h,FALSE
1149484,Alarm,"ALARM: ""softweb-srishti-rds-oracle-21c-Memory-85% #Alarm"" in Asia Pacific (Mumbai)",Closed,Not Violated,Critical - P1,Uptime Team,07-04-2026 21:00,5d 15h,FALSE
1149485,Client,Workmates-MSP360-Reports,Closed,Not Violated,Medium - P3,SMB Linux Team,07-04-2026 21:00,5d 15h,FALSE
1149486,Alarm,"ALARM: ""AFPL-Prod-Seceon-CCE-Pub-1b-Memory-85%-#Alarms"" in Asia Pacific (Mumbai)",Closed,Not Violated,Critical - P1,Uptime Team,07-04-2026 21:01,5d 15h,FALSE
1149487,Client,Workmates-MSP360-Reports,Closed,Not Violated,Medium - P3,SMB Linux Team,07-04-2026 21:01,5d 15h,FALSE
1149488,Alarm,"ALARM: ""anxiprodb-instace-1-new-16-01-rds#DatabaseConnections"" in Asia Pacific (Sydney)",Closed,Not Violated,Critical - P1,Uptime Team,07-04-2026 21:01,5d 15h,FALSE
1149489,Client,Workmates-MSP360-Reports,Closed,Response Violation,Medium - P3,Enterprise Windows Team,07-04-2026 21:02,5d 15h,FALSE
1149490,Client,Workmates-MSP360-Reports,Closed,Response Violation,Medium - P3,Enterprise Windows Team,07-04-2026 21:02,5d 15h,FALSE
1149491,Client,Workmates-MSP360-Reports,Closed,Response Violation,Medium - P3,Enterprise Windows Team,07-04-2026 21:03,5d 15h,FALSE
1149492,Alarm,"ALARM: ""hoichoi-aws-aps1-prod-ecs-hoichoi-content_high_memory_util_alarm"" in Asia Pacific (Mumbai)",Closed,Not Violated,Critical - P1,Uptime Team,07-04-2026 21:03,5d 15h,FALSE
1149493,Client,Workmates-MSP360-Reports,Closed,Response and Resolution Violation,Medium - P3,Uptime Team,07-04-2026 21:03,5d 15h,FALSE
1149494,Client,Workmates-MSP360-Reports,Closed,Not Violated,Medium - P3,SMB Linux Team,07-04-2026 21:04,5d 15h,FALSE
1149495,Alarm,Annapurna Finance is Down from multiple locations,Closed,Not Violated,-,Uptime Team,07-04-2026 21:04,5d 15h,FALSE
1149496,Alarm,Annapurna Finance is Up,Closed,Not Violated,-,Uptime Team,07-04-2026 21:05,5d 15h,FALSE
1149497,Alarm,"ALARM: ""anxiprodb-instace-1-new-16-01-rds#DatabaseConnections"" in Asia Pacific (Sydney)",Closed,Not Violated,Critical - P1,Uptime Team,07-04-2026 21:10,5d 15h,FALSE
1149498,Client,Workmates-MSP360-Reports,Closed,Not Violated,Medium - P3,SMB Linux Team,07-04-2026 21:12,5d 15h,FALSE
1149499,Client,Workmates-MSP360-Reports,Closed,Not Violated,Medium - P3,SMB Linux Team,07-04-2026 21:16,5d 15h,FALSE
1149500,Alarm,"ALARM: ""ETEdge-TG-CDN-INSIGHTS-ET3TON8I54DZP-5xxErrorRate-Alarm"" in US East (N. Virginia)",Closed,Not Violated,Critical - P1,Uptime Team,07-04-2026 21:17,5d 15h,FALSE
1149501,Alarm,"ALARM: ""anxiprodb-instace-1-new-16-01-rds#DatabaseConnections"" in Asia Pacific (Sydney)",Closed,Not Violated,Critical - P1,Uptime Team,07-04-2026 21:17,5d 15h,FALSE
1149502,Alarm,"ALARM: ""softweb-srishti-rds-oracle-21c-Memory-85% #Alarm"" in Asia Pacific (Mumbai)",Closed,Not Violated,Critical - P1,Uptime Team,07-04-2026 21:19,5d 15h,FALSE
1149503,Client,Workmates Backup - No successful backups reminder,Closed,Not Violated,Medium - P3,SMB Linux Team,07-04-2026 21:23,5d 15h,FALSE
1149504,Alarm,"ALARM: ""ARS-Steels-Prod-DB-1a-Disk D-85%-#Alarm"" in Asia Pacific (Mumbai)",Closed,Not Violated,Critical - P1,Uptime Team,07-04-2026 21:24,5d 15h,FALSE
1149505,Alarm,"ALARM: ""AFPL-Prod-Seceon-CCE-Pub-1b-Memory-85%-#Alarms"" in Asia Pacific (Mumbai)",Closed,Not Violated,Critical - P1,Uptime Team,07-04-2026 21:25,5d 15h,FALSE
1149508,Alarm,"ALARM: ""Nanda Feeds-Prod-Tally-1b-Disk(E)-15%#Alarm"" in Asia Pacific (Mumbai)",Closed,Not Violated,Critical - P1,Uptime Team,07-04-2026 21:33,5d 14h,FALSE
1149509,Alarm,IKF Finance is Down from multiple locations,Closed,Not Violated,-,Uptime Team,07-04-2026 21:33,5d 14h,FALSE
1149510,Alarm,"ALARM: ""Sri-Madhuram-Prod-App-1b-CPU-85%-#Alarm"" in Asia Pacific (Mumbai)",Closed,Not Violated,Critical - P1,Uptime Team,07-04-2026 21:36,5d 14h,FALSE
1149511,Alarm,"ALARM: ""Critical-Sri-Madhuram-Prod-App-1b-CPU-95%-#Alarm"" in Asia Pacific (Mumbai)",Closed,Not Violated,Critical - P1,Uptime Team,07-04-2026 21:37,5d 14h,FALSE
1149512,Client,RE:[CASE 177556594000115] instance check fail issue,Closed,Not Violated,Medium - P3,Enterprise Windows Team,07-04-2026 21:37,5d 14h,FALSE
1149513,Client,RE:[CASE 177556594000115] instance check fail issue,Closed,Not Violated,Medium - P3,Uptime Team,07-04-2026 21:37,5d 14h,FALSE
1149514,Alarm,"ALARM: ""DocTutorial-SIEM-prod-1b-CPUUtilization-85% #Alarm"" in Asia Pacific (Mumbai)",Closed,Not Violated,Critical - P1,Uptime Team,07-04-2026 21:43,5d 14h,FALSE
1149515,Alarm,"ALARM: ""AFPL-Prod-Seceon-CCE-Pub-1b-Memory-85%-#Alarms"" in Asia Pacific (Mumbai)",Closed,Not Violated,Critical - P1,Uptime Team,07-04-2026 21:45,5d 14h,FALSE
1149517,Alarm,"ALARM: ""softweb-srishti-rds-oracle-21c-Memory-85% #Alarm"" in Asia Pacific (Mumbai)",Closed,Not Violated,Critical - P1,Uptime Team,07-04-2026 21:45,5d 14h,FALSE
1149518,Alarm,"ALARM: ""softweb-srishti-rds-oracle-21c-CPU-85% #Alarm"" in Asia Pacific (Mumbai)",Closed,Not Violated,Critical - P1,Uptime Team,07-04-2026 21:49,5d 14h,FALSE
1149519,Alarm,Health Event: AWS LAMBDA PLANNED LIFECYCLE EVENT affecting 11 entities in ap-south-1 on account 795532678498.,Closed,Not Violated,Medium - P3,DevOps Team,07-04-2026 21:50,5d 14h,FALSE
1149520,Client,Workmates Backup - No successful backups reminder,Closed,Response and Resolution Violation,Medium - P3,Enterprise Windows Team,07-04-2026 21:53,5d 14h,FALSE
1149521,Alarm,"ALARM: ""Ginteja-Dev-App+DB-1b-Disk(root)-95%-Alarm"" in Asia Pacific (Mumbai)",Closed,Not Violated,Critical - P1,Uptime Team,07-04-2026 21:53,5d 14h,FALSE
1149523,Alarm,"ALARM: ""softweb-srishti-rds-oracle-21c-Memory-85% #Alarm"" in Asia Pacific (Mumbai)",Closed,Not Violated,Critical - P1,Uptime Team,07-04-2026 22:00,5d 14h,FALSE
1149524,Client,Workmates-MSP360-Reports,Closed,Not Violated,Medium - P3,SMB Linux Team,07-04-2026 22:04,5d 14h,FALSE
1149525,Alarm,"ALARM: ""AFPL-Prod-Seceon-CCE-Pub-1b-Memory-85%-#Alarms"" in Asia Pacific (Mumbai)",Closed,Not Violated,Critical - P1,Uptime Team,07-04-2026 22:05,5d 14h,FALSE
1149526,Alarm,"ALARM: ""RICB-MyBusinessProfile-TG-UnhealthyHost-#Alarm"" in Asia Pacific (Mumbai)",Closed,Not Violated,Critical - P1,Uptime Team,07-04-2026 22:05,5d 14h,FALSE
1149528,Alarm,Lux Industries | https://luxind.in/login is Down from multiple locations,Closed,Not Violated,-,Uptime Team,07-04-2026 22:05,5d 14h,FALSE
1149529,Alarm,RICB is Down from multiple locations,Closed,Not Violated,-,Uptime Team,07-04-2026 22:05,5d 14h,FALSE
1149530,Alarm,"ALARM: ""anxiprodb-instace-1-new-16-01-rds#DatabaseConnections"" in Asia Pacific (Sydney)",Closed,Not Violated,Critical - P1,Uptime Team,07-04-2026 22:09,5d 14h,FALSE
1149531,Alarm,Argus News is Down from multiple locations,Closed,Not Violated,-,Uptime Team,07-04-2026 22:16,5d 14h,FALSE
1149532,Alarm,Argus News is Up,Closed,Not Violated,-,Uptime Team,07-04-2026 22:17,5d 14h,FALSE
1149533,Alarm,"ALARM: ""AFPL-Prod-Seceon-CCE-Pub-1b-Memory-85%-#Alarms"" in Asia Pacific (Mumbai)",Closed,Not Violated,Critical - P1,Uptime Team,07-04-2026 22:20,5d 14h,FALSE
1149535,Alarm,Gabriels Technology is Down from multiple locations,Closed,Not Violated,-,Uptime Team,07-04-2026 22:20,5d 14h,FALSE
1149536,Alarm,Gabriels Technology is Up,Closed,Not Violated,-,Uptime Team,07-04-2026 22:21,5d 14h,FALSE
1149537,Alarm,Gabriels Technology is Down from multiple locations,Closed,Not Violated,-,Uptime Team,07-04-2026 22:26,5d 14h,FALSE
1149538,Alarm,Gabriels Technology is Up,Closed,Not Violated,-,Uptime Team,07-04-2026 22:27,5d 14h,FALSE
1149539,Alarm,"ALARM: ""AFPL-Prod-Seceon-CCE-Pub-1b-Memory-85%-#Alarms"" in Asia Pacific (Mumbai)",Closed,Not Violated,Critical - P1,Uptime Team,07-04-2026 22:29,5d 14h,FALSE
1149541,Alarm,Argus News is Down from multiple locations,Closed,Not Violated,-,Uptime Team,07-04-2026 22:31,5d 14h,FALSE
1149542,Alarm,"ALARM: ""Kims-Hospital-KSRVPRDDB-Server-2b-Memory-90%-#Alarm"" in Asia Pacific (Hyderabad)",Closed,Not Violated,-,Uptime Team,07-04-2026 22:32,5d 14h,FALSE
1149543,Alarm,Argus News is Up,Closed,Not Violated,-,Uptime Team,07-04-2026 22:32,5d 14h,FALSE
1149544,Alarm,"ALARM: ""Kfin-mPower-Prod-443-TG-UnHealthyHostCount-#Alarm"" in Asia Pacific (Mumbai)",Closed,Not Violated,Critical - P1,Uptime Team,07-04-2026 22:32,5d 14h,FALSE
1149545,Alarm,"ALARM: ""HoiChoi-x-CWM-x-ProdRevAmp-hoichoi-aws-aps1-prod-ecs-hoichoi-th..."" in Asia Pacific (Mumbai)",Closed,Not Violated,Critical - P1,Uptime Team,07-04-2026 22:36,5d 13h,FALSE
1149546,Alarm,"ALARM: ""Kfin-mPower-Nexedge2-Prod-443-TG-UnHealthyHostCount-#Alarm"" in Asia Pacific (Mumbai)",Closed,Not Violated,Critical - P1,Uptime Team,07-04-2026 22:36,5d 13h,FALSE
1149547,Alarm,"ALARM: ""Shrachi-Mediapackage-SSENSRT1-EgressResponseTime-#Alarm"" in Asia Pacific (Mumbai)",Closed,Not Violated,Critical - P1,Uptime Team,07-04-2026 22:45,5d 13h,FALSE
1149548,Alarm,"ALARM: ""softweb-srishti-rds-oracle-21c-Memory-85% #Alarm"" in Asia Pacific (Mumbai)",Closed,Not Violated,Critical - P1,Uptime Team,07-04-2026 22:46,5d 13h,FALSE
1149549,Alarm,"ALARM: ""ALCircle-Prod-Blog-1b-CPU-85%-#Alarm"" in Asia Pacific (Mumbai)",Closed,Not Violated,Critical - P1,Uptime Team,07-04-2026 22:47,5d 13h,FALSE
1149550,Alarm,"ALARM: ""ETEdge-TG-CDN-INSIGHTS-ET3TON8I54DZP-5xxErrorRate-Alarm"" in US East (N. Virginia)",Closed,Not Violated,Critical - P1,Uptime Team,07-04-2026 22:47,5d 13h,FALSE
1149551,Alarm,"ALARM: ""stream1.ssen.co-4xx-error-#Alarm"" in US East (N. Virginia)",Closed,Not Violated,Critical - P1,Uptime Team,07-04-2026 22:48,5d 13h,FALSE
1149552,Alarm,"ALARM: ""flicktv-prod-valkey-cache-ElastiCacheProcessingUnits#Alarm"" in Asia Pacific (Mumbai)",Closed,Not Violated,Critical - P1,Uptime Team,07-04-2026 22:56,5d 13h,FALSE
1149553,Alarm,"ALARM: ""PragatiMilk-S4HANA-Prod-DB-1b-Memory-85%-#Alarm"" in Asia Pacific (Mumbai)",Closed,Not Violated,Critical - P1,Uptime Team,07-04-2026 22:56,5d 13h,FALSE
1149554,Alarm,Gabriels Technology is Down from multiple locations,Closed,Not Violated,-,Uptime Team,07-04-2026 23:00,5d 13h,FALSE
1149556,Alarm,Gabriels Technology is Up,Closed,Not Violated,-,Uptime Team,07-04-2026 23:01,5d 13h,FALSE
1149555,Alarm,"Success ! Auto instance stop of ""Nandu'sFood-Staging"" | NandusFeed",Closed,Not Violated,Medium - P3,Uptime Team,07-04-2026 23:01,5d 13h,FALSE
1149557,Alarm,Lux Industries | https://luxindustries.co.in/luxadtracker/login is Down from multiple locations,Closed,Not Violated,-,Uptime Team,07-04-2026 23:02,5d 13h,FALSE
1149558,Alarm,Lux Industries | https://luxdms.in/promoClaims/Login is Down from multiple locations,Closed,Not Violated,-,Uptime Team,07-04-2026 23:03,5d 13h,FALSE
1149559,Alarm,Argus News is Down from multiple locations,Closed,Not Violated,-,Uptime Team,07-04-2026 23:07,5d 13h,FALSE
1149560,Alarm,"ALARM: ""softweb-srishti-rds-oracle-21c-Memory-85% #Alarm"" in Asia Pacific (Mumbai)",Closed,Not Violated,Critical - P1,Uptime Team,07-04-2026 23:07,5d 13h,FALSE
1149561,Alarm,Argus News is Up,Closed,Not Violated,-,Uptime Team,07-04-2026 23:07,5d 13h,FALSE
1149562,Alarm,"ALARM: ""kims-app-db2-CPU-85%-#Alarm"" in Asia Pacific (Hyderabad)",Closed,Not Violated,Critical - P1,Uptime Team,07-04-2026 23:08,5d 13h,FALSE
1149563,Client,Re: [対応が必要な場合があります] AWS Security Hub CSPM の AWS Config サービスにリンクされたルールの更新 | [Action May be Required] AWS Config Service-Linked Rules Update for AWS Security Hub CSPM [AWS Account: 604245832839] [AP-NORTHEAST-1],Internal Dependency,Not Violated,Medium - P3,Enterprise Linux Team,07-04-2026 23:08,5d 13h,FALSE
1149565,Alarm,"ALARM: ""ABM-Technomatrix-Prod-Web/DB-1a-New-Disk(C)-85%-#Alarm"" in Asia Pacific (Mumbai)",Closed,Not Violated,Critical - P1,Uptime Team,07-04-2026 23:12,5d 13h,FALSE
1149566,Alarm,Argus News is Down from multiple locations,Closed,Not Violated,-,Uptime Team,07-04-2026 23:12,5d 13h,FALSE
1149567,Alarm,"ALARM: ""ABM-Technomatrix-Prod-Web/DB-1a-New-Disk(C)-85%-#Alarm"" in Asia Pacific (Mumbai)",Closed,Not Violated,Critical - P1,Uptime Team,07-04-2026 23:12,5d 13h,FALSE
1149568,Alarm,Argus News is Up,Closed,Not Violated,-,Uptime Team,07-04-2026 23:12,5d 13h,FALSE
1149570,Alarm,"ALARM: ""ETEdge-TG-CDN-INSIGHTS-ET3TON8I54DZP-5xxErrorRate-Alarm"" in US East (N. Virginia)",Closed,Not Violated,Critical - P1,Uptime Team,07-04-2026 23:18,5d 13h,FALSE
1149571,Alarm,"ALARM: ""ETEdge-TG-CDN-INSIGHTS-ET3TON8I54DZP-5xxErrorRate-Alarm"" in US East (N. Virginia)",Closed,Not Violated,Critical - P1,Uptime Team,07-04-2026 23:21,5d 13h,FALSE
1149572,Alarm,"ALARM: ""AFPL-Prod-Seceon-CCE-Pub-1b-Memory-85%-#Alarms"" in Asia Pacific (Mumbai)",Closed,Not Violated,Critical - P1,Uptime Team,07-04-2026 23:22,5d 13h,FALSE
1149574,Alarm,"ALARM: ""PragatiMilk-S4HANA-Prod-DB-1b-Memory-85%-#Alarm"" in Asia Pacific (Mumbai)",Closed,Not Violated,Critical - P1,Uptime Team,07-04-2026 23:27,5d 13h,FALSE
1149575,Client,SH ES MS 8 APRIL,Closed,Not Violated,High - P2,-,07-04-2026 23:30,5d 13h,FALSE
1149576,Alarm,Gabriels Technology is Down from multiple locations,Closed,Not Violated,-,Uptime Team,07-04-2026 23:31,5d 13h,FALSE
1149577,Alarm,Gabriels Technology is Up,Closed,Not Violated,-,Uptime Team,07-04-2026 23:31,5d 13h,FALSE
1149578,Alarm,[Action Required] AWS SSM Run Command end of support for ec2messages - SSM Agent update required [AWS Account: 663395564288] [AP-SOUTH-1],Closed,Not Violated,Medium - P3,SMB Windows Team,07-04-2026 23:32,5d 13h,FALSE
1149579,Alarm,"ALARM: ""SSHB-PROD-RG-DB-Server-1a-Disk-D-85%-#Alarm"" in Asia Pacific (Mumbai)",Closed,Not Violated,-,Uptime Team,07-04-2026 23:33,5d 13h,FALSE
1149580,Alarm,Argus News is Down from multiple locations,Closed,Not Violated,-,Uptime Team,07-04-2026 23:33,5d 13h,FALSE
1149581,Alarm,"ALARM: ""flicktv-prod-valkey-cache-ElastiCacheProcessingUnits#Alarm"" in Asia Pacific (Mumbai)",Closed,Not Violated,Critical - P1,Uptime Team,07-04-2026 23:33,5d 12h,FALSE
1149582,Alarm,Argus News is Up,Closed,Not Violated,-,Uptime Team,07-04-2026 23:34,5d 12h,FALSE
1149583,Alarm,"ALARM: ""flicktv-prod-valkey-cache-ElastiCacheProcessingUnits#Alarm"" in Asia Pacific (Mumbai)",Closed,Not Violated,Critical - P1,Uptime Team,07-04-2026 23:36,5d 12h,FALSE
1149584,Alarm,"ALARM: ""ABM-Technomatrix-Prod-Web/DB-1a-New-Disk(C)-85%-#Alarm"" in Asia Pacific (Mumbai)",Closed,Not Violated,Critical - P1,Uptime Team,07-04-2026 23:40,5d 12h,FALSE
1149585,Alarm,"ALARM: ""ABM-Technomatrix-Prod-Web/DB-1a-New-Disk(C)-85%-#Alarm"" in Asia Pacific (Mumbai)",Closed,Not Violated,Critical - P1,Uptime Team,07-04-2026 23:40,5d 12h,FALSE
1149586,Alarm,Supportelders is Down from multiple locations,Closed,Not Violated,-,Uptime Team,07-04-2026 23:41,5d 12h,FALSE
1149587,Alarm,Support Elders is Down from multiple locations,Closed,Not Violated,-,Uptime Team,07-04-2026 23:41,5d 12h,FALSE
1149588,Alarm,Gabriels Technology is Down from multiple locations,Closed,Not Violated,-,Uptime Team,07-04-2026 23:43,5d 12h,FALSE
1149589,Alarm,Supportelders is Up,Closed,Not Violated,-,Uptime Team,07-04-2026 23:44,5d 12h,FALSE
1149590,Alarm,Support Elders is Up,Closed,Not Violated,-,Uptime Team,07-04-2026 23:44,5d 12h,FALSE
1149591,Alarm,Gabriels Technology is Up,Closed,Not Violated,-,Uptime Team,07-04-2026 23:44,5d 12h,FALSE
1149592,Alarm,"ALARM: ""softweb-srishti-rds-oracle-21c-Memory-85% #Alarm"" in Asia Pacific (Mumbai)",Closed,Not Violated,Critical - P1,Uptime Team,07-04-2026 23:50,5d 12h,FALSE
1149593,Client,Workmates Backup - No successful backups reminder,Closed,Response and Resolution Violation,Medium - P3,Enterprise Windows Team,07-04-2026 23:53,5d 12h,FALSE
1149594,Alarm,Bankify is Down from multiple locations,Closed,Not Violated,-,Uptime Team,07-04-2026 23:57,5d 12h,FALSE
1149595,Alarm,"ALARM: ""HoiChoi-x-CWM-x-ProdRevAmp-hoichoi-aws-aps1-prod-ecs-hoichoi-th..."" in Asia Pacific (Mumbai)",Closed,Not Violated,Critical - P1,Uptime Team,07-04-2026 23:58,5d 12h,FALSE
1149596,Alarm,Bankify 7pay is Down from multiple locations,Closed,Not Violated,-,Uptime Team,07-04-2026 23:58,5d 12h,FALSE
1149597,Alarm,Bankify is Down from multiple locations,Closed,Not Violated,-,Uptime Team,07-04-2026 23:58,5d 12h,FALSE
1149598,Alarm,Bankify is Down from multiple locations,Closed,Not Violated,-,Uptime Team,07-04-2026 23:59,5d 12h,FALSE
1149599,Alarm,"ALARM: ""KFIN-AIF-Prod-Motilal-PE-1b-Disk(Root)-85%-#Alarm"" in Asia Pacific (Mumbai)",Closed,Not Violated,Critical - P1,Uptime Team,07-04-2026 23:59,5d 12h,FALSE
1149600,Alarm,Bankify is Down from multiple locations,Closed,Not Violated,-,Uptime Team,08-04-2026 00:00,5d 12h,FALSE
1149601,Alarm,"ALARM: ""flicktv-prod-valkey-cache-ElastiCacheProcessingUnits#Alarm"" in Asia Pacific (Mumbai)",Closed,Not Violated,Critical - P1,Uptime Team,08-04-2026 00:01,5d 12h,FALSE
1149604,Alarm,"ALARM: ""Support Elders-Prod-Web-1a-CPU-85%-#Alarm"" in Asia Pacific (Mumbai)",Closed,Not Violated,Critical - P1,Uptime Team,08-04-2026 00:02,5d 12h,FALSE
1149605,Alarm,Arundhati Jewellers is Down from multiple locations,Closed,Not Violated,-,Uptime Team,08-04-2026 00:04,5d 12h,FALSE
1149606,Alarm,Arundhati Jewellers is Down from multiple locations,Closed,Not Violated,-,Uptime Team,08-04-2026 00:04,5d 12h,FALSE
1149607,Alarm,"ALARM: ""Bazoki-Prod-DB-1b-CPU-85%-#Alarm"" in Asia Pacific (Mumbai)",Closed,Not Violated,Critical - P1,Uptime Team,08-04-2026 00:05,5d 12h,FALSE
1149608,Alarm,"ALARM: ""AnnapurnaPay-Prod-pvt-Jenkins-Server-CPU-85%-#Alarm"" in Asia Pacific (Mumbai)",Closed,Not Violated,Critical - P1,Uptime Team,08-04-2026 00:06,5d 12h,FALSE
1149609,Alarm,"ALARM: ""AnnapurnaPay-Prod-pvt-Jenkins-Server-CPU-85%-#Alarm"" in Asia Pacific (Mumbai)",Closed,Not Violated,Critical - P1,Uptime Team,08-04-2026 00:06,5d 12h,FALSE
1149610,Alarm,"ALARM: ""AnnapurnaPay-Prod-pvt-Jenkins-Server-CPU-95%-#Alarm"" in Asia Pacific (Mumbai)",Closed,Not Violated,Critical - P1,Uptime Team,08-04-2026 00:07,5d 12h,FALSE
1149611,Alarm,Bankify 7pay is Down from multiple locations,Closed,Not Violated,-,Uptime Team,08-04-2026 00:07,5d 12h,FALSE
1149612,Alarm,"ALARM: ""AnnapurnaPay-Prod-pvt-Jenkins-Server-CPU-95%-#Alarm"" in Asia Pacific (Mumbai)",Closed,Not Violated,Critical - P1,Uptime Team,08-04-2026 00:07,5d 12h,FALSE
1149614,Alarm,Bankify 7pay is Down from multiple locations,Closed,Not Violated,-,Uptime Team,08-04-2026 00:07,5d 12h,FALSE
1149613,Alarm,"ALARM: ""kfinpwm-narc-prod-rds-CPU-85%-#Alarm"" in Asia Pacific (Mumbai)",Closed,Not Violated,Critical - P1,Uptime Team,08-04-2026 00:07,5d 12h,FALSE
1149615,Alarm,"ALARM: ""kfinpwm-narc-prod-rds-CPU-85%-#Alarm"" in Asia Pacific (Mumbai)",Closed,Not Violated,Critical - P1,Uptime Team,08-04-2026 00:07,5d 12h,FALSE
1149616,Alarm,Bankify 7pay is Down from multiple locations,Closed,Not Violated,-,Uptime Team,08-04-2026 00:07,5d 12h,FALSE
1149617,Client,Time entry 7 April,Closed,Not Violated,Medium - P3,-,08-04-2026 00:08,5d 12h,FALSE
1149618,Alarm,"ALARM: ""flicktv-prod-valkey-cache-ElastiCacheProcessingUnits#Alarm"" in Asia Pacific (Mumbai)",Closed,Not Violated,Critical - P1,Uptime Team,08-04-2026 00:11,5d 12h,FALSE
1149619,Alarm,"ALARM: ""Support Elders-Prod-Web-1a-CPU-85%-#Alarm"" in Asia Pacific (Mumbai)",Closed,Not Violated,Critical - P1,Uptime Team,08-04-2026 00:12,5d 12h,FALSE
1149621,Alarm,"ALARM: ""AnnapurnaPay-Prod-pvt-Jenkins-Server-CPU-95%-#Alarm"" in Asia Pacific (Mumbai)",Closed,Not Violated,Critical - P1,Uptime Team,08-04-2026 00:14,5d 12h,FALSE
1149623,Alarm,"ALARM: ""AnnapurnaPay-Prod-pvt-Jenkins-Server-CPU-95%-#Alarm"" in Asia Pacific (Mumbai)",Closed,Not Violated,Critical - P1,Uptime Team,08-04-2026 00:14,5d 12h,FALSE
1149624,Alarm,"ALARM: ""flicktv-prod-valkey-cache-ElastiCacheProcessingUnits#Alarm"" in Asia Pacific (Mumbai)",Closed,Not Violated,Critical - P1,Uptime Team,08-04-2026 00:19,5d 12h,FALSE
1149625,Alarm,"ALARM: ""Shyam-Metalics-CLSM-Prod-DB-1b_CPU>=95%"" in Asia Pacific (Mumbai)",Closed,Not Violated,Critical - P1,Uptime Team,08-04-2026 00:21,5d 12h,FALSE
1149626,Client,RE:[CASE 177374239200571] || AWS Billing wave off || Compromized access ||,Closed,Not Violated,Medium - P3,DevOps Team,08-04-2026 00:22,5d 12h,FALSE
1149627,Alarm,"ALARM: ""HoiChoi-x-CWM-x-ProdRevAmp-hoichoi-aws-aps1-prod-ecs-hoichoi-th..."" in Asia Pacific (Mumbai)",Closed,Not Violated,Critical - P1,Uptime Team,08-04-2026 00:27,5d 12h,FALSE
1149630,Alarm,"ALARM: ""flicktv-prod-valkey-cache-ElastiCacheProcessingUnits#Alarm"" in Asia Pacific (Mumbai)",Closed,Not Violated,Critical - P1,Uptime Team,08-04-2026 00:33,5d 11h,FALSE
1149631,Alarm,"ALARM: ""softweb-srishti-rds-oracle-21c-Memory-85% #Alarm"" in Asia Pacific (Mumbai)",Closed,Not Violated,Critical - P1,Uptime Team,08-04-2026 00:34,5d 11h,FALSE
1149632,Alarm,"ALARM: ""flicktv-prod-valkey-cache-ElastiCacheProcessingUnits#Alarm"" in Asia Pacific (Mumbai)",Closed,Not Violated,Critical - P1,Uptime Team,08-04-2026 00:42,5d 11h,FALSE
1149633,Client,Workmates Backup - No successful backups reminder,Closed,Not Violated,Medium - P3,SMB Linux Team,08-04-2026 00:53,5d 11h,FALSE
1149634,Alarm,"ALARM: ""AFPL-Prod-Seceon-CCE-Pub-1b-Memory-85%-#Alarms"" in Asia Pacific (Mumbai)",Closed,Not Violated,Critical - P1,Uptime Team,08-04-2026 00:54,5d 11h,FALSE
1149635,Alarm,Argus News is Down from multiple locations,Closed,Not Violated,-,Uptime Team,08-04-2026 00:55,5d 11h,FALSE
1149637,Alarm,Argus News is Up,Closed,Not Violated,-,Uptime Team,08-04-2026 00:55,5d 11h,FALSE
1149638,Alarm,Bankify 7pay is Down from multiple locations,Closed,Not Violated,-,Uptime Team,08-04-2026 01:01,5d 11h,FALSE
1149639,Alarm,"ALARM: ""AFPL-Prod-Seceon-CCE-Pub-1b-Memory-85%-#Alarms"" in Asia Pacific (Mumbai)",Closed,Not Violated,Critical - P1,Uptime Team,08-04-2026 01:03,5d 11h,FALSE
1149641,Alarm,"ALARM: ""Bazoki-Prod-DB-1b-CPU-85%-#Alarm"" in Asia Pacific (Mumbai)",Closed,Not Violated,Critical - P1,Uptime Team,08-04-2026 01:04,5d 11h,FALSE
1149642,Alarm,Bankify is Down from multiple locations,Closed,Not Violated,-,Uptime Team,08-04-2026 01:05,5d 11h,FALSE
1149643,Alarm,Bankify is Down from multiple locations,Closed,Not Violated,-,Uptime Team,08-04-2026 01:05,5d 11h,FALSE
1149644,Alarm,"ALARM: ""Innovel-Tally-Sarala-server-Pub-1b-CPU-85%-#Alarm"" in Asia Pacific (Mumbai)",Closed,Not Violated,-,Uptime Team,08-04-2026 01:06,5d 11h,FALSE
1149645,Alarm,"ALARM: ""softweb-srishti-rds-oracle-21c-Memory-85% #Alarm"" in Asia Pacific (Mumbai)",Closed,Not Violated,Critical - P1,Uptime Team,08-04-2026 01:10,5d 11h,FALSE
1149648,Alarm,"ALARM: ""KhimjiJwellers-Prod-server2-App-1b-CPU-85%-#Alarm"" in Asia Pacific (Mumbai)",Closed,Not Violated,Critical - P1,Uptime Team,08-04-2026 01:17,5d 11h,FALSE
1149649,Alarm,"ALARM: ""KhimjiJwellers-Prod-App-1b-CPU-85%-#Alarm"" in Asia Pacific (Mumbai)",Closed,Not Violated,Critical - P1,Uptime Team,08-04-2026 01:17,5d 11h,FALSE
1149650,Alarm,"ALARM: ""Lalchand-Jewellers-App2-Prod-1b-CPU-85%-#ALARM"" in Asia Pacific (Mumbai)",Closed,Not Violated,Critical - P1,Uptime Team,08-04-2026 01:17,5d 11h,FALSE
1149651,Alarm,"ALARM: ""Lalchand-Jewellers-App1-Prod-1b-CPU-85%-#ALARM"" in Asia Pacific (Mumbai)",Closed,Not Violated,Critical - P1,Uptime Team,08-04-2026 01:17,5d 11h,FALSE
1149652,Alarm,Khimji is Down from multiple locations,Closed,Not Violated,-,Uptime Team,08-04-2026 01:17,5d 11h,FALSE
1149653,Alarm,"ALARM: ""HoiChoi-x-CWM-x-ProdRevAmp-hoichoi-aws-aps1-prod-ecs-hoichoi-th..."" in Asia Pacific (Mumbai)",Closed,Not Violated,Critical - P1,Uptime Team,08-04-2026 01:18,5d 11h,FALSE
1149654,Alarm,"ALARM: ""Eleve-Diamonds-REPORTING-PROD-CPU-85%-#ALARM"" in Asia Pacific (Mumbai)",Closed,Not Violated,Critical - P1,Uptime Team,08-04-2026 01:18,5d 11h,FALSE
1149655,Alarm,"ALARM: ""Lalchand-Jewellers-ALB-TG-8443-UnhealthyHostCount-#ALARM"" in Asia Pacific (Mumbai)",Closed,Not Violated,Critical - P1,Uptime Team,08-04-2026 01:18,5d 11h,FALSE
1149656,Alarm,Khimji is Up,Closed,Not Violated,-,Uptime Team,08-04-2026 01:18,5d 11h,FALSE
1149657,Alarm,"ALARM: ""softweb-srishti-rds-oracle-21c-Memory-85% #Alarm"" in Asia Pacific (Mumbai)",Closed,Not Violated,Critical - P1,Uptime Team,08-04-2026 01:19,5d 11h,FALSE
1149658,Alarm,Gabriels Technology is Down from multiple locations,Closed,Not Violated,-,Uptime Team,08-04-2026 01:29,5d 11h,FALSE
1149659,Alarm,Gabriels Technology is Up,Closed,Not Violated,-,Uptime Team,08-04-2026 01:30,5d 11h,FALSE
1149660,Alarm,"ALARM: ""ARS-Steels-Prod-DB-1a-Disk D-85%-#Alarm"" in Asia Pacific (Mumbai)",Closed,Not Violated,Critical - P1,Uptime Team,08-04-2026 01:34,5d 10h,FALSE
1149661,Alarm,"ALARM: ""softweb-srishti-rds-oracle-21c-Memory-85% #Alarm"" in Asia Pacific (Mumbai)",Closed,Not Violated,Critical - P1,Uptime Team,08-04-2026 01:36,5d 10h,FALSE
1149662,Alarm,"ALARM: ""GangesJute-Prod-DB-1b-CPU-85%-#Alarm"" in Asia Pacific (Mumbai)",Closed,Not Violated,Critical - P1,Uptime Team,08-04-2026 01:37,5d 10h,FALSE
1149663,Alarm,"ALARM: ""sai-paramount-db-readreplicalag-#Alarm"" in Asia Pacific (Mumbai)",Closed,Not Violated,Critical - P1,Uptime Team,08-04-2026 01:40,5d 10h,FALSE
1149664,Alarm,"ALARM: ""GangesJute-Prod-DB-1b-CPU-85%-#Alarm"" in Asia Pacific (Mumbai)",Closed,Not Violated,Critical - P1,Uptime Team,08-04-2026 01:42,5d 10h,FALSE
1149665,Alarm,"ALARM: ""softweb-srishti-rds-oracle-21c-Memory-85% #Alarm"" in Asia Pacific (Mumbai)",Closed,Not Violated,Critical - P1,Uptime Team,08-04-2026 01:44,5d 10h,FALSE
1149666,Alarm,"ALARM: ""softweb-srishti-rds-oracle-21c-Memory-85% #Alarm"" in Asia Pacific (Mumbai)",Closed,Not Violated,Critical - P1,Uptime Team,08-04-2026 01:46,5d 10h,FALSE
1149667,Alarm,"ALARM: ""Verma-Jewellers-Prod-DB-1b-Memory-85%-#ALARM"" in Asia Pacific (Mumbai)",Closed,Not Violated,Critical - P1,Uptime Team,08-04-2026 01:46,5d 10h,FALSE
1149668,Alarm,Khimji is Down from multiple locations,Closed,Not Violated,-,Uptime Team,08-04-2026 02:03,5d 10h,FALSE
1149669,Alarm,Khimji is Down from multiple locations,Closed,Not Violated,-,Uptime Team,08-04-2026 02:03,5d 10h,FALSE
1149670,Alarm,Khimji is Down from multiple locations,Closed,Not Violated,-,Uptime Team,08-04-2026 02:04,5d 10h,FALSE
1149671,Alarm,Annapurna Finance is Down from multiple locations,Closed,Not Violated,-,Uptime Team,08-04-2026 02:10,5d 10h,FALSE
1149672,Alarm,Argus News is Down from multiple locations,Closed,Not Violated,-,Uptime Team,08-04-2026 02:10,5d 10h,FALSE
1149673,Alarm,Argus News is Up,Closed,Not Violated,-,Uptime Team,08-04-2026 02:12,5d 10h,FALSE
1149674,Alarm,Annapurna Finance is Up,Closed,Not Violated,-,Uptime Team,08-04-2026 02:12,5d 10h,FALSE
1149675,Alarm,"ALARM: ""SriAlankar-Jwellers-App2-1b-CPU-85%-#Alarm"" in Asia Pacific (Mumbai)",Closed,Not Violated,Critical - P1,Uptime Team,08-04-2026 02:17,5d 10h,FALSE
1149676,Alarm,"ALARM: ""HiraPanna-Prod-DB-1b-Disk(Root)-85%-#Alarm"" in Asia Pacific (Mumbai)",Closed,Not Violated,Critical - P1,Uptime Team,08-04-2026 02:21,5d 10h,FALSE
1149677,Alarm,"ALARM: ""HiraPanna-Prod-DB-1b-Memory-85%-#Alarm"" in Asia Pacific (Mumbai)",Closed,Not Violated,Critical - P1,Uptime Team,08-04-2026 02:21,5d 10h,FALSE
1149678,Alarm,Khimji is Up,Closed,Not Violated,-,Uptime Team,08-04-2026 02:24,5d 10h,FALSE
1149679,Alarm,Khimji is Up,Closed,Not Violated,-,Uptime Team,08-04-2026 02:24,5d 10h,FALSE
1149680,Alarm,Khimji is Up,Closed,Not Violated,-,Uptime Team,08-04-2026 02:25,5d 10h,FALSE
1149681,Alarm,"ALARM: ""Verma-Jewellers-Prod-DB-1b-Memory-95%-#ALARM"" in Asia Pacific (Mumbai)",Closed,Not Violated,Critical - P1,Uptime Team,08-04-2026 02:25,5d 10h,FALSE
1149682,Alarm,"ALARM: ""Verma-Jewellers-Prod-DB-1b-Memory-85%-#ALARM"" in Asia Pacific (Mumbai)",Closed,Not Violated,Critical - P1,Uptime Team,08-04-2026 02:25,5d 10h,FALSE
1149683,Alarm,"ALARM: ""S4-Prod-LTTS-Powai-SSC-VPN-Tunnel-2-#ALARM"" in Asia Pacific (Mumbai)",Closed,Not Violated,Critical - P1,Uptime Team,08-04-2026 02:26,5d 10h,FALSE
1149684,Alarm,"ALARM: ""LTTS-PROD-POWAI-VPN Tunel-1#ALARM"" in Asia Pacific (Mumbai)",Closed,Not Violated,Critical - P1,Uptime Team,08-04-2026 02:26,5d 10h,FALSE
1149685,Alarm,Gabriels Technology is Down from multiple locations,Awaiting Customer Response,Not Violated,-,Uptime Team,08-04-2026 02:26,5d 10h,FALSE
1149686,Alarm,Gabriels Technology is Up,Closed,Not Violated,-,Uptime Team,08-04-2026 02:27,5d 10h,FALSE
1149687,Alarm,"ALARM: ""softweb-srishti-rds-oracle-21c-Memory-85% #Alarm"" in Asia Pacific (Mumbai)",Closed,Not Violated,Critical - P1,Uptime Team,08-04-2026 02:27,5d 10h,FALSE
1149688,Alarm,"ALARM: ""S4-Prod-LTTS-Powai-SSC-Status-down"" in Asia Pacific (Mumbai)",Closed,Not Violated,Critical - P1,Uptime Team,08-04-2026 02:27,5d 10h,FALSE
1149689,Alarm,"ALARM: ""hoichoi-aws-aps1-prod-ecs-hoichoi-backend_high_memory_util_alarm"" in Asia Pacific (Mumbai)",Closed,Not Violated,Critical - P1,Uptime Team,08-04-2026 02:27,5d 10h,FALSE
1149690,Alarm,"ALARM: ""aws-codedeploy-bitbucket-laravel-eezaamout-UAT-RDS-Freeable-Mem..."" in Asia Pacific (Mumbai)",Closed,Not Violated,Critical - P1,Uptime Team,08-04-2026 02:46,5d 9h,FALSE
1149691,Alarm,CTVN | https://akdparivar.com/newhome.php is Down from multiple locations,Closed,Not Violated,-,Enterprise Linux Team,08-04-2026 02:53,5d 9h,FALSE
1149692,Alarm,In10Media is Down from multiple locations,Closed,Not Violated,-,Uptime Team,08-04-2026 03:04,5d 9h,FALSE
1149693,Alarm,In10Media is Up,Closed,Not Violated,-,Uptime Team,08-04-2026 03:05,5d 9h,FALSE
1149694,Alarm,"ALARM: ""sai-paramount-db-readreplicalag-#Alarm"" in Asia Pacific (Mumbai)",Closed,Not Violated,Critical - P1,Uptime Team,08-04-2026 03:06,5d 9h,FALSE
1149695,Alarm,"ALARM: ""aws-codedeploy-bitbucket-laravel-eezaamout-UAT-RDS-Freeable-Mem..."" in Asia Pacific (Mumbai)",Closed,Not Violated,Critical - P1,Uptime Team,08-04-2026 03:07,5d 9h,FALSE
1149696,Alarm,"ALARM: ""Kims-Hospital-Prod-Web-Server-1b-CPUUtilization-85% #Alarm"" in Asia Pacific (Mumbai)",Closed,Not Violated,-,Uptime Team,08-04-2026 03:07,5d 9h,FALSE
1149697,Alarm,"ALARM: ""sai-paramount-db-CPU-50%#Alarm"" in Asia Pacific (Mumbai)",Closed,Not Violated,Critical - P1,Uptime Team,08-04-2026 03:08,5d 9h,FALSE
1149698,Alarm,"ALARM: ""AFPL-Prod-Seceon-CCE-Pub-1b-Memory-85%-#Alarms"" in Asia Pacific (Mumbai)",Closed,Not Violated,-,Uptime Team,08-04-2026 03:10,5d 9h,FALSE
1149700,Alarm,"ALARM: ""KhimjiJwellers-Prod-DB-1b-/Backup-85%-#Alarm"" in Asia Pacific (Mumbai)",Closed,Not Violated,Critical - P1,Uptime Team,08-04-2026 03:11,5d 9h,FALSE
1149701,Alarm,"ALARM: ""hoichoi-aws-aps1-prod-ecs-hoichoi-content_high_memory_util_alarm"" in Asia Pacific (Mumbai)",Closed,Not Violated,Critical - P1,Uptime Team,08-04-2026 03:11,5d 9h,FALSE
1149702,Alarm,"ALARM: ""hoichoi-aws-aps1-prod-ecs-hoichoi-backend_high_memory_util_alarm"" in Asia Pacific (Mumbai)",Closed,Not Violated,Critical - P1,Uptime Team,08-04-2026 03:11,5d 9h,FALSE
1149703,Alarm,"ALARM: ""Kims-Hospital-KSRVPRDDB-Server-2b-Disk(/hana/backup)-85%-#Alarm"" in Asia Pacific (Hyderabad)",Closed,Not Violated,-,Uptime Team,08-04-2026 03:19,5d 9h,FALSE
1149704,Alarm,"ALARM: ""AFPL-Prod-Seceon-CCE-Pub-1b-Memory-85%-#Alarms"" in Asia Pacific (Mumbai)",Closed,Not Violated,Critical - P1,Uptime Team,08-04-2026 03:25,5d 9h,FALSE
1149706,Alarm,"ALARM: ""aws-codedeploy-bitbucket-laravel-eezaamout-UAT-RDS-Freeable-Mem..."" in Asia Pacific (Mumbai)",Closed,Not Violated,Critical - P1,Uptime Team,08-04-2026 03:27,5d 9h,FALSE
1149707,Alarm,"ALARM: ""hoichoi-aws-aps1-prod-ecs-hoichoi-content_high_memory_util_alarm"" in Asia Pacific (Mumbai)",Closed,Not Violated,Critical - P1,Uptime Team,08-04-2026 03:29,5d 9h,FALSE
1149708,Alarm,In10Media is Down from multiple locations,Closed,Not Violated,-,Uptime Team,08-04-2026 03:30,5d 9h,FALSE
1149709,Alarm,In10Media is Up,Closed,Not Violated,-,Uptime Team,08-04-2026 03:30,5d 9h,FALSE
1149710,Alarm,"ALARM: ""HiraPanna-Prod-DB-1b-Disk(Root)-85%-#Alarm"" in Asia Pacific (Mumbai)",Closed,Not Violated,Critical - P1,Uptime Team,08-04-2026 03:33,5d 9h,FALSE
1149711,Alarm,"ALARM: ""softweb-srishti-rds-oracle-21c-Memory-85% #Alarm"" in Asia Pacific (Mumbai)",Closed,Not Violated,Critical - P1,Uptime Team,08-04-2026 03:33,5d 9h,FALSE
1149712,Alarm,Gabriels Technology is Down from multiple locations,Closed,Not Violated,-,Uptime Team,08-04-2026 03:36,5d 8h,FALSE
1149713,Alarm,Gabriels Technology is Up,Closed,Not Violated,-,Uptime Team,08-04-2026 03:37,5d 8h,FALSE
1149714,Alarm,"ALARM: ""hoichoi-aws-aps1-prod-ecs-hoichoi-content_high_memory_util_alarm"" in Asia Pacific (Mumbai)",Closed,Not Violated,Critical - P1,Uptime Team,08-04-2026 03:38,5d 8h,FALSE
1149715,Client,RE:[CASE 177151634300120] Medialive - Audio Loss Observed in master_highest Playlist (S3 Output),Closed,Not Violated,Medium - P3,Uptime Team,08-04-2026 03:39,5d 8h,FALSE
1149716,Alarm,"ALARM: ""SoftWeb-DB-Pvt-1b-#CPUUtilization-95%-#ALARM"" in Asia Pacific (Mumbai)",Closed,Not Violated,Critical - P1,Uptime Team,08-04-2026 03:41,5d 8h,FALSE
1149717,Alarm,Annapurna Finance is Down from multiple locations,Closed,Not Violated,-,Uptime Team,08-04-2026 03:42,5d 8h,FALSE
1149718,Alarm,Annapurna Finance is Up,Closed,Not Violated,-,Uptime Team,08-04-2026 03:42,5d 8h,FALSE
1149719,Alarm,"ALARM: ""hoichoi-aws-aps1-prod-ecs-hoichoi-content_high_memory_util_alarm"" in Asia Pacific (Mumbai)",Closed,Not Violated,Critical - P1,Uptime Team,08-04-2026 03:44,5d 8h,FALSE
1149720,Alarm,"ALARM: ""hoichoi-aws-aps1-prod-ecs-hoichoi-content_high_memory_util_alarm"" in Asia Pacific (Mumbai)",Closed,Not Violated,Critical - P1,Uptime Team,08-04-2026 03:52,5d 8h,FALSE
1149721,Alarm,"Important notice about your AWS Account regarding VPN connections [AWS Account: 295216128092, VPN Connection: vpn-020a80d2a132a2968, Tunnel Outside IP: 13.126.93.6]",Closed,Not Violated,Medium - P3,Uptime Team,08-04-2026 03:55,5d 8h,FALSE
1149722,Alarm,"ALARM: ""sai-paramount-db-readreplicalag-#Alarm"" in Asia Pacific (Mumbai)",Closed,Not Violated,Critical - P1,Uptime Team,08-04-2026 03:57,5d 8h,FALSE
1149723,Alarm,"ALARM: ""MataGroup-Prod-AppDB-Pub-1a-New-CPU-85%-#Alarm"" in Asia Pacific (Mumbai)",Closed,Not Violated,Critical - P1,Uptime Team,08-04-2026 03:58,5d 8h,FALSE
1149724,Alarm,"ALARM: ""hoichoi-aws-aps1-prod-ecs-hoichoi-content_high_memory_util_alarm"" in Asia Pacific (Mumbai)",Closed,Not Violated,Critical - P1,Uptime Team,08-04-2026 04:04,5d 8h,FALSE
1149725,Alarm,"ALARM: ""KhimjiJwellers-Prod-DB-1b-CPU-85%-Alarm"" in Asia Pacific (Mumbai)",Closed,Not Violated,Critical - P1,Uptime Team,08-04-2026 04:16,5d 8h,FALSE
1149726,Alarm,"ALARM: ""Magpet-Prod-SAP-New-Pub-NEW-CPU-85%-#Alarm"" in Asia Pacific (Mumbai)",Closed,Not Violated,Critical - P1,Uptime Team,08-04-2026 04:16,5d 8h,FALSE
1149727,Alarm,"ALARM: ""Verma-Jewellers-Prod-ERP-1b-CPU-85%-#ALARM"" in Asia Pacific (Mumbai)",Closed,Not Violated,Critical - P1,Uptime Team,08-04-2026 04:17,5d 8h,FALSE
1149728,Alarm,"ALARM: ""ETEdge-TG-CDN-INSIGHTS-ET3TON8I54DZP-5xxErrorRate-Alarm"" in US East (N. Virginia)",Closed,Not Violated,Critical - P1,Uptime Team,08-04-2026 04:18,5d 8h,FALSE
1149729,Alarm,"ALARM: ""KhimjiJwellers-Prod-DB-1b-Memory-85%-Alarm"" in Asia Pacific (Mumbai)",Closed,Not Violated,Critical - P1,Uptime Team,08-04-2026 04:20,5d 8h,FALSE
1149730,Alarm,"ALARM: ""SoftWeb-DB-Pvt-1b-#CPUUtilization-95%-#ALARM"" in Asia Pacific (Mumbai)",Closed,Not Violated,Critical - P1,Uptime Team,08-04-2026 04:26,5d 8h,FALSE
1149731,Alarm,TimesGroup || ETEdge || https://et-edge.com/conferences/beb/ is Down from multiple locations,Closed,Not Violated,-,Uptime Team,08-04-2026 04:27,5d 8h,FALSE
1149732,Alarm,TimesGroup || ETEdge || https://et-edge.com/conferences/beb/ is Up,Closed,Not Violated,-,Uptime Team,08-04-2026 04:29,5d 8h,FALSE
1149733,Alarm,"ALARM: ""SoftWeb-DB-Pvt-1b-#CPUUtilization-95%-#ALARM"" in Asia Pacific (Mumbai)",Closed,Not Violated,Critical - P1,Uptime Team,08-04-2026 04:31,5d 8h,FALSE
1149734,Alarm,Argus News is Down from multiple locations,Closed,Not Violated,-,Uptime Team,08-04-2026 04:33,5d 8h,FALSE
1149735,Alarm,Bankify 7pay is Up,Closed,Not Violated,-,Uptime Team,08-04-2026 04:33,5d 8h,FALSE
1149736,Alarm,Argus News is Up,Closed,Not Violated,-,Uptime Team,08-04-2026 04:33,5d 7h,FALSE
1149737,Client,[ALERT] [firing] Bankify-PodRestart - Namespace: prod-app - Resource: Pod: od-scheduler-fb9466c76-5qwcv ,Closed,Not Violated,Medium - P3,DevOps Team,08-04-2026 04:34,5d 7h,FALSE
1149738,Alarm,Bankify is Up,Closed,Not Violated,-,Uptime Team,08-04-2026 04:34,5d 7h,FALSE
1149739,Alarm,Bankify is Up,Closed,Not Violated,-,Uptime Team,08-04-2026 04:34,5d 7h,FALSE
1149740,Alarm,Bankify is Up,Closed,Not Violated,-,Uptime Team,08-04-2026 04:34,5d 7h,FALSE
1149741,Alarm,Bankify is Up,Closed,Not Violated,-,Uptime Team,08-04-2026 04:34,5d 7h,FALSE
1149742,Alarm,Bankify is Up,Closed,Not Violated,-,Uptime Team,08-04-2026 04:34,5d 7h,FALSE
1149743,Alarm,Bankify 7pay is Up,Closed,Not Violated,-,Uptime Team,08-04-2026 04:34,5d 7h,FALSE
1149744,Alarm,Bankify 7pay is Up,Closed,Not Violated,-,Uptime Team,08-04-2026 04:34,5d 7h,FALSE
1149745,Alarm,Bankify 7pay is Up,Closed,Not Violated,-,Uptime Team,08-04-2026 04:35,5d 7h,FALSE
1149746,Alarm,Bankify 7pay is Up,Closed,Not Violated,-,Uptime Team,08-04-2026 04:39,5d 7h,FALSE
1149747,Alarm,"ALARM: ""Absolute-Barbeque-Prod-Hana-1b-Disk-(/)-85%#Alarm"" in Asia Pacific (Mumbai)",Closed,Not Violated,Critical - P1,Uptime Team,08-04-2026 04:41,5d 7h,FALSE
1149748,Alarm,"ALARM: ""Absolute-Barbeque-Prod-Hana-1b-Disk-(/)-95%#Alarm"" in Asia Pacific (Mumbai)",Closed,Not Violated,Critical - P1,Uptime Team,08-04-2026 04:43,5d 7h,FALSE
1149749,Client,[ALERT] [resolved] Bankify-PodRestart - Namespace: prod-app - Resource: Pod: od-scheduler-fb9466c76-5qwcv ,Closed,Not Violated,Medium - P3,DevOps Team,08-04-2026 04:44,5d 7h,FALSE
1149750,Client,[ALERT] [firing] Bankify-PodRestart - Namespace: prod-app - Resource: Pod: od-scheduler-fb9466c76-8jvrk ,Closed,Not Violated,Medium - P3,DevOps Team,08-04-2026 04:45,5d 7h,FALSE
1149751,Alarm,Bankify is Up,Closed,Not Violated,-,Uptime Team,08-04-2026 04:46,5d 7h,FALSE
1149752,Alarm,"ALARM: ""aws-codedeploy-bitbucket-laravel-eezaamout-UAT-RDS-Freeable-Mem..."" in Asia Pacific (Mumbai)",Closed,Not Violated,Critical - P1,Uptime Team,08-04-2026 04:47,5d 7h,FALSE
1149753,Alarm,"ALARM: ""aws-codedeploy-bitbucket-laravel-eezaamout-UAT-RDS-Freeable-Mem..."" in Asia Pacific (Mumbai)",Closed,Not Violated,Critical - P1,Uptime Team,08-04-2026 04:50,5d 7h,FALSE
1149754,Alarm,"ALARM: ""aws-codedeploy-bitbucket-laravel-eezaamout-UAT-RDS-Freeable-Mem..."" in Asia Pacific (Mumbai)",Closed,Not Violated,Critical - P1,Uptime Team,08-04-2026 04:55,5d 7h,FALSE
1149755,Alarm,****Success : Daily Backup****KFIN-Database-Backup-Upload-Notification,Closed,Not Violated,Medium - P3,Uptime Team,08-04-2026 05:01,5d 7h,FALSE
1149756,Alarm,ATPL-JIE | https://admin-prod.jobsineducation.net/ is Down from multiple locations,Closed,Not Violated,-,Uptime Team,08-04-2026 05:02,5d 7h,FALSE
1149757,Alarm,"ALARM: ""Absolute-Barbeque-Prod-Hana-1b-MemoryUtilization-85%#Alarm"" in Asia Pacific (Mumbai)",Closed,Not Violated,Critical - P1,Uptime Team,08-04-2026 05:02,5d 7h,FALSE
1149758,Alarm,ATPL-JIE | https://admin-prod.jobsineducation.net/ is Up,Closed,Not Violated,-,Uptime Team,08-04-2026 05:05,5d 7h,FALSE
1149759,Alarm,Arundhati Jewellers is Up,Closed,Not Violated,-,Uptime Team,08-04-2026 05:06,5d 7h,FALSE
1149760,Alarm,Arundhati Jewellers is Up,Closed,Not Violated,-,Uptime Team,08-04-2026 05:06,5d 7h,FALSE
1149761,Alarm,Annapurna Finance is Down from multiple locations,Closed,Not Violated,-,Uptime Team,08-04-2026 05:12,5d 7h,FALSE
1149762,Alarm,Gabriels Technology is Down from multiple locations,Closed,Not Violated,-,Uptime Team,08-04-2026 05:15,5d 7h,FALSE
1149763,Alarm,Gabriels Technology is Up,Closed,Not Violated,-,Uptime Team,08-04-2026 05:16,5d 7h,FALSE
1149764,Alarm,"ALARM: ""aws-codedeploy-bitbucket-laravel-eezaamout-UAT-RDS-Freeable-Mem..."" in Asia Pacific (Mumbai)",Closed,Not Violated,Critical - P1,Uptime Team,08-04-2026 05:16,5d 7h,FALSE
1149765,Alarm,Annapurna Finance is Up,Closed,Not Violated,-,Uptime Team,08-04-2026 05:18,5d 7h,FALSE
1149766,Alarm,Argus News is Down from multiple locations,Closed,Not Violated,-,Uptime Team,08-04-2026 05:19,5d 7h,FALSE
1149767,Alarm,Argus News is Up,Closed,Not Violated,-,Uptime Team,08-04-2026 05:19,5d 7h,FALSE
1149768,Alarm,"ALARM: ""SoftwebGloster-Prod-App-1b-CPU-85%-#Alarm"" in Asia Pacific (Mumbai)",Closed,Not Violated,Critical - P1,Uptime Team,08-04-2026 05:27,5d 7h,FALSE
1149769,Alarm,"ALARM: ""ARS-Steels-Prod-DB-1a-Disk D-85%-#Alarm"" in Asia Pacific (Mumbai)",Closed,Not Violated,Critical - P1,Uptime Team,08-04-2026 05:27,5d 7h,FALSE
1149770,Alarm,"ALARM: ""anxiprodb-instace-1-new-16-01-rds#DatabaseConnections"" in Asia Pacific (Sydney)",Closed,Not Violated,Critical - P1,Uptime Team,08-04-2026 05:31,5d 7h,FALSE
1149771,Client,[ALERT] [resolved] Bankify-PodRestart - Namespace: prod-app - Resource: Pod: od-scheduler-fb9466c76-8jvrk ,Closed,Not Violated,Medium - P3,DevOps Team,08-04-2026 05:35,5d 6h,FALSE
1149772,Alarm,"ALARM: ""Arundhati-Jewellers-DB-1b-Disk(/)-85%-#Alarm"" in Asia Pacific (Mumbai)",Closed,Not Violated,Critical - P1,Uptime Team,08-04-2026 05:36,5d 6h,FALSE
1149773,Alarm,"ALARM: ""AFPL-Prod-Seceon-CCE-Pub-1b-Memory-85%-#Alarms"" in Asia Pacific (Mumbai)",Closed,Not Violated,Critical - P1,Uptime Team,08-04-2026 05:43,5d 6h,FALSE
1149775,Alarm,"ALARM: ""Kims-Hospital-Prod-Web-Server-1b-CPUUtilization-85% #Alarm"" in Asia Pacific (Mumbai)",Closed,Not Violated,-,Uptime Team,08-04-2026 05:45,5d 6h,FALSE
1149776,Alarm,"ALARM: ""Arundhati-Jewellers-DB-1b-Disk(/)-95%-#Alarm"" in Asia Pacific (Mumbai)",Closed,Not Violated,Critical - P1,Uptime Team,08-04-2026 05:45,5d 6h,FALSE
1149777,Alarm,"ALARM: ""Arundhati-Jewellers-DB-1b-Disk(/backup)-95%-#Alarm"" in Asia Pacific (Mumbai)",Closed,Not Violated,Critical - P1,Uptime Team,08-04-2026 05:45,5d 6h,FALSE
1149778,Alarm,Support Elders is Down from multiple locations,Closed,Not Violated,-,Uptime Team,08-04-2026 05:54,5d 6h,FALSE
1149779,Alarm,Support Elders is Up,Closed,Not Violated,-,Uptime Team,08-04-2026 05:55,5d 6h,FALSE
1149780,Alarm,"ALARM: ""aws-codedeploy-bitbucket-laravel-eezaamout-UAT-RDS-Freeable-Mem..."" in Asia Pacific (Mumbai)",Closed,Not Violated,Critical - P1,Uptime Team,08-04-2026 05:56,5d 6h,FALSE
1149781,Alarm,"ALARM: ""AFPL-Prod-Seceon-CCE-Pub-1b-Memory-85%-#Alarms"" in Asia Pacific (Mumbai)",Closed,Not Violated,Critical - P1,Uptime Team,08-04-2026 05:57,5d 6h,FALSE
1149783,Alarm,Argus News is Down from multiple locations,Closed,Not Violated,-,Uptime Team,08-04-2026 05:59,5d 6h,FALSE
1149784,Alarm,"ALARM: ""SoftwebGloster-Prod-App-1b-Disk(C:)-85%-#Alarm"" in Asia Pacific (Mumbai)",Closed,Not Violated,Critical - P1,Uptime Team,08-04-2026 06:00,5d 6h,FALSE
1149785,Alarm,Argus News is Up,Closed,Not Violated,-,Uptime Team,08-04-2026 06:00,5d 6h,FALSE
1149786,Alarm,Lux Industries | https://luxdms.in/promoClaims/Login is Up,Closed,Not Violated,-,Uptime Team,08-04-2026 06:02,5d 6h,FALSE
1149787,Alarm,"ALARM: ""AFPL-Prod-Seceon-CCE-Pub-1b-Memory-85%-#Alarms"" in Asia Pacific (Mumbai)",Closed,Not Violated,Critical - P1,Uptime Team,08-04-2026 06:03,5d 6h,FALSE
1149789,Alarm,"ALARM: ""Lux-Industries-Dev-ALB-(Prod)-UBQ-TG-3000-UnHealthyHostCount-#A..."" in Asia Pacific (Mumbai)",Closed,Not Violated,Critical - P1,Enterprise Linux Team,08-04-2026 06:04,5d 6h,FALSE
1149790,Alarm,"ALARM: ""NewTownSchool_Agorae-Prod-VPN-1b-50%-CPU #Alarm"" in Asia Pacific (Mumbai)",Closed,Not Violated,Critical - P1,Uptime Team,08-04-2026 06:06,5d 6h,FALSE
1149791,Alarm,"ALARM: ""Midland-Tableau-Prod-Server-1a_CPUUtilization_90%_#Alarm"" in Asia Pacific (Mumbai)",Closed,Not Violated,-,Uptime Team,08-04-2026 06:07,5d 6h,FALSE
1149792,Alarm,"ALARM: ""S4-LTTS-Dev-App-StatusCheckFailed_Instance"" in Asia Pacific (Mumbai)",Closed,Not Violated,Critical - P1,Uptime Team,08-04-2026 06:07,5d 6h,FALSE
1149793,Alarm,"ALARM: ""AFPL-Prod-Seceon-CCE-Pub-1b-Memory-85%-#Alarms"" in Asia Pacific (Mumbai)",Closed,Not Violated,Critical - P1,Uptime Team,08-04-2026 06:13,5d 6h,FALSE
1149795,Alarm,"ALARM: ""aws-codedeploy-bitbucket-laravel-eezaamout-UAT-RDS-Freeable-Mem..."" in Asia Pacific (Mumbai)",Closed,Not Violated,Critical - P1,Uptime Team,08-04-2026 06:17,5d 6h,FALSE
1149796,Alarm,"ALARM: ""KhimjiJwellers-Prod-DB-1b-CPU-85%-Alarm"" in Asia Pacific (Mumbai)",Closed,Not Violated,Critical - P1,Uptime Team,08-04-2026 06:21,5d 6h,FALSE
1149797,Alarm,"ALARM: ""KhimjiJwellers-Prod-DB-1b-CPU-85%-Alarm"" in Asia Pacific (Mumbai)",Closed,Not Violated,Critical - P1,Uptime Team,08-04-2026 06:24,5d 6h,FALSE
1149798,Alarm,"ALARM: ""aws-codedeploy-bitbucket-laravel-eezaamout-UAT-RDS-Freeable-Mem..."" in Asia Pacific (Mumbai)",Closed,Not Violated,Critical - P1,Uptime Team,08-04-2026 06:29,5d 6h,FALSE
1149799,Alarm,"ALARM: ""KhimjiJwellers-Prod-DB-1b-CPU-85%-Alarm"" in Asia Pacific (Mumbai)",Closed,Not Violated,Critical - P1,Uptime Team,08-04-2026 06:29,5d 6h,FALSE
1149800,Alarm,"ALARM: ""AFPL-Prod-Seceon-CCE-Pub-1b-Memory-85%-#Alarms"" in Asia Pacific (Mumbai)",Closed,Not Violated,Critical - P1,Uptime Team,08-04-2026 06:31,5d 6h,FALSE
1149802,Alarm,"ALARM: ""aws-codedeploy-bitbucket-laravel-eezaamout-UAT-RDS-Freeable-Mem..."" in Asia Pacific (Mumbai)",Closed,Not Violated,Critical - P1,Uptime Team,08-04-2026 06:32,5d 6h,FALSE
1149803,Alarm,"ALARM: ""Arukus-PROD-APP-CPU-85% #Alarm"" in Asia Pacific (Mumbai)",Closed,Not Violated,Critical - P1,Uptime Team,08-04-2026 06:33,5d 6h,FALSE
1149804,Alarm,"ALARM: ""SoftwebGloster-Prod-App-1b-CPU-85%-#Alarm"" in Asia Pacific (Mumbai)",Closed,Not Violated,Critical - P1,Uptime Team,08-04-2026 06:34,5d 5h,FALSE
1149805,Alarm,"ALARM: ""AMPL-eFIMO-Prod-RDB-1b-Disk(D)-85%-#Alarm"" in Asia Pacific (Mumbai)",Closed,Not Violated,Critical - P1,Uptime Team,08-04-2026 06:35,5d 5h,FALSE
1149806,Alarm,"ALARM: ""softweb-srishti-rds-oracle-21c-Memory-85% #Alarm"" in Asia Pacific (Mumbai)",Closed,Not Violated,Critical - P1,Uptime Team,08-04-2026 06:37,5d 5h,FALSE
1149807,Alarm,"ALARM: ""AFPL-Prod-Seceon-CCE-Pub-1b-Memory-85%-#Alarms"" in Asia Pacific (Mumbai)",Closed,Not Violated,Critical - P1,Uptime Team,08-04-2026 06:38,5d 5h,FALSE
1149809,Alarm,"ALARM: ""SoftwebGloster-Prod-App-1b-CPU-85%-#Alarm"" in Asia Pacific (Mumbai)",Closed,Not Violated,Critical - P1,Uptime Team,08-04-2026 06:39,5d 5h,FALSE
1149810,Alarm,"ALARM: ""hoichoi-aws-aps1-prod-ecs-hoichoi-content_high_memory_util_alarm"" in Asia Pacific (Mumbai)",Closed,Not Violated,Critical - P1,Uptime Team,08-04-2026 06:42,5d 5h,FALSE
1149811,Alarm,"ALARM: ""aws-codedeploy-bitbucket-laravel-eezaamout-UAT-RDS-Freeable-Mem..."" in Asia Pacific (Mumbai)",Closed,Not Violated,Critical - P1,Uptime Team,08-04-2026 06:48,5d 5h,FALSE
1149812,Alarm,"ALARM: ""hoichoi-aws-aps1-prod-ecs-hoichoi-content_high_memory_util_alarm"" in Asia Pacific (Mumbai)",Closed,Not Violated,Critical - P1,Uptime Team,08-04-2026 06:56,5d 5h,FALSE
1149813,Alarm,Argus News is Down from multiple locations,Closed,Not Violated,-,Uptime Team,08-04-2026 06:56,5d 5h,FALSE
1149814,Alarm,Argus News is Up,Closed,Not Violated,-,Uptime Team,08-04-2026 06:57,5d 5h,FALSE
1149815,Alarm,"ALARM: ""hoichoi-aws-aps1-prod-ecs-hoichoi-content_high_memory_util_alarm"" in Asia Pacific (Mumbai)",Closed,Not Violated,Critical - P1,Uptime Team,08-04-2026 06:59,5d 5h,FALSE
1149816,Alarm,Your certificate is renewed,Closed,Not Violated,-,Enterprise Linux Team,08-04-2026 07:02,5d 5h,FALSE
1149817,Alarm,RICB is Up,Closed,Not Violated,-,Uptime Team,08-04-2026 07:02,5d 5h,FALSE
1149818,Alarm,"ALARM: ""BDG-Metal-Prod-DB-1b-Disk(D:)-90%#Alarm"" in Asia Pacific (Mumbai)",Closed,Not Violated,-,Uptime Team,08-04-2026 07:02,5d 5h,FALSE
1149819,Alarm,"ALARM: ""hoichoi-aws-aps1-prod-ecs-hoichoi-content_high_memory_util_alarm"" in Asia Pacific (Mumbai)",Closed,Not Violated,Critical - P1,Uptime Team,08-04-2026 07:03,5d 5h,FALSE
1149820,Alarm,Lux Industries | https://luxind.in/login is Up,Closed,Not Violated,-,Uptime Team,08-04-2026 07:03,5d 5h,FALSE
1149821,Alarm,"ALARM: ""AFPL-Prod-Seceon-CCE-Pub-1b-Memory-85%-#Alarms"" in Asia Pacific (Mumbai)",Closed,Not Violated,Critical - P1,Uptime Team,08-04-2026 07:05,5d 5h,FALSE
1149822,Alarm,"ALARM: ""BDG-Metal-Prod-App-1b-Disk(C:)85%#Alarm"" in Asia Pacific (Mumbai)",Closed,Not Violated,-,Uptime Team,08-04-2026 07:05,5d 5h,FALSE
1149824,Alarm,"ALARM: ""SoftwebGloster-Prod-App-1b-CPU-85%-#Alarm"" in Asia Pacific (Mumbai)",Closed,Not Violated,Critical - P1,Uptime Team,08-04-2026 07:06,5d 5h,FALSE
1149827,Client,open the server at 8.00 am today,Closed,Not Violated,Medium - P3,Uptime Team,08-04-2026 07:14,5d 5h,FALSE
1149828,Alarm,"ALARM: ""AMPL-eFIMO-Prod-RDB-1b-CPU-90%-#Alarm"" in Asia Pacific (Mumbai)",Closed,Not Violated,Critical - P1,Uptime Team,08-04-2026 07:15,5d 5h,FALSE
1149829,Alarm,"ALARM: ""hoichoi-aws-aps1-prod-ecs-hoichoi-content_high_memory_util_alarm"" in Asia Pacific (Mumbai)",Closed,Not Violated,Critical - P1,Uptime Team,08-04-2026 07:16,5d 5h,FALSE
1149830,Alarm,"ALARM: ""AMPL-eFIMO-Prod-RDB-1b-CPU-95%-#Alarm"" in Asia Pacific (Mumbai)",Closed,Not Violated,-,Uptime Team,08-04-2026 07:16,5d 5h,FALSE
1149831,Alarm,"ALARM: ""AMPL-eFIMO-Prod-RDB-1b-CPU-95%-#Alarm"" in Asia Pacific (Mumbai)",Closed,Not Violated,-,Uptime Team,08-04-2026 07:21,5d 5h,FALSE
1149832,Alarm,"ALARM: ""SoftwebGloster-Prod-App-1b-CPU-85%-#Alarm"" in Asia Pacific (Mumbai)",Closed,Not Violated,Critical - P1,Uptime Team,08-04-2026 07:21,5d 5h,FALSE
1149833,Alarm,"ALARM: ""hoichoi-aws-aps1-prod-ecs-hoichoi-content_high_memory_util_alarm"" in Asia Pacific (Mumbai)",Closed,Not Violated,Critical - P1,Uptime Team,08-04-2026 07:23,5d 5h,FALSE
1149834,Client,SH-NS-MS-9th March,Closed,Not Violated,--Select--,-,08-04-2026 07:27,5d 5h,FALSE
1149835,Alarm,"ALARM: ""hoichoi-aws-aps1-prod-ecs-hoichoi-content_high_memory_util_alarm"" in Asia Pacific (Mumbai)",Closed,Not Violated,Critical - P1,Uptime Team,08-04-2026 07:28,5d 5h,FALSE
1149836,Alarm,Your certificate is renewed,Closed,Not Violated,-,Enterprise Linux Team,08-04-2026 07:30,5d 5h,FALSE
1149838,Alarm,"ALARM: ""aws-codedeploy-bitbucket-laravel-eezaamout-UAT-RDS-Freeable-Mem..."" in Asia Pacific (Mumbai)",Closed,Not Violated,Critical - P1,Uptime Team,08-04-2026 07:31,5d 5h,FALSE
1149839,Alarm,Argus News is Down from multiple locations,Closed,Not Violated,-,Uptime Team,08-04-2026 07:32,5d 5h,FALSE
1149840,Alarm,Your certificate is renewed,Closed,Not Violated,-,Enterprise Linux Team,08-04-2026 07:32,5d 5h,FALSE
1149841,Alarm,Argus News is Up,Closed,Not Violated,-,Uptime Team,08-04-2026 07:32,5d 5h,FALSE
1149842,Alarm,Gabriels Technology is Down from multiple locations,Closed,Not Violated,-,Uptime Team,08-04-2026 07:33,5d 5h,FALSE
1149843,Alarm,Gabriels Technology is Up,Closed,Not Violated,-,Uptime Team,08-04-2026 07:34,5d 4h,FALSE
1149844,Alarm,"ALARM: ""AMPL-eFIMO-Prod-RDB-1b-CPU-95%-#Alarm"" in Asia Pacific (Mumbai)",Closed,Not Violated,-,Uptime Team,08-04-2026 07:36,5d 4h,FALSE
1149845,Alarm,"ALARM: ""Midland-MIS-Prod-Server-1a-CPU-85%-#Alarm"" in Asia Pacific (Mumbai)",Closed,Not Violated,Critical - P1,Uptime Team,08-04-2026 07:37,5d 4h,FALSE
1149846,Alarm,"ALARM: ""softweb-srishti-rds-oracle-21c-Memory-85% #Alarm"" in Asia Pacific (Mumbai)",Closed,Not Violated,Critical - P1,Uptime Team,08-04-2026 07:37,5d 4h,FALSE
1149847,Alarm,"ALARM: ""flicktv-prod-valkey-cache-ElastiCacheProcessingUnits#Alarm"" in Asia Pacific (Mumbai)",Closed,Not Violated,Critical - P1,Uptime Team,08-04-2026 07:37,5d 4h,FALSE
1149848,Alarm,SAP Backup Status Report,Closed,Not Violated,Medium - P3,Enterprise Windows Team,08-04-2026 07:40,5d 4h,FALSE
1149849,Alarm,Annapurna Finance is Down from multiple locations,Closed,Not Violated,-,Uptime Team,08-04-2026 07:41,5d 4h,FALSE
1149850,Alarm,Annapurna Finance is Up,Closed,Not Violated,-,Uptime Team,08-04-2026 07:41,5d 4h,FALSE
1149851,Alarm,Argus News is Down from multiple locations,Closed,Not Violated,-,Uptime Team,08-04-2026 07:42,5d 4h,FALSE
1149852,Alarm,"ALARM: ""Midland-MIS-Prod-Server-1a-CPU-85%-#Alarm"" in Asia Pacific (Mumbai)",Closed,Not Violated,Critical - P1,Uptime Team,08-04-2026 07:42,5d 4h,FALSE
1149853,Alarm,Argus News is Up,Closed,Not Violated,-,Uptime Team,08-04-2026 07:42,5d 4h,FALSE
1149854,Alarm,"ALARM: ""flicktv-prod-valkey-cache-ElastiCacheProcessingUnits#Alarm"" in Asia Pacific (Mumbai)",Closed,Not Violated,Critical - P1,Uptime Team,08-04-2026 07:44,5d 4h,FALSE
1149855,Alarm,"ALARM: ""AMPL-eFIMO-Prod-DB1-1b-CPU-90%-#Alarm"" in Asia Pacific (Mumbai)",Closed,Not Violated,Critical - P1,Uptime Team,08-04-2026 07:47,5d 4h,FALSE
1149856,Alarm,"ALARM: ""AFPL-Prod-Seceon-CCE-Pub-1b-Memory-85%-#Alarms"" in Asia Pacific (Mumbai)",Closed,Not Violated,-,Uptime Team,08-04-2026 07:50,5d 4h,FALSE
1149858,Alarm,"ALARM: ""AMPL-eFIMO-Prod-DB1-1b-CPU-95%-#Alarm"" in Asia Pacific (Mumbai)",Closed,Not Violated,-,Uptime Team,08-04-2026 07:51,5d 4h,FALSE
1149859,Alarm,"ALARM: ""softweb-srishti-rds-oracle-21c-Memory-85% #Alarm"" in Asia Pacific (Mumbai)",Closed,Not Violated,Critical - P1,Uptime Team,08-04-2026 07:53,5d 4h,FALSE
1149860,Alarm,"Important notice about your AWS Account regarding VPN connections [AWS Account: 433759180486, VPN Connection: vpn-0afdfa7b29a74dcf7, Tunnel Outside IP: 52.66.15.10]",Closed,Not Violated,Medium - P3,Uptime Team,08-04-2026 07:54,5d 4h,FALSE
1149861,Alarm,Jay Precision is Down from multiple locations,Closed,Not Violated,-,Uptime Team,08-04-2026 07:54,5d 4h,FALSE
1149862,Alarm,Jay Precision is Up,Closed,Not Violated,-,Uptime Team,08-04-2026 07:55,5d 4h,FALSE
1149863,Alarm,IKF Finance is Up,Closed,Not Violated,-,Uptime Team,08-04-2026 08:01,5d 4h,FALSE
1149864,Alarm,Lux Industries | https://luxindustries.co.in/luxadtracker/login is Up,Closed,Not Violated,-,Uptime Team,08-04-2026 08:03,5d 4h,FALSE
1149865,Alarm,"ALARM: ""AMPL-eFIMO-Prod-RDB-1b-CPU-90%-#Alarm"" in Asia Pacific (Mumbai)",Closed,Not Violated,Critical - P1,Uptime Team,08-04-2026 08:06,5d 4h,FALSE
1149866,Alarm,"ALARM: ""Gemtech-SAP-B1-Server-Window-2022-CPU-85%-#Alarm"" in Asia Pacific (Mumbai)",Closed,Not Violated,Critical - P1,Uptime Team,08-04-2026 08:07,5d 4h,FALSE
1149867,Alarm,"ALARM: ""Gemtech-SAP-B1-Server-Window-2022-CPU-95%-#Alarm"" in Asia Pacific (Mumbai)",Closed,Not Violated,Critical - P1,Uptime Team,08-04-2026 08:07,5d 4h,FALSE
1149868,Alarm,"ALARM: ""AMPL-eFIMO-Prod-RDB-1b-CPU-95%-#Alarm"" in Asia Pacific (Mumbai)",Closed,Not Violated,-,Uptime Team,08-04-2026 08:07,5d 4h,FALSE
1149869,Alarm,"ALARM: ""AMPL-eFIMO-Prod-DB1-1b-CPU-90%-#Alarm"" in Asia Pacific (Mumbai)",Closed,Not Violated,Critical - P1,Uptime Team,08-04-2026 08:07,5d 4h,FALSE
1149870,Alarm,Your certificate is renewed,Closed,Not Violated,-,Uptime Team,08-04-2026 08:18,5d 4h,FALSE
1149871,Alarm,"ALARM: ""flicktv-prod-valkey-cache-ElastiCacheProcessingUnits#Alarm"" in Asia Pacific (Mumbai)",Closed,Not Violated,Critical - P1,Uptime Team,08-04-2026 08:18,5d 4h,FALSE
1149872,Alarm,"ALARM: ""Bazoki-Prod-DB-1b-CPU-85%-#Alarm"" in Asia Pacific (Mumbai)",Closed,Not Violated,Critical - P1,Uptime Team,08-04-2026 08:26,5d 4h,FALSE
1149873,Alarm,"ALARM: ""Arundhati-Jewellers-ALB-5XX-#Alarm"" in Asia Pacific (Mumbai)",Closed,Not Violated,Critical - P1,Uptime Team,08-04-2026 08:27,5d 4h,FALSE
1149874,Alarm,Your certificate is renewed,Closed,Not Violated,-,Enterprise Linux Team,08-04-2026 08:28,5d 4h,FALSE
1149875,Alarm,"ALARM: ""aws-codedeploy-bitbucket-laravel-eezaamout-UAT-RDS-Freeable-Mem..."" in Asia Pacific (Mumbai)",Closed,Not Violated,Critical - P1,Uptime Team,08-04-2026 08:29,5d 4h,FALSE
1149876,Alarm,Your certificate is renewed,Closed,Not Violated,-,Uptime Team,08-04-2026 08:29,5d 4h,FALSE
1149877,Alarm,"ALARM: ""NewTownSchool_JIE-Prod-DB-1b-New-2-CPU-85%-utilized-#Alarm"" in Asia Pacific (Mumbai)",Closed,Not Violated,Critical - P1,Uptime Team,08-04-2026 08:36,5d 3h,FALSE
1149878,Alarm,"ALARM: ""Absolute-Barbeque-Prod-SAPB1-1b-StatusCheckFailed_Instance#Alarm"" in Asia Pacific (Mumbai)",Closed,Not Violated,Critical - P1,Uptime Team,08-04-2026 08:37,5d 3h,FALSE
1149879,Alarm,"ALARM: ""flicktv-prod-valkey-cache-ElastiCacheProcessingUnits#Alarm"" in Asia Pacific (Mumbai)",Closed,Not Violated,Critical - P1,Uptime Team,08-04-2026 08:38,5d 3h,FALSE
1149880,Alarm,"ALARM: ""NewTownSchool_JIE-Prod-DB-1b-New-2-CPU-85%-utilized-#Alarm"" in Asia Pacific (Mumbai)",Closed,Not Violated,Critical - P1,Uptime Team,08-04-2026 08:38,5d 3h,FALSE
1149881,Alarm,"ALARM: ""anxiprodb-instace-1-new-16-01-rds#DatabaseConnections"" in Asia Pacific (Sydney)",Closed,Not Violated,Critical - P1,Uptime Team,08-04-2026 08:39,5d 3h,FALSE
1149882,Alarm,"ALARM: ""aws-codedeploy-bitbucket-laravel-eezaamout-UAT-RDS-Freeable-Mem..."" in Asia Pacific (Mumbai)",Closed,Not Violated,Critical - P1,Uptime Team,08-04-2026 08:40,5d 3h,FALSE
1149883,Alarm,"ALARM: ""SkipperLimited-Prod-DB-1a-CPU-90%-#Alarm"" in Asia Pacific (Mumbai)",Closed,Not Violated,Critical - P1,Uptime Team,08-04-2026 08:41,5d 3h,FALSE
1149884,Alarm,"ALARM: ""kfinpwm-hex-prod-rds-Low-FreeableMemory-15%-#Alarm"" in Asia Pacific (Mumbai)",Closed,Not Violated,Critical - P1,Uptime Team,08-04-2026 08:41,5d 3h,FALSE
1149886,Alarm,"ALARM: ""Vawsum-Prime-UAT-APP-1a-CPUUtilization-85%-#Alarm"" in Asia Pacific (Mumbai)",Closed,Not Violated,Critical - P1,Enterprise Linux Team,08-04-2026 08:41,5d 3h,FALSE
1149885,Alarm,"ALARM: ""kfinpwm-hex-prod-rds-Low-FreeableMemory-15%-#Alarm"" in Asia Pacific (Mumbai)",Closed,Not Violated,Critical - P1,Uptime Team,08-04-2026 08:41,5d 3h,FALSE
1149887,Alarm,"ALARM: ""AFPL-Prod-Seceon-CCE-Pub-1b-Memory-85%-#Alarms"" in Asia Pacific (Mumbai)",Closed,Not Violated,Critical - P1,Uptime Team,08-04-2026 08:42,5d 3h,FALSE
1149889,Alarm,"ALARM: ""Absolute-Barbeque-Prod-SAPB1-1b-Disk(E:)-85%#Alarm"" in Asia Pacific (Mumbai)",Closed,Not Violated,Critical - P1,Uptime Team,08-04-2026 08:42,5d 3h,FALSE
1149890,Alarm,"ALARM: ""anxiprodb-instace-1-new-16-01-rds#DatabaseConnections"" in Asia Pacific (Sydney)",Closed,Not Violated,Critical - P1,Uptime Team,08-04-2026 08:42,5d 3h,FALSE
1149891,Alarm,"ALARM: ""Bazoki-Prod-DB-1b-CPU-85%-#Alarm"" in Asia Pacific (Mumbai)",Closed,Not Violated,Critical - P1,Uptime Team,08-04-2026 08:42,5d 3h,FALSE
1149892,Alarm,CTVN | https://akdparivar.com/newhome.php is Up,Closed,Not Violated,-,Uptime Team,08-04-2026 08:43,5d 3h,FALSE
1149893,Alarm,"ALARM: ""Absolute-Barbeque-Prod-Hana-1b-MemoryUtilization-85%#Alarm"" in Asia Pacific (Mumbai)",Closed,Not Violated,Critical - P1,Uptime Team,08-04-2026 08:48,5d 3h,FALSE
1149894,Alarm,"ALARM: ""Absolute-Barbeque-Prod-Hana-1b-MemoryUtilization-85%#Alarm"" in Asia Pacific (Mumbai)",Closed,Not Violated,Critical - P1,Uptime Team,08-04-2026 08:51,5d 3h,FALSE
1149895,Alarm,"ALARM: ""flicktv-prod-valkey-cache-ElastiCacheProcessingUnits#Alarm"" in Asia Pacific (Mumbai)",Closed,Not Violated,Critical - P1,Uptime Team,08-04-2026 08:52,5d 3h,FALSE
1149896,Alarm,Argus News is Down from multiple locations,Closed,Not Violated,-,Uptime Team,08-04-2026 08:53,5d 3h,FALSE
1149899,Alarm,"ALARM: ""Absolute-Barbeque-Prod-Hana-1b-MemoryUtilization-85%#Alarm"" in Asia Pacific (Mumbai)",Closed,Not Violated,Critical - P1,Uptime Team,08-04-2026 08:56,5d 3h,FALSE
1149900,Alarm,Argus News is Up,Closed,Not Violated,-,Uptime Team,08-04-2026 08:57,5d 3h,FALSE
1149901,Alarm,"ALARM: ""aws-codedeploy-bitbucket-laravel-eezaamout-UAT-RDS-Freeable-Mem..."" in Asia Pacific (Mumbai)",Closed,Not Violated,Critical - P1,Uptime Team,08-04-2026 08:58,5d 3h,FALSE
1149902,Alarm,"ALARM: ""MK-Agro-PRD-SSFA-DBP-01-CPU-85%-#Alarm"" in Asia Pacific (Mumbai)",Closed,Not Violated,Critical - P1,Uptime Team,08-04-2026 09:00,5d 3h,FALSE
1149903,Alarm,AWS Notification Message,Closed,Not Violated,Medium - P3,Uptime Team,08-04-2026 09:00,5d 3h,FALSE
1149904,Alarm,AWS Notification Message,Closed,Not Violated,Medium - P3,Uptime Team,08-04-2026 09:00,5d 3h,FALSE
1149905,Alarm,AWS Notification Message,Closed,Not Violated,Medium - P3,Uptime Team,08-04-2026 09:00,5d 3h,FALSE
1149906,Alarm,"ALARM: ""cPanel-CPU-85%-#Alarm"" in Asia Pacific (Mumbai)",Closed,Not Violated,Critical - P1,Uptime Team,08-04-2026 09:01,5d 3h,FALSE
1149907,Alarm,"ALARM: ""Absolute-Barbeque-Prod-Hana-1b-MemoryUtilization-85%#Alarm"" in Asia Pacific (Mumbai)",Closed,Not Violated,Critical - P1,Uptime Team,08-04-2026 09:01,5d 3h,FALSE
1149908,Alarm,"ALARM: ""SoftWeb-DB-Pvt-1b-#CPUUtilization-95%-#ALARM"" in Asia Pacific (Mumbai)",Closed,Not Violated,Critical - P1,Uptime Team,08-04-2026 09:01,5d 3h,FALSE
1149909,Alarm,"ALARM: ""aws-codedeploy-bitbucket-laravel-eezaamout-UAT-RDS-Freeable-Mem..."" in Asia Pacific (Mumbai)",Closed,Not Violated,Critical - P1,Uptime Team,08-04-2026 09:02,5d 3h,FALSE
1149910,Alarm,Shifa Hospitals is Up,Closed,Not Violated,-,Uptime Team,08-04-2026 09:04,5d 3h,FALSE
1149911,Alarm,"ALARM: ""MK-Agro-PRD-SSFA-DBP-01-CPU-85%-#Alarm"" in Asia Pacific (Mumbai)",Closed,Not Violated,Critical - P1,Uptime Team,08-04-2026 09:05,5d 3h,FALSE
1149912,Alarm,"ALARM: ""Absolute-Barbeque-Prod-Hana-1b-MemoryUtilization-85%#Alarm"" in Asia Pacific (Mumbai)",Closed,Not Violated,Critical - P1,Uptime Team,08-04-2026 09:09,5d 3h,FALSE
1149913,Alarm,"ALARM: ""flicktv-prod-valkey-cache-ElastiCacheProcessingUnits#Alarm"" in Asia Pacific (Mumbai)",Closed,Not Violated,Critical - P1,Uptime Team,08-04-2026 09:10,5d 3h,FALSE
1149914,Alarm,Your certificate is renewed,Closed,Not Violated,-,Uptime Team,08-04-2026 09:10,5d 3h,FALSE
1149915,Alarm,"ALARM: ""SoftWeb-DB-Pvt-1b-#CPUUtilization-95%-#ALARM"" in Asia Pacific (Mumbai)",Closed,Not Violated,Critical - P1,Uptime Team,08-04-2026 09:11,5d 3h,FALSE
1149916,Alarm,"ALARM: ""Arjava-Technicsi-Send-#Alarm"" in Asia Pacific (Mumbai)",Closed,Not Violated,Critical - P1,Enterprise Linux Team,08-04-2026 09:11,5d 3h,FALSE
1149917,Alarm,"ALARM: ""hoichoi-aws-aps1-prod-ecs-hoichoi-backend_high_memory_util_alarm"" in Asia Pacific (Mumbai)",Closed,Not Violated,Critical - P1,Uptime Team,08-04-2026 09:11,5d 3h,FALSE
1149918,Alarm,"ALARM: ""AFPL-Prod-Seceon-CCE-Pub-1b-Memory-85%-#Alarms"" in Asia Pacific (Mumbai)",Closed,Not Violated,Critical - P1,Uptime Team,08-04-2026 09:13,5d 3h,FALSE
1149920,Client,several unncesary tickets are getting created,Closed,Not Violated,Medium - P3,DevOps Team,08-04-2026 09:14,5d 3h,FALSE
1149921,Alarm,"ALARM: ""Absolute-Barbeque-Prod-Hana-1b-MemoryUtilization-85%#Alarm"" in Asia Pacific (Mumbai)",Closed,Not Violated,Critical - P1,Uptime Team,08-04-2026 09:14,5d 3h,FALSE
1149922,Alarm,"ALARM: ""SoftWeb-DB-Pvt-1b-#CPUUtilization-95%-#ALARM"" in Asia Pacific (Mumbai)",Closed,Not Violated,Critical - P1,Uptime Team,08-04-2026 09:14,5d 3h,FALSE
1149923,Alarm,"ALARM: ""AMPL-eFIMO-Prod-RDB-1b-CPU-90%-#Alarm"" in Asia Pacific (Mumbai)",Closed,Not Violated,Critical - P1,Uptime Team,08-04-2026 09:15,5d 3h,FALSE
1149924,Alarm,"ALARM: ""Arundhati-Jewellers-ALB-5XX-#Alarm"" in Asia Pacific (Mumbai)",Closed,Not Violated,Critical - P1,Uptime Team,08-04-2026 09:17,5d 3h,FALSE
1149925,Alarm,"ALARM: ""aws-codedeploy-bitbucket-laravel-eezaamout-UAT-RDS-Freeable-Mem..."" in Asia Pacific (Mumbai)",Closed,Not Violated,Critical - P1,Uptime Team,08-04-2026 09:18,5d 3h,FALSE
1149926,Alarm,"ALARM: ""Absolute-Barbeque-Prod-Hana-1b-MemoryUtilization-85%#Alarm"" in Asia Pacific (Mumbai)",Closed,Not Violated,Critical - P1,Uptime Team,08-04-2026 09:19,5d 3h,FALSE
1149927,Alarm,"ALARM: ""AFPL-Prod-Seceon-CCE-Pub-1b-Memory-85%-#Alarms"" in Asia Pacific (Mumbai)",Closed,Not Violated,Critical - P1,Uptime Team,08-04-2026 09:21,5d 3h,FALSE
1149929,Alarm,"ALARM: ""flicktv-prod-valkey-cache-ElastiCacheProcessingUnits#Alarm"" in Asia Pacific (Mumbai)",Closed,Not Violated,Critical - P1,Uptime Team,08-04-2026 09:21,5d 3h,FALSE
1149930,Alarm,"ALARM: ""SoftWeb-DB-Pvt-1b-#CPUUtilization-95%-#ALARM"" in Asia Pacific (Mumbai)",Closed,Not Violated,Critical - P1,Uptime Team,08-04-2026 09:21,5d 3h,FALSE
1149931,Alarm,Your certificate is renewed,Closed,Not Violated,-,Enterprise Linux Team,08-04-2026 09:22,5d 3h,FALSE
1149932,Alarm,"ALARM: ""Absolute-Barbeque-Prod-Hana-1b-MemoryUtilization-85%#Alarm"" in Asia Pacific (Mumbai)",Closed,Not Violated,Critical - P1,Uptime Team,08-04-2026 09:24,5d 3h,FALSE
1149933,Alarm,"ALARM: ""flicktv-prod-valkey-cache-ElastiCacheProcessingUnits#Alarm"" in Asia Pacific (Mumbai)",Closed,Not Violated,Critical - P1,Uptime Team,08-04-2026 09:27,5d 3h,FALSE
1149934,Alarm,"ALARM: ""ARS-Steels-Prod-DB-1a-Disk D-85%-#Alarm"" in Asia Pacific (Mumbai)",Closed,Not Violated,Critical - P1,Uptime Team,08-04-2026 09:29,5d 3h,FALSE
1149935,Alarm,"ALARM: ""AFPL-Prod-Seceon-CCE-Pub-1b-Memory-85%-#Alarms"" in Asia Pacific (Mumbai)",Closed,Not Violated,Critical - P1,Uptime Team,08-04-2026 09:31,5d 3h,FALSE
1149937,Alarm,"ALARM: ""flicktv-prod-valkey-cache-ElastiCacheProcessingUnits#Alarm"" in Asia Pacific (Mumbai)",Closed,Not Violated,Critical - P1,Uptime Team,08-04-2026 09:33,5d 2h,FALSE
1149938,Alarm,"ALARM: ""Dev_DevOps_test-Prod-CPU-95%#Alarm"" in Asia Pacific (Mumbai)",Closed,Not Violated,Critical - P1,Uptime Team,08-04-2026 09:36,5d 2h,FALSE
1149939,Alarm,"ALARM: ""Dev_DevOps_test-Prod-CPU-85%#Alarm"" in Asia Pacific (Mumbai)",Closed,Not Violated,Critical - P1,Uptime Team,08-04-2026 09:37,5d 2h,FALSE
1149940,Alarm,"ALARM: ""softweb-srishti-rds-oracle-21c-Memory-85% #Alarm"" in Asia Pacific (Mumbai)",Closed,Not Violated,Critical - P1,Uptime Team,08-04-2026 09:39,5d 2h,FALSE
1149941,Alarm,"ALARM: ""flicktv-prod-valkey-cache-ElastiCacheProcessingUnits#Alarm"" in Asia Pacific (Mumbai)",Closed,Not Violated,Critical - P1,Uptime Team,08-04-2026 09:40,5d 2h,FALSE
1149942,Alarm,"ALARM: ""KhimjiJwellers-ERP-App+MSSQLDB-Server-1b-CPU-85%-#Alarm"" in Asia Pacific (Mumbai)",Closed,Not Violated,Critical - P1,Uptime Team,08-04-2026 09:41,5d 2h,FALSE
1149943,Alarm,"ALARM: ""Dev_DevOps_test-Prod-Memory-85%#Alarm"" in Asia Pacific (Mumbai)",Closed,Not Violated,Critical - P1,Uptime Team,08-04-2026 09:44,5d 2h,FALSE
1149944,Alarm,"ALARM: ""Bazoki-Prod-DB-1b-CPU-85%-#Alarm"" in Asia Pacific (Mumbai)",Closed,Not Violated,Critical - P1,Uptime Team,08-04-2026 09:46,5d 2h,FALSE
1149945,Alarm,"ALARM: ""AMPL-eFIMO-Prod-RDB-1b-CPU-95%-#Alarm"" in Asia Pacific (Mumbai)",Closed,Not Violated,-,Uptime Team,08-04-2026 09:51,5d 2h,FALSE
1149946,Alarm,"ALARM: ""AMPL-eFIMO-Prod-RDB-1b-CPU-90%-#Alarm"" in Asia Pacific (Mumbai)",Closed,Not Violated,Critical - P1,Uptime Team,08-04-2026 09:51,5d 2h,FALSE
1149947,Alarm,"ALARM: ""SoftWeb-DB-Pvt-1b-#CPUUtilization-95%-#ALARM"" in Asia Pacific (Mumbai)",Closed,Not Violated,Critical - P1,Uptime Team,08-04-2026 09:55,5d 2h,FALSE
1149948,Alarm,"ALARM: ""Absolute-Barbeque-Prod-Hana-1b-MemoryUtilization-85%#Alarm"" in Asia Pacific (Mumbai)",Closed,Not Violated,Critical - P1,Uptime Team,08-04-2026 09:56,5d 2h,FALSE
1149949,Alarm,"ALARM: ""aws-codedeploy-bitbucket-laravel-eezaamout-UAT-RDS-Freeable-Mem..."" in Asia Pacific (Mumbai)",Closed,Not Violated,Critical - P1,Uptime Team,08-04-2026 09:56,5d 2h,FALSE
1149951,Alarm,"ALARM: ""kfinpwm-hex-prod-rds-Low-FreeableMemory-15%-#Alarm"" in Asia Pacific (Mumbai)",Closed,Not Violated,Critical - P1,Uptime Team,08-04-2026 10:03,5d 2h,FALSE
1149952,Alarm,"ALARM: ""kfinpwm-hex-prod-rds-Low-FreeableMemory-15%-#Alarm"" in Asia Pacific (Mumbai)",Closed,Not Violated,Critical - P1,Uptime Team,08-04-2026 10:03,5d 2h,FALSE
1149953,Alarm,"ALARM: ""Absolute-Barbeque-Prod-Hana-1b-MemoryUtilization-85%#Alarm"" in Asia Pacific (Mumbai)",Closed,Not Violated,Critical - P1,Uptime Team,08-04-2026 10:03,5d 2h,FALSE
1149954,Client,Time Entry,Closed,Not Violated,Critical - P1,-,08-04-2026 10:04,5d 2h,FALSE
1149955,Alarm,"ALARM: ""Annapurna-Operations-Prod-App-1b-CPU-85%-#Alarm"" in Asia Pacific (Mumbai)",Closed,Not Violated,Critical - P1,Uptime Team,08-04-2026 10:06,5d 2h,FALSE
1149956,Alarm,"ALARM: ""SoftWeb-DB-Pvt-1b-#CPUUtilization-95%-#ALARM"" in Asia Pacific (Mumbai)",Closed,Not Violated,Critical - P1,Uptime Team,08-04-2026 10:06,5d 2h,FALSE
1149959,Alarm,"ALARM: ""Absolute-Barbeque-Prod-Hana-1b-MemoryUtilization-85%#Alarm"" in Asia Pacific (Mumbai)",Closed,Not Violated,Critical - P1,Uptime Team,08-04-2026 10:08,5d 2h,FALSE
1149960,Alarm,Argus News is Down from multiple locations,Closed,Not Violated,-,Uptime Team,08-04-2026 10:10,5d 2h,FALSE
1149961,Alarm,Argus News is Up,Closed,Not Violated,-,Uptime Team,08-04-2026 10:10,5d 2h,FALSE
1149962,Alarm,"ALARM: ""flicktv-prod-valkey-cache-ElastiCacheProcessingUnits#Alarm"" in Asia Pacific (Mumbai)",Closed,Not Violated,Critical - P1,Uptime Team,08-04-2026 10:10,5d 2h,FALSE
1149963,Client,VPN Profile Creation Request for Tableau Access,Closed,Not Violated,Medium - P3,Uptime Team,08-04-2026 10:10,5d 2h,FALSE
1149964,Alarm,"ALARM: ""GnsqGlobal-Prod-APP-DB-Server-1b-CPU-Utilization-95% #Alarm"" in Asia Pacific (Mumbai)",Closed,Not Violated,Critical - P1,Uptime Team,08-04-2026 10:12,5d 2h,FALSE
1149965,Alarm,"ALARM: ""Absolute-Barbeque-Prod-Hana-1b-MemoryUtilization-85%#Alarm"" in Asia Pacific (Mumbai)",Closed,Not Violated,Critical - P1,Uptime Team,08-04-2026 10:13,5d 2h,FALSE
1149966,Client,"Reminder: [## 1132190 ##] Intranet DPS access to SSC teamAshwin Jobanputra <ashwin.jobanputra@larsentoubro.com> @ Wed Apr 08, 2026 10:30 am - 11:00 am (Asia/Kolkata)",Closed,Not Violated,Medium - P3,Uptime Team,08-04-2026 10:15,5d 2h,FALSE
1149967,Client,LTTS SAP not working due to change in IP address (SSC Vadodara),Awaiting Customer Response,Not Violated,Medium - P3,Enterprise Linux Team,08-04-2026 10:16,5d 2h,TRUE
1149968,Alarm,"ALARM: ""GnsqGlobal-Prod-APP-DB-Server-1b-CPU-Utilization-95% #Alarm"" in Asia Pacific (Mumbai)",Closed,Not Violated,Critical - P1,Uptime Team,08-04-2026 10:17,5d 2h,FALSE
1149969,Alarm,"ALARM: ""Kims-Hospital-Prod-Web-Server-1b-CPUUtilization-85% #Alarm"" in Asia Pacific (Mumbai)",Closed,Not Violated,-,Uptime Team,08-04-2026 10:17,5d 2h,FALSE
1149970,Alarm,"ALARM: ""Absolute-Barbeque-Prod-Hana-1b-MemoryUtilization-85%#Alarm"" in Asia Pacific (Mumbai)",Closed,Not Violated,Critical - P1,Uptime Team,08-04-2026 10:18,5d 2h,FALSE
1149971,Alarm,"ALARM: ""flicktv-prod-valkey-cache-ElastiCacheProcessingUnits#Alarm"" in Asia Pacific (Mumbai)",Closed,Not Violated,Critical - P1,Uptime Team,08-04-2026 10:19,5d 2h,FALSE
1149972,Alarm,"ALARM: ""IWMBUZZ-PROD-WPS-ADMIN-Memory-85%-#Alarm"" in Asia Pacific (Mumbai)",Closed,Not Violated,Critical - P1,Uptime Team,08-04-2026 10:20,5d 2h,FALSE
1149973,Alarm,"ALARM: ""AMPL-eFIMO-Prod-RDB-1b-CPU-90%-#Alarm"" in Asia Pacific (Mumbai)",Closed,Not Violated,Critical - P1,Uptime Team,08-04-2026 10:21,5d 2h,FALSE
1149974,Alarm,"ALARM: ""Absolute-Barbeque-Prod-Hana-1b-MemoryUtilization-85%#Alarm"" in Asia Pacific (Mumbai)",Closed,Not Violated,Critical - P1,Uptime Team,08-04-2026 10:21,5d 2h,FALSE
1149975,Alarm,"ALARM: ""Annapurna-Operations-Prod-App-1b-Memory-85%-#Alarm"" in Asia Pacific (Mumbai)",Closed,Not Violated,Critical - P1,Uptime Team,08-04-2026 10:24,5d 2h,FALSE
1149976,Alarm,"ALARM: ""GnsqGlobal-Prod-APP-DB-Server-1b-CPU-Utilization-95% #Alarm"" in Asia Pacific (Mumbai)",Closed,Not Violated,Critical - P1,Uptime Team,08-04-2026 10:27,5d 2h,FALSE
1149977,Alarm,"ALARM: ""flicktv-prod-valkey-cache-ElastiCacheProcessingUnits#Alarm"" in Asia Pacific (Mumbai)",Closed,Not Violated,Critical - P1,Uptime Team,08-04-2026 10:28,5d 2h,FALSE
1149978,Alarm,"ALARM: ""aws-codedeploy-bitbucket-laravel-eezaamout-UAT-RDS-Freeable-Mem..."" in Asia Pacific (Mumbai)",Closed,Not Violated,Critical - P1,Uptime Team,08-04-2026 10:29,5d 2h,FALSE
1149979,Alarm,Vawsum | https://vawsum.com/ is Down from multiple locations,Closed,Not Violated,-,Uptime Team,08-04-2026 10:30,5d 2h,FALSE
1149980,Alarm,"ALARM: ""BDG-Metal-Prod-App-1b-C.P.U-85%#Alarm"" in Asia Pacific (Mumbai)",Closed,Not Violated,High - P2,Uptime Team,08-04-2026 10:32,5d 2h,FALSE
1149981,Client,WAF Blocking Theme API – Demo Import Issue,Awaiting Customer Response,Not Violated,Medium - P3,Enterprise Linux Team,08-04-2026 10:32,5d 2h,FALSE
1149982,Alarm,"ALARM: ""KFIN-AIF-UAT-Motilal_Oswal-1b-Disk(Root)-85%-#Alarm"" in Asia Pacific (Mumbai)",Awaiting Customer Response,Not Violated,Critical - P1,Enterprise Windows Team,08-04-2026 10:33,5d 2h,FALSE
1149983,Alarm,Argus News is Down from multiple locations,Closed,Not Violated,-,Uptime Team,08-04-2026 10:35,5d 1h,FALSE
1149984,Alarm,Argus News is Up,Closed,Not Violated,-,Uptime Team,08-04-2026 10:36,5d 1h,FALSE
1149985,Client,Fwd: RE: VPN profile for Sanjeet Dash (Audit Department)-GIS,Closed,Not Violated,Medium - P3,Uptime Team,08-04-2026 10:36,5d 1h,FALSE
1149986,Alarm,"ALARM: ""ARS-Steels-Prod-APP-1a-CPU-95%-#Alarm"" in Asia Pacific (Mumbai)",Closed,Not Violated,-,Uptime Team,08-04-2026 10:40,5d 1h,FALSE
1149987,Alarm,"ALARM: ""anxiprodb-instace-1-new-16-01-rds#DatabaseConnections"" in Asia Pacific (Sydney)",Closed,Not Violated,Critical - P1,Uptime Team,08-04-2026 10:40,5d 1h,FALSE
1149988,Alarm,"ALARM: ""flicktv-prod-valkey-cache-ElastiCacheProcessingUnits#Alarm"" in Asia Pacific (Mumbai)",Closed,Not Violated,Critical - P1,Uptime Team,08-04-2026 10:40,5d 1h,FALSE
1149989,Alarm,Vawsum | https://vawsum.com/ is Up,Closed,Not Violated,-,Uptime Team,08-04-2026 10:41,5d 1h,FALSE
1149990,Alarm,"ALARM: ""NewTownSchool_JIE-Prod-DB-1b-New-2-CPU-85%-utilized-#Alarm"" in Asia Pacific (Mumbai)",Closed,Not Violated,Critical - P1,Uptime Team,08-04-2026 10:41,5d 1h,FALSE
1149991,Alarm,"ALARM: ""ARS-Steels-Prod-APP-1a-CPU-90%-#Alarm"" in Asia Pacific (Mumbai)",Closed,Not Violated,-,Uptime Team,08-04-2026 10:42,5d 1h,FALSE
1149992,Alarm,"ALARM: ""BDG-Metal-Prod-App-1b-C.P.U-85%#Alarm"" in Asia Pacific (Mumbai)",Closed,Not Violated,High - P2,Uptime Team,08-04-2026 10:42,5d 1h,FALSE
1149993,Client,Attention required on case 177501232800974: Unable to Access Bahrain Region – Production Servers Down,Closed,Not Violated,Medium - P3,Enterprise Linux Team,08-04-2026 10:43,5d 1h,FALSE
1149994,Client,Re:TM Vulnerability Data & Feature Access Issues,Closed,Not Violated,Medium - P3,DevOps Team,08-04-2026 10:44,5d 1h,FALSE
1149995,Alarm,Argus News is Down from multiple locations,Closed,Not Violated,-,Uptime Team,08-04-2026 10:46,5d 1h,FALSE
1149996,Alarm,"ALARM: ""aws-codedeploy-bitbucket-laravel-eezaamout-UAT-RDS-Freeable-Mem..."" in Asia Pacific (Mumbai)",Closed,Not Violated,Critical - P1,Uptime Team,08-04-2026 10:47,5d 1h,FALSE
1149997,Alarm,Argus News is Up,Closed,Not Violated,-,Uptime Team,08-04-2026 10:47,5d 1h,FALSE
1149998,Alarm,"ALARM: ""MSP-Steel-KJR-Secondary-VpnConnection-Tunnel1#Alarm"" in Asia Pacific (Mumbai)",Closed,Not Violated,Critical - P1,Enterprise Linux Team,08-04-2026 10:50,5d 1h,FALSE
1149999,Alarm,"ALARM: ""AMPL-eFIMO-Prod-RDB-1b-CPU-90%-#Alarm"" in Asia Pacific (Mumbai)",Closed,Not Violated,Critical - P1,Uptime Team,08-04-2026 10:50,5d 1h,FALSE
1150000,Alarm,"ALARM: ""TSS_MsSql_Server-30-01-2024-new-prod-CPU-85%-#Alarm"" in Asia Pacific (Mumbai)",Closed,Not Violated,Critical - P1,Uptime Team,08-04-2026 10:51,5d 1h,FALSE
1150001,Alarm,"ALARM: ""LeeNee-Haldia-Prod-SapB1&DB-1b-New-Disk(D)-15%-#Alarm"" in Asia Pacific (Mumbai)",Closed,Not Violated,Critical - P1,Uptime Team,08-04-2026 10:52,5d 1h,FALSE
1150002,Alarm,"ALARM: ""softweb-srishti-rds-oracle-21c-Memory-85% #Alarm"" in Asia Pacific (Mumbai)",Closed,Not Violated,Critical - P1,Uptime Team,08-04-2026 10:52,5d 1h,FALSE
1150003,Alarm,"ALARM: ""softweb-srishti-rds-oracle-21c-CPU-85% #Alarm"" in Asia Pacific (Mumbai)",Closed,Not Violated,Critical - P1,Uptime Team,08-04-2026 10:52,5d 1h,FALSE
1150004,Client,Workmates Backup - No successful backups reminder,Closed,Not Violated,Medium - P3,SMB Linux Team,08-04-2026 10:53,5d 1h,FALSE
1150005,Alarm,"ALARM: ""AMPL-eFIMO-Prod-RDB-1b-CPU-90%-#Alarm"" in Asia Pacific (Mumbai)",Closed,Not Violated,Critical - P1,Uptime Team,08-04-2026 10:53,5d 1h,FALSE
1150006,Alarm,"ALARM: ""flicktv-prod-valkey-cache-ElastiCacheProcessingUnits#Alarm"" in Asia Pacific (Mumbai)",Closed,Not Violated,Critical - P1,Uptime Team,08-04-2026 11:00,5d 1h,FALSE
1150007,Alarm,"ALARM: ""ABM-Prod-App+PGSQL-DB-1a-CPU-85%-#Alarm"" in Asia Pacific (Mumbai)",Closed,Not Violated,Critical - P1,Uptime Team,08-04-2026 11:01,5d 1h,FALSE
1150008,Alarm,"ALARM: ""ABM-Prod-App+PGSQL-DB-1a-CPU-85%-#Alarm"" in Asia Pacific (Mumbai)",Closed,Not Violated,Critical - P1,Uptime Team,08-04-2026 11:02,5d 1h,FALSE
1150009,Client,User unable to connect to RDP,Closed,Not Violated,Medium - P3,Uptime Team,08-04-2026 11:02,5d 1h,FALSE
1150010,Alarm,"ALARM: ""ABM-Technomatrix-Prod-Web/DB-1a-New-Disk(C)-85%-#Alarm"" in Asia Pacific (Mumbai)",Closed,Not Violated,Critical - P1,Uptime Team,08-04-2026 11:05,5d 1h,FALSE
1150011,Alarm,"ALARM: ""ABM-Technomatrix-Prod-Web/DB-1a-New-Disk(C)-85%-#Alarm"" in Asia Pacific (Mumbai)",Awaiting Customer Response,Not Violated,Critical - P1,SMB Windows Team,08-04-2026 11:05,5d 1h,FALSE
1150012,Alarm,"ALARM: ""Annapurna-Operations-Prod-App-1b-Memory-85%-#Alarm"" in Asia Pacific (Mumbai)",Closed,Not Violated,Critical - P1,Uptime Team,08-04-2026 11:05,5d 1h,FALSE
1150013,Alarm,"ALARM: ""Arukus-UAT-APP-CPU-85%-#Alarm"" in Asia Pacific (Mumbai)",Closed,Not Violated,Critical - P1,Uptime Team,08-04-2026 11:07,5d 1h,FALSE
1150014,Alarm,"ALARM: ""AFPL-Prod-Seceon-CCE-Pub-1b-Memory-85%-#Alarms"" in Asia Pacific (Mumbai)",Closed,Not Violated,Critical - P1,Uptime Team,08-04-2026 11:08,5d 1h,FALSE
1150016,Alarm,"ALARM: ""flicktv-prod-valkey-cache-ElastiCacheProcessingUnits#Alarm"" in Asia Pacific (Mumbai)",Closed,Not Violated,Critical - P1,Uptime Team,08-04-2026 11:10,5d 1h,FALSE
1150017,Alarm,"ALARM: ""AMPL-eFIMO-Prod-RDB-1b-CPU-90%-#Alarm"" in Asia Pacific (Mumbai)",Closed,Not Violated,Critical - P1,Uptime Team,08-04-2026 11:11,5d 1h,FALSE
1150018,Alarm,"ALARM: ""Innovel-Tally-server-Pub-1b-cpu-85%-alarm"" in Asia Pacific (Mumbai)",Closed,Not Violated,-,Uptime Team,08-04-2026 11:11,5d 1h,FALSE
1150019,Alarm,"ALARM: ""Kims-Hospital-KSRVPRDDB-Server-2b-Memory-90%-#Alarm"" in Asia Pacific (Hyderabad)",Closed,Not Violated,-,Uptime Team,08-04-2026 11:12,5d 1h,FALSE
1150020,Alarm,"ALARM: ""TSS_MsSql_Server-30-01-2024-new-Prod-Memory-85%#Alarm"" in Asia Pacific (Mumbai)",Closed,Not Violated,Critical - P1,Uptime Team,08-04-2026 11:14,5d 1h,FALSE
1150021,Alarm,"ALARM: ""PragtiMilk-Prod-Web-1b-CPU-85%-#Alarm"" in Asia Pacific (Mumbai)",Closed,Not Violated,Critical - P1,Uptime Team,08-04-2026 11:21,5d 1h,FALSE
1150022,Alarm,"ALARM: ""flicktv-prod-valkey-cache-ElastiCacheProcessingUnits#Alarm"" in Asia Pacific (Mumbai)",Closed,Not Violated,Critical - P1,Uptime Team,08-04-2026 11:23,5d 1h,FALSE
1150023,Alarm,"ALARM: ""AMPL-eFIMO-Prod-RDB-1b-CPU-90%-#Alarm"" in Asia Pacific (Mumbai)",Closed,Not Violated,Critical - P1,Uptime Team,08-04-2026 11:26,5d 1h,FALSE
1150024,Alarm,"ALARM: ""BDG-Metal-Prod-App-1b-C.P.U-85%#Alarm"" in Asia Pacific (Mumbai)",Closed,Not Violated,High - P2,Uptime Team,08-04-2026 11:26,5d 1h,FALSE
1150025,Alarm,Argus News is Down from multiple locations,Closed,Not Violated,-,Uptime Team,08-04-2026 11:27,5d 1h,FALSE
1150026,Alarm,"ALARM: ""flicktv-prod-valkey-cache-ElastiCacheProcessingUnits#Alarm"" in Asia Pacific (Mumbai)",Closed,Not Violated,Critical - P1,Uptime Team,08-04-2026 11:27,5d 1h,FALSE
1150027,Alarm,Argus News is Up,Closed,Not Violated,-,Uptime Team,08-04-2026 11:27,5d 1h,FALSE
1150028,Alarm,"ALARM: ""Kims-Hospital-Prod-Web-Server-1b-CPUUtilization-85% #Alarm"" in Asia Pacific (Mumbai)",Closed,Not Violated,-,Uptime Team,08-04-2026 11:28,5d 1h,FALSE
1150029,Alarm,"ALARM: ""AMPL-eFIMO-Prod-RDB-1b-CPU-95%-#Alarm"" in Asia Pacific (Mumbai)",Closed,Not Violated,-,Uptime Team,08-04-2026 11:30,5d 1h,FALSE
1150030,Alarm,"ALARM: ""AFPL-Prod-Seceon-CCE-Pub-1b-Memory-85%-#Alarms"" in Asia Pacific (Mumbai)",Closed,Not Violated,Critical - P1,Uptime Team,08-04-2026 11:30,5d 1h,FALSE
1150031,Alarm,"ALARM: ""Annapurna-Operations-Prod-App-1b-Memory-85%-#Alarm"" in Asia Pacific (Mumbai)",Closed,Not Violated,Critical - P1,Uptime Team,08-04-2026 11:31,5d 1h,FALSE
1150033,Alarm,"ALARM: ""PragtiMilk-Prod-Web-1b-CPU-85%-#Alarm"" in Asia Pacific (Mumbai)",Closed,Not Violated,Critical - P1,Uptime Team,08-04-2026 11:31,5d 1h,FALSE
1150034,Alarm,"ALARM: ""Bazoki-Prod-DB-1b-CPU-85%-#Alarm"" in Asia Pacific (Mumbai)",Closed,Not Violated,Critical - P1,Uptime Team,08-04-2026 11:32,5d 1h,FALSE
1150035,Alarm,AWS Notification - Subscription Confirmation,Closed,Not Violated,Medium - P3,Uptime Team,08-04-2026 11:33,5d 1h,FALSE
1150036,Alarm,"ALARM: ""LeeNee-Rama-Overseas-Prod-App-1b-Disk(C)-VolumeAvgThroughput#Alarm"" in Asia Pacific (Mumbai)",Closed,Not Violated,Critical - P1,Uptime Team,08-04-2026 11:34,5d 0h,FALSE
1150037,Alarm,"ALARM: ""PragtiMilk-Prod-Web-1b-CPU-85%-#Alarm"" in Asia Pacific (Mumbai)",Closed,Not Violated,Critical - P1,Uptime Team,08-04-2026 11:34,5d 0h,FALSE
1150038,Alarm,DKIM setup SUCCESS for servicing.myewards.com in Asia Pacific (Mumbai) region,Closed,Not Violated,-,Enterprise Linux Team,08-04-2026 11:37,5d 0h,FALSE
1150039,Alarm,"ALARM: ""PragtiMilk-Prod-Web-1b-CPU-85%-#Alarm"" in Asia Pacific (Mumbai)",Closed,Not Violated,Critical - P1,Uptime Team,08-04-2026 11:37,5d 0h,FALSE
1150040,Client,Request to reset the password for Prelive Account,Closed,Not Violated,Medium - P3,DevOps Team,08-04-2026 11:37,5d 0h,FALSE
1150041,Alarm,"ALARM: ""Kims-Hospital-KSRVPRDDB-Server-2b-Memory-90%-#Alarm"" in Asia Pacific (Hyderabad)",Closed,Not Violated,-,Uptime Team,08-04-2026 11:38,5d 0h,FALSE
1150042,Alarm,"ALARM: ""AMPL-eFIMO-Prod-RDB-1b-CPU-90%-#Alarm"" in Asia Pacific (Mumbai)",Closed,Not Violated,Critical - P1,Uptime Team,08-04-2026 11:38,5d 0h,FALSE
1150043,Alarm,"ALARM: ""anxiprodb-instace-1-new-16-01-rds#DatabaseConnections"" in Asia Pacific (Sydney)",Closed,Not Violated,Critical - P1,Uptime Team,08-04-2026 11:38,5d 0h,FALSE
1150044,Alarm,"ALARM: ""Eleve-Diamonds-ALB-4XX-#ALARM"" in Asia Pacific (Mumbai)",Closed,Not Violated,Critical - P1,Uptime Team,08-04-2026 11:41,5d 0h,FALSE
1150045,Alarm,"ALARM: ""flicktv-prod-valkey-cache-ElastiCacheProcessingUnits#Alarm"" in Asia Pacific (Mumbai)",Closed,Not Violated,Critical - P1,Uptime Team,08-04-2026 11:43,5d 0h,FALSE
1150047,Alarm,"ALARM: ""AMPL-eFIMO-Prod-RDB-1b-Drive(E)-VolumeQueueLength-20#Alarm"" in Asia Pacific (Mumbai)",Closed,Not Violated,Critical - P1,Uptime Team,08-04-2026 11:44,5d 0h,FALSE
1150048,Alarm,"ALARM: ""Gemtech-SAP-B1-Server-Window-2022-CPU-85%-#Alarm"" in Asia Pacific (Mumbai)",Closed,Not Violated,Critical - P1,Uptime Team,08-04-2026 11:46,5d 0h,FALSE
1150049,Alarm,"ALARM: ""flicktv-prod-valkey-cache-ElastiCacheProcessingUnits#Alarm"" in Asia Pacific (Mumbai)",Closed,Not Violated,Critical - P1,Uptime Team,08-04-2026 11:46,5d 0h,FALSE
1150050,Alarm,"ALARM: ""ARS-Steels-Prod-APP-1a-CPU-95%-#Alarm"" in Asia Pacific (Mumbai)",Closed,Not Violated,-,Uptime Team,08-04-2026 11:47,5d 0h,FALSE
1150054,Alarm,"ALARM: ""GnsqGlobal-Prod-APP-DB-Server-1b-CPU-Utilization-95% #Alarm"" in Asia Pacific (Mumbai)",Closed,Not Violated,Critical - P1,Uptime Team,08-04-2026 11:52,5d 0h,FALSE
1150055,Alarm,"ALARM: ""Gemtech-SAP-B1-Server-Window-2022-CPU-85%-#Alarm"" in Asia Pacific (Mumbai)",Closed,Not Violated,Critical - P1,Uptime Team,08-04-2026 11:52,5d 0h,FALSE
1150056,Alarm,"ALARM: ""ETEdge-TG-CDN-INSIGHTS-ET3TON8I54DZP-5xxErrorRate-Alarm"" in US East (N. Virginia)",Closed,Not Violated,Critical - P1,Uptime Team,08-04-2026 11:52,5d 0h,FALSE
1150057,Alarm,"ALARM: ""Kims-Hospital-KSRVPRDDB-Server-2b-Memory-90%-#Alarm"" in Asia Pacific (Hyderabad)",Closed,Not Violated,-,Uptime Team,08-04-2026 11:53,5d 0h,FALSE
1150058,Alarm,"ALARM: ""AFPL-Prod-Seceon-CCE-Pub-1b-Memory-85%-#Alarms"" in Asia Pacific (Mumbai)",Closed,Not Violated,Critical - P1,Uptime Team,08-04-2026 11:55,5d 0h,FALSE
1150059,Client,RE:[CASE 177562910500063] RDS Postgres down after secrets manager rotation.,Closed,Not Violated,Medium - P3,DevOps Team,08-04-2026 11:55,5d 0h,FALSE
1150062,Alarm,"ALARM: ""ETEdge-TG-Etnowgbs-cdn-ENSA4TPDNYD15-5xxErrorRate-Alarm"" in US East (N. Virginia)",Closed,Not Violated,Critical - P1,Uptime Team,08-04-2026 11:57,5d 0h,FALSE
1150063,Alarm,"ALARM: ""Kims-Hospital-Prod-Web-Server-1b-CPUUtilization-85% #Alarm"" in Asia Pacific (Mumbai)",Closed,Not Violated,-,Uptime Team,08-04-2026 11:57,5d 0h,FALSE
1150064,Alarm,Argus News is Down from multiple locations,Closed,Not Violated,-,Uptime Team,08-04-2026 11:58,5d 0h,FALSE
1150065,Alarm,"ALARM: ""Ankura-Hospitals-Prod-SAPB1-1b-CPU-85%#Alarm"" in Asia Pacific (Mumbai)",Closed,Not Violated,Critical - P1,Uptime Team,08-04-2026 11:58,5d 0h,FALSE
1150066,Alarm,Argus News is Up,Closed,Not Violated,-,Uptime Team,08-04-2026 11:59,5d 0h,FALSE
1150067,Alarm,"ALARM: ""LeeNee-Haldia-Prod-SapB1&DB-1b-New-Memory-85%-#Alarm"" in Asia Pacific (Mumbai)",Closed,Not Violated,Critical - P1,Uptime Team,08-04-2026 12:01,5d 0h,FALSE
1150068,Client,Action Required: CERT-In Advisory – Authentication Bypass Vulnerability in SAML SSO Plugin of Drupal,Closed,Not Violated,Medium - P3,Enterprise Windows Team,08-04-2026 12:01,5d 0h,FALSE
1150070,Alarm,"ALARM: ""Ankura-Hospitals-Prod-SAPB1-1b-CPU-85%#Alarm"" in Asia Pacific (Mumbai)",Closed,Not Violated,Critical - P1,Uptime Team,08-04-2026 12:01,5d 0h,FALSE
1150069,Client,Connectivity Between Solr Cluster and Andaman State Archives Application,Closed,Not Violated,Medium - P3,Enterprise Linux Team,08-04-2026 12:01,5d 0h,FALSE
1150071,Alarm,"ALARM: ""Critical-Ankura-Hospitals-Prod-SAPB1-1b-CPU-95%#ALARM"" in Asia Pacific (Mumbai)",Closed,Not Violated,Critical - P1,Uptime Team,08-04-2026 12:01,5d 0h,FALSE
1150072,Alarm,"ALARM: ""RS-RDS-CPU-85% #Alarm"" in Asia Pacific (Mumbai)",Closed,Not Violated,Critical - P1,Uptime Team,08-04-2026 12:03,5d 0h,FALSE
1150073,Alarm,Argus News is Down from multiple locations,Closed,Not Violated,-,Uptime Team,08-04-2026 12:03,5d 0h,FALSE
1150074,Alarm,Argus News is Up,Closed,Not Violated,-,Uptime Team,08-04-2026 12:03,5d 0h,FALSE
1150075,Alarm,"ALARM: ""aws-codedeploy-bitbucket-laravel-eezaamout-UAT-RDS-Freeable-Mem..."" in Asia Pacific (Mumbai)",Closed,Not Violated,Critical - P1,Uptime Team,08-04-2026 12:05,5d 0h,FALSE
1150076,Alarm,"ALARM: ""anxiprodb-instace-1-new-16-01-rds#DatabaseConnections"" in Asia Pacific (Sydney)",Closed,Not Violated,Critical - P1,Uptime Team,08-04-2026 12:07,5d 0h,FALSE
1150077,Alarm,"ALARM: ""Arukus-UAT-MySQL-DB-CPU-85%-#Alarm"" in Asia Pacific (Mumbai)",Closed,Not Violated,Critical - P1,Uptime Team,08-04-2026 12:07,5d 0h,FALSE
1150078,Alarm,"ALARM: ""AMPL-eFIMO-Prod-RDB-1b-CPU-90%-#Alarm"" in Asia Pacific (Mumbai)",Closed,Not Violated,Critical - P1,Uptime Team,08-04-2026 12:08,5d 0h,FALSE
1150079,Alarm,"ALARM: ""GnsqGlobal-Prod-APP-DB-Server-1b-CPU-Utilization-95% #Alarm"" in Asia Pacific (Mumbai)",Closed,Not Violated,Critical - P1,Uptime Team,08-04-2026 12:09,5d 0h,FALSE
1150080,Client,CUSTOMISED DASHBOARD ON AMPL RDS RESOURCE MONITORING,Awaiting Customer Response,Not Violated,Low - P4,Enterprise Windows Team,08-04-2026 12:10,5d 0h,FALSE
1150081,Alarm,"ALARM: ""ARS-Steels-Prod-APP-1a-CPU-90%-#Alarm"" in Asia Pacific (Mumbai)",Closed,Not Violated,Critical - P1,Uptime Team,08-04-2026 12:12,5d 0h,FALSE
1150082,Alarm,"ALARM: ""flicktv-prod-valkey-cache-ElastiCacheProcessingUnits#Alarm"" in Asia Pacific (Mumbai)",Closed,Not Violated,Critical - P1,Uptime Team,08-04-2026 12:12,5d 0h,FALSE
1150083,Alarm,Argus News is Down from multiple locations,Closed,Not Violated,-,Uptime Team,08-04-2026 12:14,5d 0h,FALSE
1150084,Client,Keep the Efimo Server Up for Today from 1​2:30 PM​ to 1:30 PM | 08-04-2026,Closed,Not Violated,Medium - P3,Uptime Team,08-04-2026 12:14,5d 0h,FALSE
1150085,Alarm,Argus News is Up,Closed,Not Violated,-,Uptime Team,08-04-2026 12:14,5d 0h,FALSE
1150086,Alarm,"ALARM: ""flicktv-prod-valkey-cache-ElastiCacheProcessingUnits#Alarm"" in Asia Pacific (Mumbai)",Closed,Not Violated,Critical - P1,Uptime Team,08-04-2026 12:15,5d 0h,FALSE
1150088,Alarm,"ALARM: ""GnsqGlobal-Prod-APP-DB-Server-1b-CPU-Utilization-95% #Alarm"" in Asia Pacific (Mumbai)",Closed,Not Violated,Critical - P1,Uptime Team,08-04-2026 12:17,5d 0h,FALSE
1150089,Alarm,"ALARM: ""ComfortLady-Prod-VPN-1b-CPU-85%-#Alarm"" in Asia Pacific (Mumbai)",Closed,Not Violated,Critical - P1,Uptime Team,08-04-2026 12:24,5d 0h,FALSE
1150090,Alarm,"ALARM: ""AFPL-Prod-Seceon-CCE-Pub-1b-Memory-85%-#Alarms"" in Asia Pacific (Mumbai)",Closed,Not Violated,Critical - P1,Uptime Team,08-04-2026 12:26,5d 0h,FALSE
1150092,Alarm,"ALARM: ""SoftWeb-App-pub-server-1b-#CPUUtilization-90%-#ALARM"" in Asia Pacific (Mumbai)",Closed,Not Violated,High - P2,Uptime Team,08-04-2026 12:27,5d 0h,FALSE
1150093,Alarm,IKF FINANCE is Down from multiple locations,Closed,Not Violated,-,Uptime Team,08-04-2026 12:28,5d 0h,FALSE
1150094,Client,[Case 177563154500920] Customer Added Communication: RDS Postgres down after secrets manager rotation.,Closed,Not Violated,Medium - P3,Uptime Team,08-04-2026 12:29,5d 0h,FALSE
1150095,Client,Amazon Web Services: You have opened a new Support case: 177563154500920,Closed,Not Violated,Medium - P3,Uptime Team,08-04-2026 12:29,5d 0h,FALSE
1150096,Alarm,"ALARM: ""technicsi-rdsdb-instance-RDS-CPU-85%-#Alarm"" in Asia Pacific (Mumbai)",Closed,Not Violated,Critical - P1,Uptime Team,08-04-2026 12:30,5d 0h,FALSE
1150097,Alarm,"ALARM: ""flicktv-prod-valkey-cache-ElastiCacheProcessingUnits#Alarm"" in Asia Pacific (Mumbai)",Closed,Not Violated,Critical - P1,Uptime Team,08-04-2026 12:31,5d 0h,FALSE
1150098,Alarm,"ALARM: ""GnsqGlobal-Prod-APP-DB-Server-1b-CPU-Utilization-95% #Alarm"" in Asia Pacific (Mumbai)",Closed,Not Violated,Critical - P1,Uptime Team,08-04-2026 12:32,5d 0h,FALSE
1150099,Alarm,"ALARM: ""Kfin-rm-portal-prod-CPU-85%-#Alarm"" in Asia Pacific (Mumbai)",Closed,Not Violated,Critical - P1,Uptime Team,08-04-2026 12:32,5d 0h,FALSE
1150101,Client,Request to start old server,Closed,Not Violated,Medium - P3,Uptime Team,08-04-2026 12:34,4d 23h,FALSE
1150102,Alarm,IKF is Down from multiple locations,Closed,Not Violated,-,Uptime Team,08-04-2026 12:35,4d 23h,FALSE
1150103,Alarm,"ALARM: ""flicktv-prod-valkey-cache-ElastiCacheProcessingUnits#Alarm"" in Asia Pacific (Mumbai)",Closed,Not Violated,Critical - P1,Uptime Team,08-04-2026 12:35,4d 23h,FALSE
1150104,Alarm,"ALARM: ""AMPL-eFIMO-Prod-DB1-1b-CPU-90%-#Alarm"" in Asia Pacific (Mumbai)",Closed,Not Violated,Critical - P1,Uptime Team,08-04-2026 12:36,4d 23h,FALSE
1150105,Alarm,"ALARM: ""BDG-Metal-Prod-App-1b-C.P.U-85%#Alarm"" in Asia Pacific (Mumbai)",Closed,Not Violated,-,Uptime Team,08-04-2026 12:36,4d 23h,FALSE
1150106,Alarm,"ALARM: ""IKF-FInance-OMNI-APP-9090-TG-HealthyHostCount"" in Asia Pacific (Mumbai)",Closed,Not Violated,Critical - P1,Uptime Team,08-04-2026 12:37,4d 23h,FALSE
1150107,Alarm,"ALARM: ""Kims-Hospital-KSRVPRDDB-Server-2b-Memory-90%-#Alarm"" in Asia Pacific (Hyderabad)",Closed,Not Violated,Critical - P1,Uptime Team,08-04-2026 12:38,4d 23h,FALSE
1150108,Client,KLiKK Production DB Backup,Closed,Not Violated,Medium - P3,Enterprise Linux Team,08-04-2026 12:38,4d 23h,FALSE
1150109,Alarm,"ALARM: ""Magpet-Prod-SAP-New-Pub-1a-OLD-Disk(D)-85%-#Alarm"" in Asia Pacific (Mumbai)",Closed,Not Violated,Critical - P1,Uptime Team,08-04-2026 12:40,4d 23h,FALSE
1150110,Alarm,"ALARM: ""CMT-WEBAPP-V3-Memory-85% #Alarm"" in Asia Pacific (Mumbai)",Closed,Not Violated,Critical - P1,Uptime Team,08-04-2026 12:41,4d 23h,FALSE
1150111,Alarm,"ALARM: ""CMT-WEBAPP-V2-Memory-Utilization-85%-#Alarm"" in Asia Pacific (Mumbai)",Closed,Not Violated,Critical - P1,Uptime Team,08-04-2026 12:41,4d 23h,FALSE
1150112,Alarm,"ALARM: ""BB-RPD-SC-UAT-1b-CPU-85%-#Alarm"" in Asia Pacific (Mumbai)",Closed,Not Violated,Critical - P1,Uptime Team,08-04-2026 12:41,4d 23h,FALSE
1150113,Alarm,"ALARM: ""AMPL-eFIMO-Prod-DB1-1b-CPU-95%-#Alarm"" in Asia Pacific (Mumbai)",Closed,Not Violated,Critical - P1,Uptime Team,08-04-2026 12:42,4d 23h,FALSE
1150114,Alarm,"ALARM: ""anxiprodb-instace-1-new-16-01-rds#DatabaseConnections"" in Asia Pacific (Sydney)",Closed,Not Violated,Critical - P1,DevOps Team,08-04-2026 12:42,4d 23h,FALSE
1150115,Alarm,"ALARM: ""BDG-Metal-Prod-App-1b-C.P.U-85%#Alarm"" in Asia Pacific (Mumbai)",Closed,Not Violated,-,Uptime Team,08-04-2026 12:42,4d 23h,FALSE
1150116,Client,RE:[CASE 177563154500920] RDS Postgres down after secrets manager rotation.,Closed,Not Violated,Medium - P3,Uptime Team,08-04-2026 12:44,4d 23h,FALSE
1150117,Alarm,"ALARM: ""GnsqGlobal-Prod-APP-DB-Server-1b-CPU-Utilization-95% #Alarm"" in Asia Pacific (Mumbai)",Closed,Not Violated,Critical - P1,Uptime Team,08-04-2026 12:44,4d 23h,FALSE
1150118,Alarm,"ALARM: ""AIF-UAT-mPower-nexedge2-TG443-UnhealthyHostCount#Alarm"" in Asia Pacific (Mumbai)",Closed,Not Violated,Critical - P1,Uptime Team,08-04-2026 12:44,4d 23h,FALSE
1150119,Alarm,IKF FINANCE is Up,Closed,Not Violated,-,Uptime Team,08-04-2026 12:44,4d 23h,FALSE
1150120,Alarm,"ALARM: ""ARS-Steels-Prod-APP-1a-CPU-95%-#Alarm"" in Asia Pacific (Mumbai)",Closed,Not Violated,Critical - P1,Uptime Team,08-04-2026 12:47,4d 23h,FALSE
1150121,Client,KINDLY ALLOW INBOUND TCP TO 10.115.3.222 (SOFTWEB-INFRA APP ) FOR PORT RANGE 9141-9145,Closed,Not Violated,Medium - P3,Enterprise Windows Team,08-04-2026 12:48,4d 23h,FALSE
1150122,Alarm,"ALARM: ""AFPL-Prod-Seceon-CCE-Pub-1b-Memory-85%-#Alarms"" in Asia Pacific (Mumbai)",Closed,Not Violated,Critical - P1,Uptime Team,08-04-2026 12:49,4d 23h,FALSE
1150124,Alarm,"ALARM: ""S4_QA_VPC-Azure-ImmidartStaging-VPN-Tunnel1(LTTS)#ALARM"" in Asia Pacific (Mumbai)",Closed,Not Violated,Critical - P1,Uptime Team,08-04-2026 12:49,4d 23h,FALSE
1150125,Alarm,IKF is Up,Closed,Not Violated,-,Uptime Team,08-04-2026 12:50,4d 23h,FALSE
1150126,Alarm,"ALARM: ""ARS-Steels-Prod-APP-1a-CPU-90%-#Alarm"" in Asia Pacific (Mumbai)",Closed,Not Violated,Critical - P1,Uptime Team,08-04-2026 12:52,4d 23h,FALSE
1150127,Alarm,"ALARM: ""Kfin-rm-portal-prod-CPU-85%-#Alarm"" in Asia Pacific (Mumbai)",Closed,Not Violated,Critical - P1,Uptime Team,08-04-2026 12:52,4d 23h,FALSE
1150128,Client,Re: Enabling Your Production on AWS – Let’s Move Forward,Awaiting Customer Response,Response Violation,Medium - P3,Enterprise Windows Team,08-04-2026 12:55,4d 23h,TRUE
1150129,Alarm,"ALARM: ""flicktv-prod-valkey-cache-ElastiCacheProcessingUnits#Alarm"" in Asia Pacific (Mumbai)",Closed,Not Violated,Critical - P1,Uptime Team,08-04-2026 12:56,4d 23h,FALSE
1150130,Alarm,"ALARM: ""AMPL-eFIMO-Prod-DB1-1b-CPU-90%-#Alarm"" in Asia Pacific (Mumbai)",Closed,Not Violated,Critical - P1,Uptime Team,08-04-2026 12:57,4d 23h,FALSE
1150131,Alarm,"ALARM: ""Ankura-Hospitals-Prod-SAPB1-1b-Memory-85%#ALARM"" in Asia Pacific (Mumbai)",Closed,Not Violated,Critical - P1,Uptime Team,08-04-2026 12:58,4d 23h,FALSE
1150132,Alarm,"Important notice about your AWS Account regarding VPN connections [AWS Account: 295216128092, VPN Connection: vpn-0549c385d60b139e3, Tunnel Outside IP: 3.7.2.190]",Closed,Not Violated,Medium - P3,Uptime Team,08-04-2026 12:59,4d 23h,FALSE
1150133,Alarm,"ALARM: ""S4-Prod-LTTS-Powai-SSC-VPN-Tunnel-2-#ALARM"" in Asia Pacific (Mumbai)",Closed,Not Violated,Critical - P1,Uptime Team,08-04-2026 13:00,4d 23h,FALSE
1150134,Alarm,"ALARM: ""S4-Prod-LTTS-Powai-SSC-Status-down"" in Asia Pacific (Mumbai)",Closed,Not Violated,Critical - P1,Uptime Team,08-04-2026 13:00,4d 23h,FALSE
1150135,Alarm,"ALARM: ""LTTS-PROD-POWAI-VPN Tunel-1#ALARM"" in Asia Pacific (Mumbai)",Closed,Not Violated,Critical - P1,Uptime Team,08-04-2026 13:00,4d 23h,FALSE
1150136,Client,SFA Api Deployment,Closed,Not Violated,Medium - P3,SMB Linux Team,08-04-2026 13:01,4d 23h,FALSE
1150137,Client,Re:Request to Bind IP Address to Domain,Closed,Not Violated,Medium - P3,SMB Linux Team,08-04-2026 13:02,4d 23h,FALSE
1150138,Alarm,"ALARM: ""ARS-Steels-Prod-APP-1a-CPU-95%-#Alarm"" in Asia Pacific (Mumbai)",Closed,Not Violated,Critical - P1,Uptime Team,08-04-2026 13:03,4d 23h,FALSE
1150139,Alarm,"ALARM: ""anxiprodb-instace-1-new-16-01-rds#DatabaseConnections"" in Asia Pacific (Sydney)",Closed,Not Violated,Critical - P1,Uptime Team,08-04-2026 13:03,4d 23h,FALSE
1150140,Alarm,"ALARM: ""Shrachi-Mediapackage-SSENSRT1-EgressResponseTime-#Alarm"" in Asia Pacific (Mumbai)",Closed,Not Violated,Critical - P1,SMB Linux Team,08-04-2026 13:05,4d 23h,FALSE
1150142,Alarm,"ALARM: ""flicktv-prod-valkey-cache-ElastiCacheProcessingUnits#Alarm"" in Asia Pacific (Mumbai)",Closed,Not Violated,Critical - P1,Uptime Team,08-04-2026 13:05,4d 23h,FALSE
1150143,Alarm,"ALARM: ""AMPL-eFIMO-Prod-DB1-1b-CPU-90%-#Alarm"" in Asia Pacific (Mumbai)",Closed,Not Violated,Critical - P1,Uptime Team,08-04-2026 13:06,4d 23h,FALSE
1150144,Alarm,"ALARM: ""BDG-Metal-Prod-App-1b-C.P.U-85%#Alarm"" in Asia Pacific (Mumbai)",Closed,Not Violated,-,Uptime Team,08-04-2026 13:06,4d 23h,FALSE
1150145,Alarm,"ALARM: ""AMPL-eFIMO-Prod-DB1-1b-CPU-95%-#Alarm"" in Asia Pacific (Mumbai)",Closed,Not Violated,Critical - P1,Uptime Team,08-04-2026 13:07,4d 23h,FALSE
1150146,Alarm,"ALARM: ""ARS-Steels-Prod-APP-1a-CPU-90%-#Alarm"" in Asia Pacific (Mumbai)",Closed,Not Violated,Critical - P1,Uptime Team,08-04-2026 13:08,4d 23h,FALSE
1150147,Client,[Case 177563389200844] Customer Added Communication: Savings Plan Recommendation Clarification,Closed,Not Violated,Medium - P3,Uptime Team,08-04-2026 13:08,4d 23h,FALSE
1150148,Client,Amazon Web Services: You have opened a new Support case: 177563389200844,Closed,Not Violated,Medium - P3,Uptime Team,08-04-2026 13:08,4d 23h,FALSE
1150149,Alarm,"ALARM: ""Critical-Shivanshi-Prod-Tally-1b-CPU-95%#alarm"" in Asia Pacific (Mumbai)",Closed,Not Violated,Critical - P1,Uptime Team,08-04-2026 13:08,4d 23h,FALSE
1150150,Alarm,"ALARM: ""Shivanshi-Prod-Tally-1b-CPU-85%#alarm"" in Asia Pacific (Mumbai)",Closed,Not Violated,Critical - P1,Uptime Team,08-04-2026 13:09,4d 23h,FALSE
1150151,Alarm,"ALARM: ""KFIN-AIF-Dezerv-PMS-PROD-1b-Disk(Root)-85%-#Alarm"" in Asia Pacific (Mumbai)",Closed,Not Violated,Critical - P1,Uptime Team,08-04-2026 13:09,4d 23h,FALSE
1150152,-,RE: Demand ID Required to Initiate API Feasibility Assessment for PO Documents in DMS,Awaiting Customer Response,Not Violated,Medium - P3,Enterprise Linux Team,08-04-2026 13:10,4d 23h,FALSE
1150153,Alarm,"ALARM: ""KFIN-AIF-Prod-Ikigai-AM-1b-CPU-85%-#Alarm"" in Asia Pacific (Mumbai)",Closed,Not Violated,Critical - P1,Uptime Team,08-04-2026 13:11,4d 23h,FALSE
1150154,Alarm,"ALARM: ""Midland-MIS-Prod-Server-1a-CPU-85%-#Alarm"" in Asia Pacific (Mumbai)",Closed,Not Violated,Critical - P1,Uptime Team,08-04-2026 13:12,4d 23h,FALSE
1150155,Alarm,"ALARM: ""SoftWeb-App-pub-server-1b-#CPUUtilization-90%-#ALARM"" in Asia Pacific (Mumbai)",Closed,Not Violated,-,Uptime Team,08-04-2026 13:13,4d 23h,FALSE
1150156,Alarm,"ALARM: ""LeeNee-Haldia-Prod-SapB1&DB-1b-New-Disk(D)-15%-#Alarm"" in Asia Pacific (Mumbai)",Closed,Not Violated,Critical - P1,Uptime Team,08-04-2026 13:15,4d 23h,FALSE
1150157,Alarm,"ALARM: ""flicktv-prod-valkey-cache-ElastiCacheProcessingUnits#Alarm"" in Asia Pacific (Mumbai)",Closed,Not Violated,Critical - P1,Uptime Team,08-04-2026 13:20,4d 23h,FALSE
1150158,Client,Image Upload Issue – S3 Bucket Folder Not Created,Closed,Not Violated,Medium - P3,Enterprise Linux Team,08-04-2026 13:21,4d 23h,FALSE
1150159,Alarm,"ALARM: ""AFPL-Prod-Seceon-CCE-Pub-1b-Memory-85%-#Alarms"" in Asia Pacific (Mumbai)",Closed,Not Violated,Critical - P1,Uptime Team,08-04-2026 13:22,4d 23h,FALSE
1150160,Alarm,"ALARM: ""Kims-Hospital-KSRVPRDDB-Server-2b-Memory-90%-#Alarm"" in Asia Pacific (Hyderabad)",Closed,Not Violated,Critical - P1,Uptime Team,08-04-2026 13:22,4d 23h,FALSE
1150162,Alarm,"ALARM: ""flicktv-prod-valkey-cache-ElastiCacheProcessingUnits#Alarm"" in Asia Pacific (Mumbai)",Closed,Not Violated,Critical - P1,Uptime Team,08-04-2026 13:27,4d 23h,FALSE
1150163,Client,Action Required: VAPT Report Findings and Security Remediation,Awaiting Customer Response,Response Violation,Medium - P3,Enterprise Windows Team,08-04-2026 13:28,4d 23h,FALSE
1150164,Alarm,"ALARM: ""aws-codedeploy-bitbucket-laravel-eezaamout-UAT-RDS-Freeable-Mem..."" in Asia Pacific (Mumbai)",Closed,Not Violated,Critical - P1,Uptime Team,08-04-2026 13:28,4d 23h,FALSE
1150165,Alarm,"ALARM: ""hoichoi-aws-aps1-prod-ecs-hoichoi-analytics_high_cpu_util_alarm"" in Asia Pacific (Mumbai)",Closed,Not Violated,Critical - P1,Uptime Team,08-04-2026 13:28,4d 23h,FALSE
1150166,Client,S3 bucket public access,Closed,Not Violated,Medium - P3,SMB Windows Team,08-04-2026 13:29,4d 23h,FALSE
1150167,Alarm,"ALARM: ""Eleve-Diamonds-ALB-4XX-#ALARM"" in Asia Pacific (Mumbai)",Closed,Not Violated,Critical - P1,Uptime Team,08-04-2026 13:29,4d 23h,FALSE
1150168,Alarm,"ALARM: ""LeeNee-Haldia-Prod-SapB1&DB-1b-New-Memory-85%-#Alarm"" in Asia Pacific (Mumbai)",Closed,Not Violated,Critical - P1,Uptime Team,08-04-2026 13:29,4d 23h,FALSE
1150169,Alarm,"ALARM: ""hoichoi-aws-aps1-prod-ecs-hoichoi-analytics_high_cpu_util_alarm"" in Asia Pacific (Mumbai)",Closed,Not Violated,Critical - P1,DevOps Team,08-04-2026 13:31,4d 23h,FALSE
1150171,Alarm,"ALARM: ""ARS-Steels-Prod-DB-1a-Disk D-85%-#Alarm"" in Asia Pacific (Mumbai)",Closed,Not Violated,Critical - P1,Uptime Team,08-04-2026 13:34,4d 22h,FALSE
1150172,Alarm,"ALARM: ""aws-codedeploy-bitbucket-laravel-eezaamout-UAT-RDS-Freeable-Mem..."" in Asia Pacific (Mumbai)",Closed,Not Violated,Critical - P1,Uptime Team,08-04-2026 13:35,4d 22h,FALSE
1150173,Alarm,"ALARM: ""flicktv-prod-valkey-cache-ElastiCacheProcessingUnits#Alarm"" in Asia Pacific (Mumbai)",Closed,Not Violated,Critical - P1,Uptime Team,08-04-2026 13:41,4d 22h,FALSE
1150174,Alarm,"ALARM: ""Ajmera-Prod-SAPB1-1b-Disk(C:)-90%Alarm"" in Asia Pacific (Mumbai)",Closed,Not Violated,Critical - P1,Uptime Team,08-04-2026 13:41,4d 22h,FALSE
1150175,Alarm,"ALARM: ""AFPL-Prod-Seceon-CCE-Pub-1b-Memory-85%-#Alarms"" in Asia Pacific (Mumbai)",Closed,Not Violated,Critical - P1,Uptime Team,08-04-2026 13:43,4d 22h,FALSE
1150177,Client,"Reminder: [## 1132190 ##] Intranet DPS access to SSC teamAshwin Jobanputra <ashwin.jobanputra@larsentoubro.com> @ Wed Apr 08, 2026 02:00 pm - 02:30 pm (Asia/Kolkata)",Closed,Not Violated,Medium - P3,Uptime Team,08-04-2026 13:45,4d 22h,FALSE
1150178,Alarm,Gabriels Technology is Down from multiple locations,Closed,Not Violated,-,Uptime Team,08-04-2026 13:45,4d 22h,FALSE
1150179,Alarm,Gabriels Technology is Up,Closed,Not Violated,-,Uptime Team,08-04-2026 13:46,4d 22h,FALSE
1150180,Alarm,"ALARM: ""flicktv-prod-valkey-cache-ElastiCacheProcessingUnits#Alarm"" in Asia Pacific (Mumbai)",Closed,Not Violated,Critical - P1,Uptime Team,08-04-2026 13:46,4d 22h,FALSE
1150181,Alarm,"ALARM: ""SoftWeb-App-pub-server-1b-#CPUUtilization-90%-#ALARM"" in Asia Pacific (Mumbai)",Closed,Not Violated,-,Uptime Team,08-04-2026 13:48,4d 22h,FALSE
1150182,Alarm,"Important notice about your AWS Account regarding VPN connections [AWS Account: 295216128092, VPN Connection: vpn-0a4f27f797cb9376f, Tunnel Outside IP: 52.66.6.6]",Closed,Not Violated,Medium - P3,Uptime Team,08-04-2026 13:50,4d 22h,FALSE
1150183,Alarm,"ALARM: ""lxme-prod-new-FreeStorageSpace-200GB-Free-Storage-Alarm"" in Asia Pacific (Mumbai)",Closed,Not Violated,Critical - P1,Uptime Team,08-04-2026 13:54,4d 22h,FALSE
1150184,Alarm,"ALARM: ""lxme-prod-new-FreeStorageSpace-200GB-Free-Storage-Alarm"" in Asia Pacific (Mumbai)",Closed,Not Violated,Critical - P1,DevOps Team,08-04-2026 13:54,4d 22h,FALSE
1150185,Alarm,"ALARM: ""flicktv-prod-valkey-cache-ElastiCacheProcessingUnits#Alarm"" in Asia Pacific (Mumbai)",Closed,Not Violated,Critical - P1,Uptime Team,08-04-2026 13:55,4d 22h,FALSE
1150186,Alarm,"ALARM: ""AFPL-Prod-Seceon-CCE-Pub-1b-Memory-85%-#Alarms"" in Asia Pacific (Mumbai)",Closed,Not Violated,Critical - P1,Uptime Team,08-04-2026 13:58,4d 22h,FALSE
1150188,Alarm,"ALARM: ""flicktv-prod-valkey-cache-ElastiCacheProcessingUnits#Alarm"" in Asia Pacific (Mumbai)",Closed,Not Violated,Critical - P1,Uptime Team,08-04-2026 14:02,4d 22h,FALSE
1150189,Alarm,"ALARM: ""softweb-srishti-rds-oracle-21c-Memory-85% #Alarm"" in Asia Pacific (Mumbai)",Closed,Not Violated,Critical - P1,Uptime Team,08-04-2026 14:03,4d 22h,FALSE
1150190,Alarm,"ALARM: ""softweb-srishti-rds-oracle-21c-DiskQueueDepth #Alarm"" in Asia Pacific (Mumbai)",Closed,Not Violated,Critical - P1,Uptime Team,08-04-2026 14:03,4d 22h,FALSE
1150191,Alarm,"ALARM: ""SoftWeb-App-pub-server-1b-#CPUUtilization-90%-#ALARM"" in Asia Pacific (Mumbai)",Closed,Not Violated,-,Uptime Team,08-04-2026 14:07,4d 22h,FALSE
1150192,Alarm,"ALARM: ""MK-Agro-UAT-SSFA-APP-DB-CPU-85%-#Alarm"" in Asia Pacific (Mumbai)",Closed,Not Violated,Critical - P1,Uptime Team,08-04-2026 14:07,4d 22h,FALSE
1150193,Alarm,"ALARM: ""flicktv-prod-valkey-cache-ElastiCacheProcessingUnits#Alarm"" in Asia Pacific (Mumbai)",Closed,Not Violated,Critical - P1,Uptime Team,08-04-2026 14:13,4d 22h,FALSE
1150194,Alarm,"ALARM: ""aws-codedeploy-bitbucket-laravel-eezaamout-UAT-RDS-Freeable-Mem..."" in Asia Pacific (Mumbai)",Closed,Not Violated,Critical - P1,Uptime Team,08-04-2026 14:17,4d 22h,FALSE
1150195,Alarm,"ALARM: ""LeeNee-Haldia-Prod-SapB1&DB-1b-New-Memory-85%-#Alarm"" in Asia Pacific (Mumbai)",Closed,Not Violated,Critical - P1,Uptime Team,08-04-2026 14:19,4d 22h,FALSE
1150198,Alarm,"ALARM: ""aws-codedeploy-bitbucket-laravel-eezaamout-UAT-RDS-Freeable-Mem..."" in Asia Pacific (Mumbai)",Closed,Not Violated,Critical - P1,Uptime Team,08-04-2026 14:25,4d 22h,FALSE
1150199,Client,Re: Thane VPN subnet allow request,Closed,Not Violated,Medium - P3,Enterprise Windows Team,08-04-2026 14:28,4d 22h,FALSE
1150201,Client,[Case 177563879800078] Customer Added Communication: Savings Plan recommendation,Closed,Not Violated,Medium - P3,Uptime Team,08-04-2026 14:30,4d 22h,FALSE
1150200,Client,Amazon Web Services: You have opened a new Support case: 177563879800078,Closed,Not Violated,Medium - P3,Uptime Team,08-04-2026 14:30,4d 22h,FALSE
1150202,Alarm,"ALARM: ""LeeNee-Haldia-Prod-SapB1&DB-1b-New-Memory-85%-#Alarm"" in Asia Pacific (Mumbai)",Closed,Not Violated,Critical - P1,Uptime Team,08-04-2026 14:30,4d 22h,FALSE
1150203,Alarm,"ALARM: ""RICB-EFimo-App-1b-Memory-85%-#Alarm"" in Asia Pacific (Mumbai)",Closed,Not Violated,Critical - P1,Uptime Team,08-04-2026 14:32,4d 22h,FALSE
1150204,Alarm,"ALARM: ""technicsi-rdsdb-instance-RDS-CPU-85%-#Alarm"" in Asia Pacific (Mumbai)",Closed,Not Violated,Critical - P1,Uptime Team,08-04-2026 14:32,4d 22h,FALSE
1150205,Alarm,"ALARM: ""AFPL-Prod-Seceon-CCE-Pub-1b-Memory-85%-#Alarms"" in Asia Pacific (Mumbai)",Closed,Not Violated,Critical - P1,Uptime Team,08-04-2026 14:33,4d 21h,FALSE
1150207,Alarm,"ALARM: ""softweb-srishti-rds-oracle-21c-Memory-85% #Alarm"" in Asia Pacific (Mumbai)",Closed,Not Violated,Critical - P1,Uptime Team,08-04-2026 14:34,4d 21h,FALSE
1150208,Alarm,"ALARM: ""DE_Java Scheduler-Memory-Utilization-85%-#Alarm"" in Asia Pacific (Mumbai)",Closed,Not Violated,Critical - P1,Uptime Team,08-04-2026 14:34,4d 21h,FALSE
1150209,Client,RE:[CASE 177562910500063] RDS Postgres down after secrets manager rotation.,Closed,Not Violated,Medium - P3,DevOps Team,08-04-2026 14:35,4d 21h,FALSE
1150210,Alarm,"ALARM: ""SoftWeb-DB-Pvt-1b-#CPUUtilization-95%-#ALARM"" in Asia Pacific (Mumbai)",Closed,Not Violated,Critical - P1,Uptime Team,08-04-2026 14:36,4d 21h,FALSE
1150211,Client,RE:[CASE 177563879800078] Savings Plan recommendation,Closed,Not Violated,Medium - P3,DevOps Team,08-04-2026 14:37,4d 21h,FALSE
1150212,Alarm,"ALARM: ""ARS-Steels-Prod-APP-1a-CPU-95%-#Alarm"" in Asia Pacific (Mumbai)",Closed,Not Violated,-,Uptime Team,08-04-2026 14:37,4d 21h,FALSE
1150213,Alarm,"ALARM: ""MK-Agro-UAT-SSFA-APP-DB-CPU-85%-#Alarm"" in Asia Pacific (Mumbai)",Closed,Not Violated,Critical - P1,Uptime Team,08-04-2026 14:37,4d 21h,FALSE
1150214,Client,Re: Discontinue of Wazuh Server,Internal Dependency,Response Violation,Medium - P3,DevOps Team,08-04-2026 14:38,4d 21h,FALSE
1150215,Alarm,"ALARM: ""KFIN-AIF-Prod-Motilal-PE-1b-Disk(Root)-85%-#Alarm"" in Asia Pacific (Mumbai)",Awaiting Customer Response,Not Violated,Critical - P1,Enterprise Windows Team,08-04-2026 14:40,4d 21h,FALSE
1150216,Client,Cost Optimization Report,Awaiting Customer Response,Not Violated,Medium - P3,SMB Linux Team,08-04-2026 14:41,4d 21h,FALSE
1150217,Alarm,"ALARM: ""ARS-Steels-Prod-APP-1a-CPU-90%-#Alarm"" in Asia Pacific (Mumbai)",Closed,Not Violated,-,Uptime Team,08-04-2026 14:42,4d 21h,FALSE
1150218,Client,RE:[CASE 177563389200844] Savings Plan Recommendation Clarification,Closed,Not Violated,Medium - P3,DevOps Team,08-04-2026 14:43,4d 21h,FALSE
1150219,Alarm,"ALARM: ""GnsqGlobal-Prod-APP-DB-Server-1b-CPU-Utilization-95% #Alarm"" in Asia Pacific (Mumbai)",Closed,Not Violated,Critical - P1,Uptime Team,08-04-2026 14:47,4d 21h,FALSE
1150220,Alarm,"ALARM: ""SoftWeb-App-pub-server-1b-#CPUUtilization-90%-#ALARM"" in Asia Pacific (Mumbai)",Closed,Not Violated,High - P2,Uptime Team,08-04-2026 14:47,4d 21h,FALSE
1150221,Alarm,"ALARM: ""softweb-srishti-rds-oracle-21c-Memory-85% #Alarm"" in Asia Pacific (Mumbai)",Closed,Not Violated,Critical - P1,Uptime Team,08-04-2026 14:51,4d 21h,FALSE
1150222,Alarm,"ALARM: ""ARS-Steels-Prod-APP-1a-CPU-90%-#Alarm"" in Asia Pacific (Mumbai)",Closed,Not Violated,Critical - P1,Uptime Team,08-04-2026 14:52,4d 21h,FALSE
1150223,Alarm,"ALARM: ""ARS-Steels-Prod-APP-1a-CPU-95%-#Alarm"" in Asia Pacific (Mumbai)",Closed,Not Violated,-,Uptime Team,08-04-2026 14:52,4d 21h,FALSE
1150224,Alarm,Argus News is Down from multiple locations,Closed,Not Violated,-,Uptime Team,08-04-2026 14:53,4d 21h,FALSE
1150225,Alarm,Argus News is Up,Closed,Not Violated,-,Uptime Team,08-04-2026 14:53,4d 21h,FALSE
1150227,Alarm,"ALARM: ""sepl-prod-mysql-RDS-CPU-85%-#Alarm"" in Asia Pacific (Mumbai)",Closed,Not Violated,Critical - P1,Uptime Team,08-04-2026 14:57,4d 21h,FALSE
1150228,Alarm,"ALARM: ""DE_Java Scheduler-CPU-Utilization-85%-#Alarm"" in Asia Pacific (Mumbai)",Closed,Not Violated,Critical - P1,Uptime Team,08-04-2026 15:01,4d 21h,FALSE
1150229,Alarm,"ALARM: ""ARS-Steels-Prod-APP-1a-CPU-95%-#Alarm"" in Asia Pacific (Mumbai)",Closed,Not Violated,-,Uptime Team,08-04-2026 15:02,4d 21h,FALSE
1150230,Client,Build Failure in Dev Environment – GitHub Actions EMT Service,Closed,Not Violated,Medium - P3,DevOps Team,08-04-2026 15:02,4d 21h,FALSE
1150231,Alarm,"ALARM: ""Kims-Hospital-KSRVPRDDB-Server-2b-Memory-90%-#Alarm"" in Asia Pacific (Hyderabad)",Closed,Not Violated,-,Uptime Team,08-04-2026 15:03,4d 21h,FALSE
1150232,Alarm,"ALARM: ""flicktv-prod-valkey-cache-ElastiCacheProcessingUnits#Alarm"" in Asia Pacific (Mumbai)",Closed,Not Violated,Critical - P1,Uptime Team,08-04-2026 15:03,4d 21h,FALSE
1150233,Alarm,"ALARM: ""DE_Java Scheduler-CPU-Utilization-95%-#Alarm"" in Asia Pacific (Mumbai)",Closed,Not Violated,Critical - P1,Uptime Team,08-04-2026 15:04,4d 21h,FALSE
1150234,Alarm,"ALARM: ""hoichoi-aws-aps1-prod-ecs-hoichoi-backend_high_cpu_util_alarm"" in Asia Pacific (Mumbai)",Closed,Not Violated,Critical - P1,Uptime Team,08-04-2026 15:06,4d 21h,FALSE
1150235,Alarm,"ALARM: ""kims-app-db2-CPU-85%-#Alarm"" in Asia Pacific (Hyderabad)",Closed,Not Violated,Critical - P1,Uptime Team,08-04-2026 15:06,4d 21h,FALSE
1150236,Alarm,"ALARM: ""TrackFour-Prod-DB-Pvt-1a-CPU-85%-#Alarm"" in Asia Pacific (Mumbai)",Closed,Not Violated,Critical - P1,Uptime Team,08-04-2026 15:06,4d 21h,FALSE
1150237,Alarm,"ALARM: ""AMPL-eFIMO-Prod-DB1-1b-CPU-90%-#Alarm"" in Asia Pacific (Mumbai)",Closed,Not Violated,Critical - P1,Uptime Team,08-04-2026 15:06,4d 21h,FALSE
1150238,Client,SH-MS-ES-08-04-2026,Closed,Not Violated,Medium - P3,-,08-04-2026 15:07,4d 21h,FALSE
1150239,Alarm,"ALARM: ""SS-HealthTech-Notification-Service-1a-CPU-85% #Alarm"" in Asia Pacific (Mumbai)",Closed,Not Violated,Critical - P1,Uptime Team,08-04-2026 15:07,4d 21h,FALSE
1150240,Alarm,"ALARM: ""MK-Agro-UAT-SSFA-APP-DB-CPU-85%-#Alarm"" in Asia Pacific (Mumbai)",Closed,Not Violated,Critical - P1,Uptime Team,08-04-2026 15:07,4d 21h,FALSE
1150241,Alarm,"ALARM: ""ICSI-Prod-DB-Server-1b-C.P.U-85%#Alarm"" in Asia Pacific (Mumbai)",Closed,Not Violated,Critical - P1,Uptime Team,08-04-2026 15:07,4d 21h,FALSE
1150242,Alarm,"ALARM: ""ARS-Steels-Prod-APP-1a-CPU-90%-#Alarm"" in Asia Pacific (Mumbai)",Closed,Not Violated,Critical - P1,Uptime Team,08-04-2026 15:07,4d 21h,FALSE
1150245,Alarm,"ALARM: ""anxiprodb-instace-1-new-16-01-rds#DatabaseConnections"" in Asia Pacific (Sydney)",Closed,Not Violated,Critical - P1,Uptime Team,08-04-2026 15:11,4d 21h,FALSE
1150246,Client,"Invitation: CORS error @ Wed Apr 8, 2026 3:15pm - 4:15pm (IST) (support@cloudworkmates.com)",Closed,Not Violated,Medium - P3,SMB Linux Team,08-04-2026 15:12,4d 21h,FALSE
1150247,Alarm,"ALARM: ""ARS-Steels-Prod-APP-1a-CPU-95%-#Alarm"" in Asia Pacific (Mumbai)",Closed,Not Violated,-,Uptime Team,08-04-2026 15:14,4d 21h,FALSE
1150248,Alarm,"ALARM: ""Ankura-Hospitals-Prod-SAPB1-1b-Memory-85%#ALARM"" in Asia Pacific (Mumbai)",Closed,Not Violated,Critical - P1,Uptime Team,08-04-2026 15:14,4d 21h,FALSE
1150249,Alarm,"ALARM: ""BDG-Metal-Prod-App-1b-C.P.U-85%#Alarm"" in Asia Pacific (Mumbai)",Closed,Not Violated,-,Uptime Team,08-04-2026 15:15,4d 21h,FALSE
1150250,Alarm,"ALARM: ""ARS-Steels-Prod-APP-1a-CPU-95%-#Alarm"" in Asia Pacific (Mumbai)",Closed,Not Violated,-,Uptime Team,08-04-2026 15:17,4d 21h,FALSE
1150251,Alarm,"ALARM: ""GnsqGlobal-Prod-APP-DB-Server-1b-CPU-Utilization-95% #Alarm"" in Asia Pacific (Mumbai)",Closed,Not Violated,Critical - P1,Uptime Team,08-04-2026 15:17,4d 21h,FALSE
1150252,Alarm,"ALARM: ""BDG-Metal-Prod-App-1b-C.P.U-85%#Alarm"" in Asia Pacific (Mumbai)",Closed,Not Violated,-,Uptime Team,08-04-2026 15:17,4d 21h,FALSE
1150253,Alarm,"ALARM: ""flicktv-prod-valkey-cache-ElastiCacheProcessingUnits#Alarm"" in Asia Pacific (Mumbai)",Closed,Not Violated,Critical - P1,Uptime Team,08-04-2026 15:18,4d 21h,FALSE
1150254,Alarm,"ALARM: ""hoichoi-aws-aps1-prod-ecs-hoichoi-backend_high_memory_util_alarm"" in Asia Pacific (Mumbai)",Closed,Not Violated,Critical - P1,Uptime Team,08-04-2026 15:19,4d 21h,FALSE
1150255,Alarm,"ALARM: ""BDG-Metal-Prod-App-1b-C.P.U-85%#Alarm"" in Asia Pacific (Mumbai)",Closed,Not Violated,-,Uptime Team,08-04-2026 15:22,4d 21h,FALSE
1150256,Alarm,"ALARM: ""LeeNee-Haldia-Prod-SapB1&DB-1b-New-Memory-85%-#Alarm"" in Asia Pacific (Mumbai)",Closed,Not Violated,Critical - P1,Uptime Team,08-04-2026 15:22,4d 21h,FALSE
1150257,Alarm,"ALARM: ""ARS-Steels-Prod-APP-1a-CPU-90%-#Alarm"" in Asia Pacific (Mumbai)",Closed,Not Violated,Critical - P1,Uptime Team,08-04-2026 15:23,4d 21h,FALSE
1150258,Alarm,"ALARM: ""AFPL-Prod-Seceon-CCE-Pub-1b-Memory-85%-#Alarms"" in Asia Pacific (Mumbai)",Closed,Not Violated,Critical - P1,Uptime Team,08-04-2026 15:23,4d 21h,FALSE
1150260,Alarm,"ALARM: ""sepl-prod-mysql-RDS-CPU-85%-#Alarm"" in Asia Pacific (Mumbai)",Closed,Not Violated,Critical - P1,Uptime Team,08-04-2026 15:23,4d 21h,FALSE
1150261,Alarm,"ALARM: ""ARS-Steels-Prod-APP-1a-CPU-90%-#Alarm"" in Asia Pacific (Mumbai)",Closed,Not Violated,Critical - P1,Uptime Team,08-04-2026 15:26,4d 21h,FALSE
1150262,Alarm,"ALARM: ""ARS-Steels-Prod-APP-1a-CPU-95%-#Alarm"" in Asia Pacific (Mumbai)",Closed,Not Violated,-,Uptime Team,08-04-2026 15:27,4d 21h,FALSE
1150263,Alarm,"ALARM: ""hoichoi-aws-aps1-prod-ecs-hoichoi-backend_high_memory_util_alarm"" in Asia Pacific (Mumbai)",Closed,Not Violated,Critical - P1,Uptime Team,08-04-2026 15:27,4d 21h,FALSE
1150264,Alarm,"ALARM: ""aws-codedeploy-bitbucket-laravel-eezaamout-UAT-RDS-Freeable-Mem..."" in Asia Pacific (Mumbai)",Closed,Not Violated,Critical - P1,Uptime Team,08-04-2026 15:29,4d 21h,FALSE
1150266,Client,RE:[CASE 177563879800078] Savings Plan recommendation,Closed,Not Violated,Medium - P3,Uptime Team,08-04-2026 15:29,4d 21h,FALSE
1150265,Client,RE:[CASE 177563879800078] Savings Plan recommendation,Closed,Not Violated,Medium - P3,DevOps Team,08-04-2026 15:29,4d 21h,FALSE
1150267,Alarm,"ALARM: ""ARS-Steels-Prod-APP-1a-CPU-95%-#Alarm"" in Asia Pacific (Mumbai)",Closed,Not Violated,-,Uptime Team,08-04-2026 15:30,4d 21h,FALSE
1150268,Client,Discussion on UAT Rollback,Closed,Not Violated,Medium - P3,DevOps Team,08-04-2026 15:31,4d 21h,FALSE
1150269,Alarm,"ALARM: ""Argus-News-Prod-EKS-k8s-ingressn-ingressn-e5b1e8ac50-TG-Unhealt..."" in Asia Pacific (Mumbai)",Closed,Not Violated,Critical - P1,Uptime Team,08-04-2026 15:32,4d 21h,FALSE
1150270,Alarm,"ALARM: ""Argus-News-Prod-EKS-k8s-ingressn-ingressn-d30586a266-TG-Unhealt..."" in Asia Pacific (Mumbai)",Closed,Not Violated,Critical - P1,Uptime Team,08-04-2026 15:32,4d 21h,FALSE
1150271,Alarm,"ALARM: ""AMPL-eFIMO-Prod-DB1-1b-CPU-90%-#Alarm"" in Asia Pacific (Mumbai)",Closed,Not Violated,Critical - P1,Uptime Team,08-04-2026 15:32,4d 21h,FALSE
1150272,Alarm,"ALARM: ""Argus-News-Prod-EKS-k8s-ingressn-ingressn-b3e2cff390-TG-Unhealt..."" in Asia Pacific (Mumbai)",Closed,Not Violated,Critical - P1,Uptime Team,08-04-2026 15:32,4d 21h,FALSE
1150273,Alarm,"ALARM: ""SoftWeb-App-pub-server-1b-#CPUUtilization-90%-#ALARM"" in Asia Pacific (Mumbai)",Closed,Not Violated,High - P2,Uptime Team,08-04-2026 15:32,4d 21h,FALSE
1150274,Alarm,"ALARM: ""aws-codedeploy-bitbucket-laravel-eezaamout-UAT-RDS-Freeable-Mem..."" in Asia Pacific (Mumbai)",Closed,Not Violated,Critical - P1,Uptime Team,08-04-2026 15:33,4d 21h,FALSE
1150275,Alarm,"ALARM: ""DE_Java Scheduler-StatusCheckFailed_Instance-#Alarm"" in Asia Pacific (Mumbai)",Closed,Not Violated,Critical - P1,Uptime Team,08-04-2026 15:36,4d 20h,FALSE
1150276,Alarm,"ALARM: ""ARS-Steels-Prod-APP-1a(C)-85%-#Alarm"" in Asia Pacific (Mumbai)",Awaiting Customer Response,Not Violated,-,SMB Windows Team,08-04-2026 15:36,4d 20h,FALSE
1150277,Alarm,"ALARM: ""ARS-Steels-Prod-APP-1a-CPU-90%-#Alarm"" in Asia Pacific (Mumbai)",Closed,Not Violated,Critical - P1,Uptime Team,08-04-2026 15:36,4d 20h,FALSE
1150278,Alarm,"ALARM: ""MK-Agro-UAT-SSFA-APP-DB-CPU-85%-#Alarm"" in Asia Pacific (Mumbai)",Closed,Not Violated,Critical - P1,Uptime Team,08-04-2026 15:37,4d 20h,FALSE
1150279,Alarm,"ALARM: ""AMPL-eFIMO-Prod-DB1-1b-CPU-90%-#Alarm"" in Asia Pacific (Mumbai)",Closed,Not Violated,Critical - P1,Uptime Team,08-04-2026 15:37,4d 20h,FALSE
1150280,Alarm,"ALARM: ""Kims-Hospital-Prod-Web-Server-1b-CPUUtilization-85% #Alarm"" in Asia Pacific (Mumbai)",Closed,Not Violated,-,Uptime Team,08-04-2026 15:37,4d 20h,FALSE
1150281,Alarm,"ALARM: ""ARS-Steels-Prod-APP-1a-CPU-95%-#Alarm"" in Asia Pacific (Mumbai)",Closed,Not Violated,-,Uptime Team,08-04-2026 15:37,4d 20h,FALSE
1150282,Client,VPN Creation,Closed,Not Violated,Medium - P3,Uptime Team,08-04-2026 15:38,4d 20h,FALSE
1150283,Alarm,"ALARM: ""AFPL-Prod-Seceon-CCE-Pub-1b-Memory-85%-#Alarms"" in Asia Pacific (Mumbai)",Closed,Not Violated,Critical - P1,Uptime Team,08-04-2026 15:39,4d 20h,FALSE
1150285,Alarm,"Important notice about your AWS Account regarding VPN connections [AWS Account: 415348423851, VPN Connection: vpn-0ef2199ca50ea2d63, Tunnel Outside IP: 3.7.168.10]",Closed,Not Violated,Medium - P3,Uptime Team,08-04-2026 15:40,4d 20h,FALSE
1150286,Alarm,"ALARM: ""AMPL-eFIMO-Prod-DB1-1b-CPU-95%-#Alarm"" in Asia Pacific (Mumbai)",Closed,Not Violated,-,Uptime Team,08-04-2026 15:42,4d 20h,FALSE
1150287,Alarm,"ALARM: ""ETEdge-TG-CDN-INSIGHTS-ET3TON8I54DZP-5xxErrorRate-Alarm"" in US East (N. Virginia)",Closed,Not Violated,Critical - P1,Uptime Team,08-04-2026 15:46,4d 20h,FALSE
1150288,Alarm,"ALARM: ""ARS-Steels-Prod-APP-1a-CPU-95%-#Alarm"" in Asia Pacific (Mumbai)",Closed,Not Violated,-,Uptime Team,08-04-2026 15:47,4d 20h,FALSE
1150289,Alarm,"ALARM: ""Kims-Hospital-Prod-Web-Server-1b-CPUUtilization-85% #Alarm"" in Asia Pacific (Mumbai)",Closed,Not Violated,-,Uptime Team,08-04-2026 15:48,4d 20h,FALSE
1150292,Alarm,Primarc is Up,Closed,Not Violated,-,Uptime Team,08-04-2026 15:53,4d 20h,FALSE
1150293,Alarm,"ALARM: ""BDG-Metal-Prod-App-1b-C.P.U-85%#Alarm"" in Asia Pacific (Mumbai)",Closed,Not Violated,-,Uptime Team,08-04-2026 15:53,4d 20h,FALSE
1150294,Alarm,"ALARM: ""anxiprodb-instace-1-new-16-01-rds#DatabaseConnections"" in Asia Pacific (Sydney)",Closed,Not Violated,Critical - P1,Uptime Team,08-04-2026 15:54,4d 20h,FALSE
1150295,Alarm,"Important notice about your AWS Account regarding VPN connections [AWS Account: 119841209825, VPN Connection: vpn-0fbf5a3d86e50e4a2, Tunnel Outside IP: 18.61.255.113]",Closed,Not Violated,Medium - P3,Uptime Team,08-04-2026 15:56,4d 20h,FALSE
1150296,Alarm,"ALARM: ""ARS-Steels-Prod-APP-1a-CPU-95%-#Alarm"" in Asia Pacific (Mumbai)",Closed,Not Violated,-,Uptime Team,08-04-2026 15:57,4d 20h,FALSE
1150297,Client,RE:[CASE 177563154500920] RDS Postgres down after secrets manager rotation.,Closed,Not Violated,Medium - P3,Uptime Team,08-04-2026 15:58,4d 20h,FALSE
1150298,Alarm,"ALARM: ""Ankura-Hospitals-Prod-SAPB1-1b-Memory-85%#ALARM"" in Asia Pacific (Mumbai)",Closed,Not Violated,Critical - P1,Uptime Team,08-04-2026 15:59,4d 20h,FALSE
1150299,Alarm,"ALARM: ""AFPL-Prod-Seceon-CCE-Pub-1b-Memory-85%-#Alarms"" in Asia Pacific (Mumbai)",Closed,Not Violated,Critical - P1,Uptime Team,08-04-2026 16:00,4d 20h,FALSE
1150301,Client,Re: Nandu's food X CWM-Sales forecasting next steps,Awaiting Customer Response,Not Violated,Medium - P3,SMB Linux Team,08-04-2026 16:01,4d 20h,FALSE
1150302,Alarm,"ALARM: ""Midland-MIS-Prod-Server-1a-CPU-85%-#Alarm"" in Asia Pacific (Mumbai)",Closed,Not Violated,Critical - P1,Uptime Team,08-04-2026 16:02,4d 20h,FALSE
1150303,Alarm,"Important notice about your AWS Account regarding VPN connections [AWS Account: 119841209825, VPN Connection: vpn-07d143e9f6b3a6d36, Tunnel Outside IP: 18.61.187.215]",Closed,Not Violated,Medium - P3,Uptime Team,08-04-2026 16:04,4d 20h,FALSE
1150304,Alarm,"ALARM: ""BB-RPD-SE-UAT-1b-Memory-85%-#Alarm"" in Asia Pacific (Mumbai)",Closed,Not Violated,Critical - P1,Uptime Team,08-04-2026 16:06,4d 20h,FALSE
1150305,Alarm,"ALARM: ""BDG-Metal-Prod-App-1b-C.P.U-85%#Alarm"" in Asia Pacific (Mumbai)",Closed,Not Violated,-,Uptime Team,08-04-2026 16:07,4d 20h,FALSE
1150306,Alarm,"ALARM: ""AFPL-Prod-Seceon-CCE-Pub-1b-Memory-85%-#Alarms"" in Asia Pacific (Mumbai)",Closed,Not Violated,Critical - P1,Uptime Team,08-04-2026 16:08,4d 20h,FALSE
1150308,Alarm,"Status Check Alarm: ""BB-CMT-App2-UAT-1b-StatusCheckFailed_Instance-#Alarm"" in Asia Pacific (Mumbai)",Closed,Not Violated,Critical - P1,Uptime Team,08-04-2026 16:11,4d 20h,FALSE
1150309,Alarm,"ALARM: ""LeeNee-Haldia-Prod-SapB1&DB-1b-New-Memory-85%-#Alarm"" in Asia Pacific (Mumbai)",Closed,Not Violated,Critical - P1,Uptime Team,08-04-2026 16:12,4d 20h,FALSE
1150311,Alarm,"ALARM: ""Gemtech-SAP-B1-Server-Window-2022-CPU-85%-#Alarm"" in Asia Pacific (Mumbai)",Closed,Not Violated,Critical - P1,Uptime Team,08-04-2026 16:16,4d 20h,FALSE
1150312,Alarm,"ALARM: ""AFPL-Prod-Seceon-CCE-Pub-1b-Memory-85%-#Alarms"" in Asia Pacific (Mumbai)",Closed,Not Violated,Critical - P1,Uptime Team,08-04-2026 16:17,4d 20h,FALSE
1150314,Alarm,"ALARM: ""ComfortLady-Prod-HanaDB-1b-Disk(/hana/shared)-85%-#Alarm"" in Asia Pacific (Mumbai)",Awaiting Customer Response,Not Violated,Critical - P1,SMB Linux Team,08-04-2026 16:20,4d 20h,FALSE
1150315,Alarm,"ALARM: ""ComfortLady-HanaDB-Cpu-85%-Alarm"" in Asia Pacific (Mumbai)",Closed,Not Violated,Critical - P1,Uptime Team,08-04-2026 16:21,4d 20h,FALSE
1150316,Client,Workmates Backup - No successful backups reminder,Closed,Not Violated,Medium - P3,SMB Linux Team,08-04-2026 16:23,4d 20h,FALSE
1150317,Alarm,"ALARM: ""SoftwebGloster-Prod-App-1b-Memory-85%-#Alarm"" in Asia Pacific (Mumbai)",Closed,Not Violated,Critical - P1,Uptime Team,08-04-2026 16:24,4d 20h,FALSE
1150318,Alarm,"ALARM: ""BDG-Metal-Prod-App-1b-C.P.U-85%#Alarm"" in Asia Pacific (Mumbai)",Closed,Not Violated,-,Uptime Team,08-04-2026 16:25,4d 20h,FALSE
1150319,Alarm,"ALARM: ""ARS-Steels-Prod-APP-1a-CPU-95%-#Alarm"" in Asia Pacific (Mumbai)",Closed,Not Violated,-,Uptime Team,08-04-2026 16:27,4d 20h,FALSE
1150320,Alarm,"ALARM: ""hoichoi-aws-aps1-prod-ecs-hoichoi-backend_high_memory_util_alarm"" in Asia Pacific (Mumbai)",Closed,Not Violated,Critical - P1,Uptime Team,08-04-2026 16:27,4d 20h,FALSE
1150321,Client,Re:Fw: 3000 Port Access on LUX App Server,Awaiting Customer Response,Not Violated,Medium - P3,Enterprise Linux Team,08-04-2026 16:30,4d 20h,FALSE
1150322,Alarm,"ALARM: ""OrganicIndustries-Prod-SapB1-1b-Memory-85%-#Alarm"" in Asia Pacific (Mumbai)",Closed,Not Violated,Critical - P1,Uptime Team,08-04-2026 16:31,4d 20h,FALSE
1150323,Alarm,"ALARM: ""anxiprodb-instace-1-new-16-01-rds#DatabaseConnections"" in Asia Pacific (Sydney)",Closed,Not Violated,Critical - P1,Uptime Team,08-04-2026 16:31,4d 20h,FALSE
1150325,Alarm,"ALARM: ""BDG-Metal-Prod-App-1b-C.P.U-85%#Alarm"" in Asia Pacific (Mumbai)",Closed,Not Violated,-,Uptime Team,08-04-2026 16:31,4d 20h,FALSE
1150324,Alarm,"ALARM: ""ALCircle-Prod-APP+DB(alcircle.com)-1b-CPU-85%-#Alarm"" in Asia Pacific (Mumbai)",Closed,Not Violated,Critical - P1,Uptime Team,08-04-2026 16:31,4d 20h,FALSE
1150326,Client,Re:API_GATEWAY Deployment,Closed,Not Violated,Medium - P3,DevOps Team,08-04-2026 16:32,4d 20h,FALSE
1150327,Alarm,"ALARM: ""flicktv-prod-valkey-cache-ElastiCacheProcessingUnits#Alarm"" in Asia Pacific (Mumbai)",Closed,Not Violated,Critical - P1,Uptime Team,08-04-2026 16:35,4d 19h,FALSE
1150328,Alarm,ATPL-JIE | https://resumeupload-staging.jobsineducation.net/ is Up,Closed,Not Violated,-,Uptime Team,08-04-2026 16:36,4d 19h,FALSE
1150329,Alarm,"ALARM: ""Ankura-Hospitals-Prod-SAPB1-1b-Memory-85%#ALARM"" in Asia Pacific (Mumbai)",Closed,Not Violated,Critical - P1,Uptime Team,08-04-2026 16:37,4d 19h,FALSE
1150330,Alarm,"ALARM: ""NewTownSchool_JIE-Prod-DB-1b-New-2-CPU-70%-utilized-#Alarm"" in Asia Pacific (Mumbai)",Closed,Not Violated,Critical - P1,Uptime Team,08-04-2026 16:37,4d 19h,FALSE
1150331,Alarm,"ALARM: ""Kims-Hospital-KSRVDMSPRD-Server-2b-Disk(/sapdb)-85%-#Alarm"" in Asia Pacific (Hyderabad)",Closed,Not Violated,-,Uptime Team,08-04-2026 16:42,4d 19h,FALSE
1150332,Alarm,"ALARM: ""AFPL-Prod-Seceon-CCE-Pub-1b-Memory-85%-#Alarms"" in Asia Pacific (Mumbai)",Closed,Not Violated,Critical - P1,Uptime Team,08-04-2026 16:45,4d 19h,FALSE
1150334,Alarm,"ALARM: ""hoichoi-aws-aps1-prod-ecs-hoichoi-backend_high_memory_util_alarm"" in Asia Pacific (Mumbai)",Closed,Not Violated,Critical - P1,Uptime Team,08-04-2026 16:45,4d 19h,FALSE
1150336,Alarm,"ALARM: ""OrganicIndustries-Prod-SapB1-1b-Memory-85%-#Alarm"" in Asia Pacific (Mumbai)",Closed,Not Violated,Critical - P1,Uptime Team,08-04-2026 16:46,4d 19h,FALSE
1150337,Alarm,"ALARM: ""SkipperLimited-Prod-DB-1a-CPU-90%-#Alarm"" in Asia Pacific (Mumbai)",Closed,Not Violated,Critical - P1,Uptime Team,08-04-2026 16:46,4d 19h,FALSE
1150338,Alarm,"ALARM: ""HiraPanna-Prod-App1-1b-CPU-85%-#Alarm"" in Asia Pacific (Mumbai)",Closed,Not Violated,Critical - P1,Uptime Team,08-04-2026 16:46,4d 19h,FALSE
1150339,Alarm,"ALARM: ""KFIN-AIF-Hex-UAT-TG7443-UnhealthyHostCount#Alarm"" in Asia Pacific (Mumbai)",Closed,Not Violated,Critical - P1,Uptime Team,08-04-2026 16:47,4d 19h,FALSE
1150340,Alarm,"ALARM: ""Critical-HiraPanna-Prod-App1-1b-CPU-95%-#Alarm"" in Asia Pacific (Mumbai)",Closed,Not Violated,Critical - P1,Uptime Team,08-04-2026 16:47,4d 19h,FALSE
1150341,Alarm,"ALARM: ""AFPL-Gold-Loan-UAT-TG-UnHealthyHostCount"" in Asia Pacific (Mumbai)",Closed,Not Violated,Critical - P1,Uptime Team,08-04-2026 16:47,4d 19h,FALSE
1150342,Alarm,"ALARM: ""flicktv-prod-valkey-cache-ElastiCacheProcessingUnits#Alarm"" in Asia Pacific (Mumbai)",Closed,Not Violated,Critical - P1,Uptime Team,08-04-2026 16:48,4d 19h,FALSE
1150343,Alarm,"ALARM: ""AFPL-Prod-Seceon-CCE-Pub-1b-Memory-85%-#Alarms"" in Asia Pacific (Mumbai)",Closed,Not Violated,Critical - P1,Uptime Team,08-04-2026 16:52,4d 19h,FALSE
1150345,Alarm,"ALARM: ""BDG-Metal-Prod-App-1b-C.P.U-85%#Alarm"" in Asia Pacific (Mumbai)",Closed,Not Violated,-,Uptime Team,08-04-2026 16:52,4d 19h,FALSE
1150346,Alarm,"ALARM: ""SEPL-Flutter-Server-1b-CPU-85%-#Alarm"" in Asia Pacific (Mumbai)",Closed,Not Violated,Critical - P1,Uptime Team,08-04-2026 16:53,4d 19h,FALSE
1150347,Alarm,"ALARM: ""flicktv-prod-valkey-cache-ElastiCacheProcessingUnits#Alarm"" in Asia Pacific (Mumbai)",Closed,Not Violated,Critical - P1,Uptime Team,08-04-2026 16:53,4d 19h,FALSE
1150348,Client,Clarification on SQL Server 2022 Log Levels and Memory Usage Analysis,Awaiting Customer Response,Not Violated,Medium - P3,Enterprise Windows Team,08-04-2026 16:55,4d 19h,FALSE
1150349,Alarm,"ALARM: ""SEPL-Flutter-Server-1b-memory-85%-#Alarm"" in Asia Pacific (Mumbai)",Closed,Not Violated,Critical - P1,Uptime Team,08-04-2026 16:56,4d 19h,FALSE
1150350,Alarm,"ALARM: ""kfinaif-hex-uat-rds-oracle-CPU-85%-#Alarm"" in Asia Pacific (Mumbai)",Closed,Not Violated,Critical - P1,Uptime Team,08-04-2026 16:56,4d 19h,FALSE
1150351,Alarm,"ALARM: ""kfinaif-hex-uat-rds-oracle-CPU-85%-#Alarm"" in Asia Pacific (Mumbai)",Closed,Not Violated,Critical - P1,Uptime Team,08-04-2026 16:56,4d 19h,FALSE
1150352,Alarm,ALARM: OrganicIndustries-Prod-SapB1-1b-CPU-85%-#Alarm in Asia Pacific (Mumbai),Closed,Not Violated,-,Uptime Team,08-04-2026 16:56,4d 19h,FALSE
1150353,Alarm,"ALARM: ""OrganicIndustries-Prod-SapB1-1b-CPU--85%-#Alarm"" in Asia Pacific (Mumbai)",Closed,Not Violated,Critical - P1,Uptime Team,08-04-2026 16:56,4d 19h,FALSE
1150354,Client,Activate UAT server ,Closed,Not Violated,Medium - P3,Enterprise Linux Team,08-04-2026 16:57,4d 19h,FALSE
1150356,Alarm,"ALARM: ""SEPL-Flutter-Server-1b-CPU-85%-#Alarm"" in Asia Pacific (Mumbai)",Closed,Not Violated,Critical - P1,Uptime Team,08-04-2026 16:58,4d 19h,FALSE
1150355,Alarm,"ALARM: ""ALCircle-Prod-APP+DB(alcircle.com)-1b-CPU-85%-#Alarm"" in Asia Pacific (Mumbai)",Closed,Not Violated,Critical - P1,Uptime Team,08-04-2026 16:58,4d 19h,FALSE
1150357,Client,Extend server 10 pm,Closed,Not Violated,Medium - P3,Uptime Team,08-04-2026 16:58,4d 19h,FALSE
1150358,Alarm,"ALARM: ""Ankura-Hospitals-Prod-SAPB1-1b-Memory-85%#ALARM"" in Asia Pacific (Mumbai)",Closed,Not Violated,Critical - P1,Uptime Team,08-04-2026 16:59,4d 19h,FALSE
1150359,Alarm,"ALARM: ""LeeNee-Haldia-Prod-SapB1&DB-1b-New-Memory-85%-#Alarm"" in Asia Pacific (Mumbai)",Closed,Not Violated,Critical - P1,Uptime Team,08-04-2026 16:59,4d 19h,FALSE
1150360,Alarm,AL Circle is Down from multiple locations,Closed,Not Violated,-,Uptime Team,08-04-2026 17:00,4d 19h,FALSE
1150361,Alarm,Argus News is Down from multiple locations,Closed,Not Violated,-,Uptime Team,08-04-2026 17:00,4d 19h,FALSE
1150362,Alarm,Argus News is Up,Closed,Not Violated,-,Uptime Team,08-04-2026 17:01,4d 19h,FALSE
1150363,Alarm,"ALARM: ""KFIN-AIF-Prod-Ikigai-AM-1b-CPU-85%-#Alarm"" in Asia Pacific (Mumbai)",Closed,Not Violated,Critical - P1,Uptime Team,08-04-2026 17:01,4d 19h,FALSE
1150364,Alarm,AL Circle is Up,Closed,Not Violated,-,Uptime Team,08-04-2026 17:03,4d 19h,FALSE
1150365,Alarm,"ALARM: ""kims-app-db1-CPU-90%-#Alarm"" in Asia Pacific (Hyderabad)",Closed,Not Violated,Critical - P1,Uptime Team,08-04-2026 17:04,4d 19h,FALSE
1150366,Alarm,"ALARM: ""AFPL-Prod-Seceon-CCE-Pub-1b-Memory-85%-#Alarms"" in Asia Pacific (Mumbai)",Closed,Not Violated,Critical - P1,Uptime Team,08-04-2026 17:05,4d 19h,FALSE
1150368,Alarm,"ALARM: ""KFIN-AIF-Prod-Ikigai-AM-1b-CPU-85%-#Alarm"" in Asia Pacific (Mumbai)",Closed,Not Violated,Critical - P1,Uptime Team,08-04-2026 17:06,4d 19h,FALSE
1150369,Alarm,"ALARM: ""softweb-srishti-rds-oracle-21c-Memory-85% #Alarm"" in Asia Pacific (Mumbai)",Closed,Not Violated,Critical - P1,Uptime Team,08-04-2026 17:06,4d 19h,FALSE
1150370,Alarm,"ALARM: ""BDG-Metal-Prod-App-1b-C.P.U-85%#Alarm"" in Asia Pacific (Mumbai)",Closed,Not Violated,-,Uptime Team,08-04-2026 17:06,4d 19h,FALSE
1150371,Alarm,"ALARM: ""ARS-Steels-Prod-APP-1a-CPU-95%-#Alarm"" in Asia Pacific (Mumbai)",Closed,Not Violated,-,Uptime Team,08-04-2026 17:07,4d 19h,FALSE
1150372,Alarm,"ALARM: ""kims-app-db1-CPU-90%-#Alarm"" in Asia Pacific (Hyderabad)",Closed,Not Violated,Critical - P1,Uptime Team,08-04-2026 17:07,4d 19h,FALSE
1150373,Alarm,"ALARM: ""Kims-Hospital-Prod-Web-Server-1b-CPUUtilization-85% #Alarm"" in Asia Pacific (Mumbai)",Closed,Not Violated,-,Uptime Team,08-04-2026 17:08,4d 19h,FALSE
1150374,Alarm,"ALARM: ""flicktv-prod-valkey-cache-ElastiCacheProcessingUnits#Alarm"" in Asia Pacific (Mumbai)",Closed,Not Violated,Critical - P1,Uptime Team,08-04-2026 17:09,4d 19h,FALSE
1150375,Client,Create Private Bucket,Closed,Not Violated,Medium - P3,Enterprise Windows Team,08-04-2026 17:10,4d 19h,FALSE
1150376,Alarm,"ALARM: ""Sampark-Corporate-Web-Prod-2-CPUUtilization-85%-#Alarm"" in Asia Pacific (Mumbai)",Closed,Not Violated,Critical - P1,Uptime Team,08-04-2026 17:11,4d 19h,FALSE
1150377,Alarm,"ALARM: ""BDG-Metal-Prod-App-1b-C.P.U-85%#Alarm"" in Asia Pacific (Mumbai)",Closed,Not Violated,-,Uptime Team,08-04-2026 17:11,4d 19h,FALSE
1150378,Alarm,"ALARM: ""ARS-Steels-Prod-APP-1a-CPU-90%-#Alarm"" in Asia Pacific (Mumbai)",Closed,Not Violated,Critical - P1,Uptime Team,08-04-2026 17:12,4d 19h,FALSE
1150379,Alarm,"ALARM: ""ALCircle-Prod-APP+DB(alcircle.com)-1b-CPU-85%-#Alarm"" in Asia Pacific (Mumbai)",Closed,Not Violated,Critical - P1,Uptime Team,08-04-2026 17:14,4d 19h,FALSE
1150380,Alarm,"ALARM: ""AFPL-Prod-Seceon-CCE-Pub-1b-Memory-85%-#Alarms"" in Asia Pacific (Mumbai)",Closed,Not Violated,Critical - P1,Uptime Team,08-04-2026 17:16,4d 19h,FALSE
1150382,Alarm,"ALARM: ""BDG-Metal-Prod-App-1b-C.P.U-85%#Alarm"" in Asia Pacific (Mumbai)",Closed,Not Violated,-,Uptime Team,08-04-2026 17:16,4d 19h,FALSE
1150383,Alarm,"ALARM: ""OrganicIndustries-Prod-SapB1-1b-Memory-85%-#Alarm"" in Asia Pacific (Mumbai)",Closed,Not Violated,Critical - P1,Uptime Team,08-04-2026 17:18,4d 19h,FALSE
1150385,Client,Amazon Web Services: You have opened a new Support case: 177564912300470,Closed,Not Violated,Medium - P3,Enterprise Windows Team,08-04-2026 17:22,4d 19h,FALSE
1150386,Client,[Case 177564912300470] Customer Added Communication: ssh issue,Closed,Not Violated,Medium - P3,Enterprise Windows Team,08-04-2026 17:22,4d 19h,FALSE
1150387,Client,ATU Environment Progress Checklist Status,Closed,Not Violated,Medium - P3,DevOps Team,08-04-2026 17:23,4d 19h,FALSE
1150388,Alarm,"ALARM: ""SEPL-Flutter-Server-1b-memory-85%-#Alarm"" in Asia Pacific (Mumbai)",Closed,Not Violated,Critical - P1,Uptime Team,08-04-2026 17:23,4d 19h,FALSE
1150389,Alarm,"ALARM: ""SoftwebGloster-Prod-App-1b-Memory-85%-#Alarm"" in Asia Pacific (Mumbai)",Closed,Not Violated,Critical - P1,Uptime Team,08-04-2026 17:26,4d 19h,FALSE
1150391,Alarm,"ALARM: ""SoftWeb-App-pub-server-1b-#CPUUtilization-90%-#ALARM"" in Asia Pacific (Mumbai)",Closed,Not Violated,High - P2,Uptime Team,08-04-2026 17:26,4d 19h,FALSE
1150390,Alarm,"ALARM: ""Absolute-Barbeque-Prod-SAPB1-1b-CPU-85%#Alarm"" in Asia Pacific (Mumbai)",Closed,Not Violated,Critical - P1,Uptime Team,08-04-2026 17:26,4d 19h,FALSE
1150392,Client,IIS APPLICATION POOL IS BEING STOPPED AUTOMATICALLY,Awaiting Customer Response,Not Violated,Medium - P3,Enterprise Windows Team,08-04-2026 17:28,4d 19h,FALSE
1150393,Alarm,"ALARM: ""ALCircle-Prod-APP+DB(alcircle.com)-1b-CPU-85%-#Alarm"" in Asia Pacific (Mumbai)",Closed,Not Violated,Critical - P1,Uptime Team,08-04-2026 17:30,4d 19h,FALSE
1150394,Alarm,"ALARM: ""flicktv-prod-valkey-cache-ElastiCacheProcessingUnits#Alarm"" in Asia Pacific (Mumbai)",Closed,Not Violated,Critical - P1,Uptime Team,08-04-2026 17:31,4d 19h,FALSE
1150395,Alarm,"ALARM: ""BDG-Metal-Prod-App-1b-C.P.U-85%#Alarm"" in Asia Pacific (Mumbai)",Closed,Not Violated,-,Uptime Team,08-04-2026 17:31,4d 19h,FALSE
1150396,Alarm,"ALARM: ""ARS-Steels-Prod-APP-1a-CPU-90%-#Alarm"" in Asia Pacific (Mumbai)",Closed,Not Violated,Critical - P1,Uptime Team,08-04-2026 17:32,4d 19h,FALSE
1150397,Alarm,"ALARM: ""ARS-Steels-Prod-APP-1a-CPU-95%-#Alarm"" in Asia Pacific (Mumbai)",Closed,Not Violated,-,Uptime Team,08-04-2026 17:32,4d 19h,FALSE
1150398,Client,Production pod zupay-connect details,Closed,Not Violated,Medium - P3,DevOps Team,08-04-2026 17:32,4d 19h,FALSE
1150399,Alarm,"ALARM: ""ARS-Steels-Prod-DB-1a-Disk D-85%-#Alarm"" in Asia Pacific (Mumbai)",Closed,Not Violated,Critical - P1,Uptime Team,08-04-2026 17:33,4d 19h,FALSE
1150400,Alarm,"ALARM: ""Sampark-Spark Activity-Prod-Disk(Root)-85%#Alarm"" in Asia Pacific (Mumbai)",Closed,Not Violated,Critical - P1,Uptime Team,08-04-2026 17:37,4d 18h,FALSE
1150401,Alarm,"ALARM: ""NewTownSchool_JIE-Prod-DB-1b-New-2-CPU-70%-utilized-#Alarm"" in Asia Pacific (Mumbai)",Closed,Not Violated,Critical - P1,Uptime Team,08-04-2026 17:37,4d 18h,FALSE
1150402,Alarm,"ALARM: ""softweb-srishti-rds-oracle-21c-CPU-85% #Alarm"" in Asia Pacific (Mumbai)",Closed,Not Violated,Critical - P1,Uptime Team,08-04-2026 17:37,4d 18h,FALSE
1150403,Alarm,"ALARM: ""AFPL-Prod-Seceon-CCE-Pub-1b-Memory-85%-#Alarms"" in Asia Pacific (Mumbai)",Closed,Not Violated,Critical - P1,Uptime Team,08-04-2026 17:38,4d 18h,FALSE
1150404,Alarm,"ALARM: ""KIMS-Hospitals-PACSENT_ERPRISE-1b-FreeSpace-Disk(C)-15%-#Alarm"" in Asia Pacific (Hyderabad)",Closed,Not Violated,Critical - P1,Uptime Team,08-04-2026 17:38,4d 18h,FALSE
1150405,Alarm,"ALARM: ""kishorilala-Prod-SAP-B1-1b-Memory-85%#Alarm"" in Asia Pacific (Mumbai)",Closed,Not Violated,Critical - P1,Uptime Team,08-04-2026 17:38,4d 18h,FALSE
1150406,Alarm,"ALARM: ""Kims-Hospital-Prod-Web-Server-1b-CPUUtilization-85% #Alarm"" in Asia Pacific (Mumbai)",Closed,Not Violated,-,Uptime Team,08-04-2026 17:39,4d 18h,FALSE
1150407,Alarm,"ALARM: ""jmc-prod-app1-1b-StatusCheckFailed-Instance-Alarm"" in Asia Pacific (Mumbai)",Closed,Not Violated,Critical - P1,SMB Linux Team,08-04-2026 17:39,4d 18h,FALSE
1150408,Alarm,"ALARM: ""kims-app-db1-CPU-90%-#Alarm"" in Asia Pacific (Hyderabad)",Closed,Not Violated,Critical - P1,Uptime Team,08-04-2026 17:44,4d 18h,FALSE
1150409,Client,RE:[CASE 177564912300470] ssh issue,Closed,Not Violated,Medium - P3,Enterprise Windows Team,08-04-2026 17:45,4d 18h,FALSE
1150410,Alarm,"ALARM: ""flicktv-prod-valkey-cache-ElastiCacheProcessingUnits#Alarm"" in Asia Pacific (Mumbai)",Closed,Not Violated,Critical - P1,Uptime Team,08-04-2026 17:47,4d 18h,FALSE
1150411,Alarm,"ALARM: ""anxiprodb-instace-1-new-16-01-rds#DatabaseConnections"" in Asia Pacific (Sydney)",Closed,Not Violated,Critical - P1,Uptime Team,08-04-2026 17:51,4d 18h,FALSE
1150412,Alarm,"ALARM: ""SoftwebGloster-Prod-App-1b-Memory-85%-#Alarm"" in Asia Pacific (Mumbai)",Closed,Not Violated,Critical - P1,Uptime Team,08-04-2026 17:52,4d 18h,FALSE
1150413,Alarm,"ALARM: ""flicktv-prod-valkey-cache-ElastiCacheProcessingUnits#Alarm"" in Asia Pacific (Mumbai)",Closed,Not Violated,Critical - P1,Uptime Team,08-04-2026 17:52,4d 18h,FALSE
1150414,Client,Workmates Backup - No successful backups reminder,Closed,Not Violated,Medium - P3,Enterprise Windows Team,08-04-2026 17:53,4d 18h,FALSE
1150415,Alarm,"Your AWS CloudShell data is scheduled for deletion on April 18, 2026 [AWS Account: 820228986114]",Closed,Not Violated,Medium - P3,SMB Linux Team,08-04-2026 17:53,4d 18h,FALSE
1150417,Alarm,"ALARM: ""ARS-Steels-Prod-APP-1a-CPU-90%-#Alarm"" in Asia Pacific (Mumbai)",Closed,Not Violated,Critical - P1,Uptime Team,08-04-2026 17:56,4d 18h,FALSE
1150416,Alarm,"ALARM: ""SoftWeb-App-pub-server-1b-#CPUUtilization-90%-#ALARM"" in Asia Pacific (Mumbai)",Closed,Not Violated,High - P2,Uptime Team,08-04-2026 17:56,4d 18h,FALSE
1150418,Alarm,"ALARM: ""Kims-Hospital-Prod-Web-Server-1b-CPUUtilization-85% #Alarm"" in Asia Pacific (Mumbai)",Closed,Not Violated,-,Uptime Team,08-04-2026 17:57,4d 18h,FALSE
1150419,Alarm,"ALARM: ""anxiprodb-instace-1-new-16-01-rds#DatabaseConnections"" in Asia Pacific (Sydney)",Closed,Not Violated,Critical - P1,Uptime Team,08-04-2026 17:59,4d 18h,FALSE
1150420,Alarm,"ALARM: ""AFPL-Prod-Seceon-CCE-Pub-1b-Memory-85%-#Alarms"" in Asia Pacific (Mumbai)",Closed,Not Violated,Critical - P1,Uptime Team,08-04-2026 18:00,4d 18h,FALSE
1150421,Alarm,"ALARM: ""SoftwebGloster-Prod-App-1b-Memory-85%-#Alarm"" in Asia Pacific (Mumbai)",Closed,Not Violated,Critical - P1,Uptime Team,08-04-2026 18:04,4d 18h,FALSE
1150422,Alarm,"ALARM: ""kishorilala-Prod-SAP-B1-1b-Memory-85%#Alarm"" in Asia Pacific (Mumbai)",Closed,Not Violated,Critical - P1,Uptime Team,08-04-2026 18:05,4d 18h,FALSE
1150423,Alarm,"ALARM: ""GangesJute-Prod-App-1b-New-CPU-85%-#Alarm"" in Asia Pacific (Mumbai)",Closed,Not Violated,Critical - P1,Uptime Team,08-04-2026 18:06,4d 18h,FALSE
1150424,Alarm,"ALARM: ""flicktv-prod-valkey-cache-ElastiCacheProcessingUnits#Alarm"" in Asia Pacific (Mumbai)",Closed,Not Violated,Critical - P1,Uptime Team,08-04-2026 18:06,4d 18h,FALSE
1150425,Alarm,"ALARM: ""Kims-Hospital-Prod-Web-Server-1b-CPUUtilization-85% #Alarm"" in Asia Pacific (Mumbai)",Closed,Not Violated,-,Uptime Team,08-04-2026 18:07,4d 18h,FALSE
1150426,Alarm,"ALARM: ""SoftwebGloster-Prod-App-1b-CPU-85%-#Alarm"" in Asia Pacific (Mumbai)",Closed,Not Violated,Critical - P1,Uptime Team,08-04-2026 18:07,4d 18h,FALSE
1150427,Alarm,"ALARM: ""anxiprodb-instace-1-new-16-01-rds#DatabaseConnections"" in Asia Pacific (Sydney)",Closed,Not Violated,Critical - P1,Uptime Team,08-04-2026 18:08,4d 18h,FALSE
1150428,Alarm,"ALARM: ""PrestigePlastics-Prod-Tally-1b-Memory-85%-#Alarm"" in Africa (Cape Town)",Closed,Not Violated,Critical - P1,Uptime Team,08-04-2026 18:08,4d 18h,FALSE
1150429,Alarm,"ALARM: ""KFIN-AIF-Prod-Ikigai-AM-1b-CPU-85%-#Alarm"" in Asia Pacific (Mumbai)",Closed,Not Violated,Critical - P1,Uptime Team,08-04-2026 18:11,4d 18h,FALSE
1150430,Client,[Case 177501232800974] New correspondence added,Closed,Not Violated,Medium - P3,Uptime Team,08-04-2026 18:11,4d 18h,FALSE
1150431,Alarm,"ALARM: ""Ruchi Karma-APP-New-Server-Pvt-1b-CPU-85%-#Alarm"" in Asia Pacific (Mumbai)",Closed,Not Violated,Critical - P1,Uptime Team,08-04-2026 18:12,4d 18h,FALSE
1150432,Alarm,"ALARM: ""Kims-Hospital-Prod-Web-Server-1b-CPUUtilization-85% #Alarm"" in Asia Pacific (Mumbai)",Closed,Not Violated,-,Uptime Team,08-04-2026 18:12,4d 18h,FALSE
1150433,Alarm,"ALARM: ""KhimjiJwellers-ERP-App+MSSQLDB-Server-1b-CPU-85%-#Alarm"" in Asia Pacific (Mumbai)",Closed,Not Violated,Critical - P1,Uptime Team,08-04-2026 18:15,4d 18h,FALSE
1150434,Alarm,"ALARM: ""flicktv-prod-valkey-cache-ElastiCacheProcessingUnits#Alarm"" in Asia Pacific (Mumbai)",Closed,Not Violated,Critical - P1,Uptime Team,08-04-2026 18:15,4d 18h,FALSE
1150435,Alarm,"ALARM: ""BDG-Metal-Prod-App-1b-C.P.U-85%#Alarm"" in Asia Pacific (Mumbai)",Closed,Not Violated,-,Uptime Team,08-04-2026 18:16,4d 18h,FALSE
1150436,Alarm,"ALARM: ""GnsqGlobal-Prod-APP-DB-Server-1b-CPU-Utilization-95% #Alarm"" in Asia Pacific (Mumbai)",Closed,Not Violated,Critical - P1,Uptime Team,08-04-2026 18:17,4d 18h,FALSE
1150437,Alarm,"ALARM: ""Midland-MIS-Prod-Server-1a-FreeSpace-Disk(D)-10%-#Alarm"" in Asia Pacific (Mumbai)",Closed,Not Violated,Critical - P1,Uptime Team,08-04-2026 18:19,4d 18h,FALSE
1150438,Client,null file delete from staging genupathlab server ,Awaiting Customer Response,Not Violated,Medium - P3,Enterprise Windows Team,08-04-2026 18:21,4d 18h,FALSE
1150439,Alarm,"ALARM: ""Absolute-Barbeque-Prod-SAPB1-1b-CPU-85%#Alarm"" in Asia Pacific (Mumbai)",Closed,Not Violated,Critical - P1,Uptime Team,08-04-2026 18:22,4d 18h,FALSE
1150440,Alarm,"ALARM: ""BDG-Metal-Prod-App-1b-C.P.U-85%#Alarm"" in Asia Pacific (Mumbai)",Closed,Not Violated,-,Uptime Team,08-04-2026 18:24,4d 18h,FALSE
1150441,Alarm,"ALARM: ""Arjava-Advisor-ClickHouse-DB-1b-Disk(Root)-85%-#Alarm"" in Asia Pacific (Mumbai)",Closed,Not Violated,Critical - P1,Uptime Team,08-04-2026 18:27,4d 18h,FALSE
1150442,Alarm,"ALARM: ""anxiprodb-instace-1-new-16-01-rds#DatabaseConnections"" in Asia Pacific (Sydney)",Closed,Not Violated,Critical - P1,Uptime Team,08-04-2026 18:27,4d 18h,FALSE
1150443,Alarm,"ALARM: ""flicktv-prod-valkey-cache-ElastiCacheProcessingUnits#Alarm"" in Asia Pacific (Mumbai)",Closed,Not Violated,Critical - P1,Uptime Team,08-04-2026 18:29,4d 18h,FALSE
1150444,Alarm,"ALARM: ""MK-Agro-PRD-SSFA-DBP-01-Memory-85%-#Alarm"" in Asia Pacific (Mumbai)",Closed,Not Violated,Critical - P1,Uptime Team,08-04-2026 18:32,4d 18h,FALSE
1150445,Alarm,"ALARM: ""Kims-Hospital-Prod-Web-Server-1b-CPUUtilization-85% #Alarm"" in Asia Pacific (Mumbai)",Closed,Not Violated,-,Uptime Team,08-04-2026 18:32,4d 18h,FALSE
1150446,Alarm,"ALARM: ""Kims-Hospital-Prod-Web-Server-1b-CPUUtilization-85% #Alarm"" in Asia Pacific (Mumbai)",Closed,Not Violated,-,Uptime Team,08-04-2026 18:35,4d 17h,FALSE
1150447,Alarm,"ALARM: ""hoichoi-aws-aps1-prod-ecs-hoichoi-analytics_high_cpu_util_alarm"" in Asia Pacific (Mumbai)",Closed,Not Violated,Critical - P1,Uptime Team,08-04-2026 18:36,4d 17h,FALSE
1150448,Alarm,"ALARM: ""BB-RPD-SE-UAT-1b-CPU-85%-#Alarm"" in Asia Pacific (Mumbai)",Closed,Not Violated,Critical - P1,Uptime Team,08-04-2026 18:36,4d 17h,FALSE
1150449,Alarm,"ALARM: ""BB-RPD-SE-UAT-1b-CPU-95%-#Alarm"" in Asia Pacific (Mumbai)",Closed,Not Violated,Critical - P1,Uptime Team,08-04-2026 18:37,4d 17h,FALSE
1150452,Alarm,"ALARM: ""NewTownSchool_Agorae-Stage-Web-1b-85%-Disk #Alarm"" in Asia Pacific (Mumbai)",Awaiting Customer Response,Not Violated,Critical - P1,Enterprise Linux Team,08-04-2026 18:39,4d 17h,FALSE
1150453,Alarm,"ALARM: ""AFPL-Prod-Seceon-CCE-Pub-1b-Memory-85%-#Alarms"" in Asia Pacific (Mumbai)",Closed,Not Violated,Critical - P1,Uptime Team,08-04-2026 18:40,4d 17h,FALSE
1150454,Alarm,"ALARM: ""flicktv-prod-valkey-cache-ElastiCacheProcessingUnits#Alarm"" in Asia Pacific (Mumbai)",Closed,Not Violated,Critical - P1,Uptime Team,08-04-2026 18:40,4d 17h,FALSE
1150455,Alarm,"ALARM: ""Kims-Hospital-Prod-Web-Server-1b-CPUUtilization-85% #Alarm"" in Asia Pacific (Mumbai)",Closed,Not Violated,-,Uptime Team,08-04-2026 18:42,4d 17h,FALSE
1150456,Client,Create Subdomain and Configure CNAME,Awaiting Customer Response,Not Violated,Medium - P3,Enterprise Windows Team,08-04-2026 18:43,4d 17h,FALSE
1150457,Alarm,"ALARM: ""hoichoi-aws-aps1-prod-ecs-hoichoi-analytics_high_cpu_util_alarm"" in Asia Pacific (Mumbai)",Closed,Not Violated,Critical - P1,Uptime Team,08-04-2026 18:45,4d 17h,FALSE
1150458,Alarm,"ALARM: ""KFIN-AIF-Dezerv-PMS-PROD-1b-Disk(Root)-85%-#Alarm"" in Asia Pacific (Mumbai)",Closed,Not Violated,Critical - P1,Uptime Team,08-04-2026 18:46,4d 17h,FALSE
1150459,Alarm,"ALARM: ""Absolute-Barbeque-Prod-SAPB1-1b-CPU-85%#Alarm"" in Asia Pacific (Mumbai)",Closed,Not Violated,Critical - P1,Uptime Team,08-04-2026 18:47,4d 17h,FALSE
1150460,Alarm,"ALARM: ""BB-RPD-SE-UAT-1b-CPU-95%-#Alarm"" in Asia Pacific (Mumbai)",Closed,Not Violated,Critical - P1,Uptime Team,08-04-2026 18:47,4d 17h,FALSE
1150461,Alarm,"ALARM: ""GnsqGlobal-Prod-APP-DB-Server-1b-CPU-Utilization-95% #Alarm"" in Asia Pacific (Mumbai)",Closed,Not Violated,Critical - P1,Uptime Team,08-04-2026 18:47,4d 17h,FALSE
1150462,Alarm,"ALARM: ""LeeNee-Rama-Overseas-Prod-App-1b-Disk(C)-VolumeAvgThroughput#Alarm"" in Asia Pacific (Mumbai)",Closed,Not Violated,Critical - P1,Uptime Team,08-04-2026 18:47,4d 17h,FALSE
1150463,Alarm,[Reminder][Action Required] Change to AWS Systems Manager and StartAutomationExecution API [AWS Account: 888097926466],Closed,Not Violated,Medium - P3,DevOps Team,08-04-2026 18:48,4d 17h,FALSE
1150464,Alarm,"ALARM: ""hoichoi-aws-aps1-prod-ecs-hoichoi-analytics_high_cpu_util_alarm"" in Asia Pacific (Mumbai)",Closed,Not Violated,Critical - P1,Uptime Team,08-04-2026 18:48,4d 17h,FALSE
1150465,Alarm,"ALARM: ""hoichoi-aws-aps1-prod-ecs-hoichoi-analytics_high_cpu_util_alarm"" in Asia Pacific (Mumbai)",Closed,Not Violated,Critical - P1,Uptime Team,08-04-2026 18:51,4d 17h,FALSE
1150466,Client,Request to Avoid Server Shutdown Today ,Closed,Not Violated,Medium - P3,Uptime Team,08-04-2026 18:51,4d 17h,FALSE
1150467,Alarm,"ALARM: ""AFPL-Prod-Seceon-CCE-Pub-1b-Memory-85%-#Alarms"" in Asia Pacific (Mumbai)",Closed,Not Violated,Critical - P1,Uptime Team,08-04-2026 18:54,4d 17h,FALSE
1150468,Alarm,"ALARM: ""flicktv-prod-valkey-cache-ElastiCacheProcessingUnits#Alarm"" in Asia Pacific (Mumbai)",Closed,Not Violated,Critical - P1,Uptime Team,08-04-2026 18:57,4d 17h,FALSE
1150469,Client,Server Uptime Automation | BalckBox,Closed,Not Violated,Medium - P3,-,08-04-2026 19:01,4d 17h,FALSE
1150470,Client,Workmates-MSP360-Reports,Closed,Not Violated,Medium - P3,SMB Linux Team,08-04-2026 19:01,4d 17h,FALSE
1150471,Alarm,"ALARM: ""JAY-PRECISION-Prod-SAPB1-1b-VolumeWriteBytes-85%#Alarm"" in Asia Pacific (Mumbai)",Closed,Not Violated,Critical - P1,Uptime Team,08-04-2026 19:01,4d 17h,FALSE
1150472,Alarm,"ALARM: ""Absolute-Barbeque-Prod-SAPB1-1b-CPU-85%#Alarm"" in Asia Pacific (Mumbai)",Closed,Not Violated,Critical - P1,Uptime Team,08-04-2026 19:01,4d 17h,FALSE
1150473,Alarm,"ALARM: ""Kims-Hospital-Prod-Web-Server-1b-CPUUtilization-85% #Alarm"" in Asia Pacific (Mumbai)",Closed,Not Violated,-,Uptime Team,08-04-2026 19:02,4d 17h,FALSE
1150474,Alarm,"ALARM: ""Kims-Hospital-Prod-Web-Server-1b-CPUUtilization-85% #Alarm"" in Asia Pacific (Mumbai)",Closed,Not Violated,-,Uptime Team,08-04-2026 19:04,4d 17h,FALSE
1150475,Alarm,"ALARM: ""AMPL-Audit-Prod-App-Server-1b-Disk(Root)-85%-#Alarm"" in Asia Pacific (Mumbai)",Closed,Not Violated,Medium - P3,Uptime Team,08-04-2026 19:04,4d 17h,FALSE
1150476,Alarm,Shifa Hospitals is Down from multiple locations,Closed,Not Violated,-,Uptime Team,08-04-2026 19:05,4d 17h,FALSE
1150477,Alarm,"ALARM: ""flicktv-prod-valkey-cache-ElastiCacheProcessingUnits#Alarm"" in Asia Pacific (Mumbai)",Closed,Not Violated,Critical - P1,Uptime Team,08-04-2026 19:05,4d 17h,FALSE
1150478,Alarm,"ALARM: ""Absolute-Barbeque-Prod-SAPB1-1b-CPU-95%#Alarm"" in Asia Pacific (Mumbai)",Closed,Not Violated,Critical - P1,Uptime Team,08-04-2026 19:06,4d 17h,FALSE
1150479,Alarm,"ALARM: ""anxiprodb-instace-1-new-16-01-rds#DatabaseConnections"" in Asia Pacific (Sydney)",Closed,Not Violated,Critical - P1,Uptime Team,08-04-2026 19:06,4d 17h,FALSE
1150480,Alarm,"ALARM: ""BDG-Metal-Prod-DB-1b-C.P.U-85%#Alarm"" in Asia Pacific (Mumbai)",Closed,Not Violated,-,Uptime Team,08-04-2026 19:07,4d 17h,FALSE
1150481,Alarm,"ALARM: ""AFPL-Prod-Seceon-CCE-Pub-1b-Memory-85%-#Alarms"" in Asia Pacific (Mumbai)",Closed,Not Violated,Critical - P1,Uptime Team,08-04-2026 19:09,4d 17h,FALSE
1150482,Alarm,"ALARM: ""LuxIndustries-Prod-BotSrv-1b-Disk-D:-85%-#Alarm"" in Asia Pacific (Mumbai)",Closed,Not Violated,Critical - P1,Uptime Team,08-04-2026 19:09,4d 17h,FALSE
1150483,Alarm,"ALARM: ""anxiprodb-instace-1-new-16-01-rds#DatabaseConnections"" in Asia Pacific (Sydney)",Closed,Not Violated,Critical - P1,Uptime Team,08-04-2026 19:09,4d 17h,FALSE
1150484,Alarm,"Important notice about your AWS Account regarding VPN connections [AWS Account: 415348423851, VPN Connection: vpn-000792ae10729ba65, Tunnel Outside IP: 43.204.104.115]",Closed,Not Violated,Medium - P3,Uptime Team,08-04-2026 19:10,4d 17h,FALSE
1150485,Alarm,"ALARM: ""Absolute-Barbeque-Prod-SAPB1-1b-CPU-85%#Alarm"" in Asia Pacific (Mumbai)",Closed,Not Violated,Critical - P1,Uptime Team,08-04-2026 19:11,4d 17h,FALSE
1150486,Alarm,"ALARM: ""HoiChoi-x-CWM-x-ProdRevAmp-hoichoi-aws-aps1-prod-ecs-hoichoi-th..."" in Asia Pacific (Mumbai)",Closed,Not Violated,Critical - P1,Uptime Team,08-04-2026 19:13,4d 17h,FALSE
1150487,Alarm,"ALARM: ""AFPL-Prod-Seceon-CCE-Pub-1b-Memory-85%-#Alarms"" in Asia Pacific (Mumbai)",Closed,Not Violated,Critical - P1,Uptime Team,08-04-2026 19:17,4d 17h,FALSE
1150488,Alarm,"ALARM: ""OPHWC-DEV-QAS-HANA-Pvt-1b-Memory-85%-#Alarm"" in Asia Pacific (Mumbai)",Closed,Not Violated,Critical - P1,Uptime Team,08-04-2026 19:20,4d 17h,FALSE
1150489,Alarm,"ALARM: ""flicktv-prod-valkey-cache-ElastiCacheProcessingUnits#Alarm"" in Asia Pacific (Mumbai)",Closed,Not Violated,Critical - P1,Uptime Team,08-04-2026 19:20,4d 17h,FALSE
1150490,Alarm,Primarc is Down from multiple locations,Closed,Not Violated,-,Uptime Team,08-04-2026 19:21,4d 17h,FALSE
1150491,Alarm,Argus News is Down from multiple locations,Closed,Not Violated,-,Uptime Team,08-04-2026 19:23,4d 17h,FALSE
1150492,Alarm,Argus News is Up,Closed,Not Violated,-,Uptime Team,08-04-2026 19:23,4d 17h,FALSE
1150493,Alarm,Primarc is Up,Closed,Not Violated,-,Uptime Team,08-04-2026 19:23,4d 17h,FALSE
1150494,Client,Keep UAT Server up and running today,Closed,Not Violated,Medium - P3,Uptime Team,08-04-2026 19:25,4d 17h,FALSE
1150495,Alarm,"ALARM: ""kfinpwm-hex-prod-rds-Low-FreeableMemory-15%-#Alarm"" in Asia Pacific (Mumbai)",Closed,Not Violated,Critical - P1,Uptime Team,08-04-2026 19:25,4d 17h,FALSE
1150496,Alarm,"ALARM: ""kfinpwm-hex-prod-rds-Low-FreeableMemory-15%-#Alarm"" in Asia Pacific (Mumbai)",Closed,Not Violated,Critical - P1,Uptime Team,08-04-2026 19:25,4d 17h,FALSE
1150497,Alarm,"ALARM: ""AFPL-Prod-Seceon-CCE-Pub-1b-Memory-85%-#Alarms"" in Asia Pacific (Mumbai)",Closed,Not Violated,Critical - P1,Uptime Team,08-04-2026 19:32,4d 17h,FALSE
1150498,Alarm,"ALARM: ""ALCircle-Prod-APP+DB(alcircle.com)-1b-CPU-85%-#Alarm"" in Asia Pacific (Mumbai)",Closed,Not Violated,Critical - P1,Uptime Team,08-04-2026 19:32,4d 17h,FALSE
1150499,Alarm,"ALARM: ""flicktv-prod-valkey-cache-ElastiCacheProcessingUnits#Alarm"" in Asia Pacific (Mumbai)",Closed,Not Violated,Critical - P1,Uptime Team,08-04-2026 19:33,4d 16h,FALSE
1150500,Alarm,"ALARM: ""anxiprodb-instace-1-new-16-01-rds#DatabaseConnections"" in Asia Pacific (Sydney)",Closed,Not Violated,Critical - P1,Uptime Team,08-04-2026 19:33,4d 16h,FALSE
1150501,Alarm,Argus News is Up,Closed,Not Violated,-,Uptime Team,08-04-2026 19:33,4d 16h,FALSE
1150502,Alarm,Argus News is Down from multiple locations,Closed,Not Violated,-,Uptime Team,08-04-2026 19:34,4d 16h,FALSE
1150503,Alarm,RCB is Down from multiple locations,Closed,Not Violated,-,Uptime Team,08-04-2026 19:34,4d 16h,FALSE
1150504,Client,RE: Request to start old server,Closed,Not Violated,Medium - P3,Uptime Team,08-04-2026 19:36,4d 16h,FALSE
1150505,Alarm,"ALARM: ""Magpet-Prod-SAP-New-Pub-NEW-CPU-85%-#Alarm"" in Asia Pacific (Mumbai)",Closed,Not Violated,Critical - P1,Uptime Team,08-04-2026 19:36,4d 16h,FALSE
1150506,Alarm,"ALARM: ""NewTownSchool_JIE-Prod-DB-1b-New-2-CPU-70%-utilized-#Alarm"" in Asia Pacific (Mumbai)",Closed,Not Violated,Critical - P1,Uptime Team,08-04-2026 19:36,4d 16h,FALSE
1150507,Alarm,"ALARM: ""NewTownSchool_JIE-Prod-DB-1b-New-2-CPU-85%-utilized-#Alarm"" in Asia Pacific (Mumbai)",Closed,Not Violated,Critical - P1,Uptime Team,08-04-2026 19:36,4d 16h,FALSE
1150508,Client,RDP Session Expiry Issue – Electrosteel SRV (Oman),Closed,Not Violated,Medium - P3,SMB Linux Team,08-04-2026 19:39,4d 16h,FALSE
1150509,Alarm,"ALARM: ""flicktv-prod-valkey-cache-ElastiCacheProcessingUnits#Alarm"" in Asia Pacific (Mumbai)",Closed,Not Violated,Critical - P1,Uptime Team,08-04-2026 19:40,4d 16h,FALSE
1150510,Alarm,"ALARM: ""KIMS-Hospitals-PACSENT_ERPRISE-1b-FreeSpace-Disk(C)-15%-#Alarm"" in Asia Pacific (Hyderabad)",Closed,Not Violated,Medium - P3,Enterprise Windows Team,08-04-2026 19:41,4d 16h,FALSE
1150511,Client,Attention required on case 177485325600072: Guidance on RDS Reserved Instances and Organization Account Setup,Closed,Not Violated,Medium - P3,Uptime Team,08-04-2026 19:44,4d 16h,FALSE
1150512,Alarm,"ALARM: ""Magpet-Prod-SAP-New-Pub-NEW-CPU-85%-#Alarm"" in Asia Pacific (Mumbai)",Closed,Not Violated,Critical - P1,Uptime Team,08-04-2026 19:46,4d 16h,FALSE
1150513,Alarm,AL Circle is Down from multiple locations,Closed,Not Violated,-,Uptime Team,08-04-2026 19:48,4d 16h,FALSE
1150514,Alarm,"ALARM: ""hoichoi-aws-aps1-prod-ecs-hoichoi-identity_high_cpu_util_alarm"" in Asia Pacific (Mumbai)",Closed,Not Violated,Critical - P1,Uptime Team,08-04-2026 19:49,4d 16h,FALSE
1150515,Alarm,AL Circle is Up,Closed,Not Violated,-,Uptime Team,08-04-2026 19:49,4d 16h,FALSE
1150516,Alarm,"ALARM: ""flicktv-prod-valkey-cache-ElastiCacheProcessingUnits#Alarm"" in Asia Pacific (Mumbai)",Closed,Not Violated,Critical - P1,Uptime Team,08-04-2026 19:50,4d 16h,FALSE
1150517,Alarm,"ALARM: ""softweb-srishti-rds-oracle-21c-Memory-85% #Alarm"" in Asia Pacific (Mumbai)",Closed,Not Violated,Critical - P1,Uptime Team,08-04-2026 19:56,4d 16h,FALSE
1150518,Alarm,AWS Notification Message,Closed,Not Violated,Medium - P3,Uptime Team,08-04-2026 20:00,4d 16h,FALSE
1150519,Alarm,AWS Notification Message,Closed,Not Violated,Medium - P3,Uptime Team,08-04-2026 20:00,4d 16h,FALSE
1150520,Alarm,AWS Notification Message,Closed,Not Violated,Medium - P3,Uptime Team,08-04-2026 20:00,4d 16h,FALSE
1150521,Alarm,"ALARM: ""KFIN-AIF-Dezerv-PMS-PROD-1b-Disk(Root)-85%-#Alarm"" in Asia Pacific (Mumbai)",Closed,Not Violated,Critical - P1,Uptime Team,08-04-2026 20:03,4d 16h,FALSE
1150522,Client,[Case 177565883100253] Customer Added Communication: devops-agent,Closed,Not Violated,Medium - P3,Uptime Team,08-04-2026 20:04,4d 16h,FALSE
1150523,Client,Amazon Web Services: You have opened a new Support case: 177565883100253,Closed,Not Violated,Medium - P3,Uptime Team,08-04-2026 20:04,4d 16h,FALSE
1150524,Alarm,"ALARM: ""AFPL-Prod-Seceon-CCE-Pub-1b-Memory-85%-#Alarms"" in Asia Pacific (Mumbai)",Closed,Not Violated,Critical - P1,Uptime Team,08-04-2026 20:04,4d 16h,FALSE
1150525,Alarm,"ALARM: ""Kfin-mPower-Nexedge2-Prod-443-TG-UnHealthyHostCount-#Alarm"" in Asia Pacific (Mumbai)",Closed,Not Violated,Critical - P1,Uptime Team,08-04-2026 20:04,4d 16h,FALSE
1150526,Alarm,"ALARM: ""softweb-srishti-rds-oracle-21c-Memory-85% #Alarm"" in Asia Pacific (Mumbai)",Closed,Not Violated,Critical - P1,Uptime Team,08-04-2026 20:04,4d 16h,FALSE
1150527,Alarm,"ALARM: ""AMPL-Audit-Prod-App-Server-1b-Disk(Root)-85%-#Alarm"" in Asia Pacific (Mumbai)",Closed,Not Violated,-,Uptime Team,08-04-2026 20:04,4d 16h,FALSE
1150528,Alarm,"ALARM: ""Kfin-mPower-Prod-443-TG-UnHealthyHostCount-#Alarm"" in Asia Pacific (Mumbai)",Closed,Not Violated,Critical - P1,Uptime Team,08-04-2026 20:04,4d 16h,FALSE
1150529,Alarm,"ALARM: ""ETEdge-TG-CDN-INSIGHTS-ET3TON8I54DZP-5xxErrorRate-Alarm"" in US East (N. Virginia)",Closed,Not Violated,Critical - P1,Uptime Team,08-04-2026 20:05,4d 16h,FALSE
1150530,Alarm,"ALARM: ""Eleve-Diamonds-ALB-4XX-#ALARM"" in Asia Pacific (Mumbai)",Closed,Not Violated,Critical - P1,Uptime Team,08-04-2026 20:09,4d 16h,FALSE
1150531,Client,Re: [## 1120175 ##] Reconfiguration and troubleshooting of Mysql Server,Closed,Not Violated,Medium - P3,Enterprise Linux Team,08-04-2026 20:11,4d 16h,FALSE
1150532,Alarm,"ALARM: ""AFPL-Prod-Seceon-CCE-Pub-1b-Memory-85%-#Alarms"" in Asia Pacific (Mumbai)",Closed,Not Violated,Critical - P1,Uptime Team,08-04-2026 20:12,4d 16h,FALSE
1150533,Alarm,"ALARM: ""HoiChoi-x-CWM-x-ProdRevAmp-hoichoi-aws-aps1-prod-ecs-hoichoi-th..."" in Asia Pacific (Mumbai)",Closed,Not Violated,Critical - P1,Uptime Team,08-04-2026 20:14,4d 16h,FALSE
1150534,Alarm,"ALARM: ""Dev_DevOps_test-Prod-CPU-85%#Alarm"" in Asia Pacific (Mumbai)",Closed,Not Violated,Critical - P1,Uptime Team,08-04-2026 20:23,4d 16h,FALSE
1150535,Alarm,"ALARM: ""Dev_DevOps_test-Prod-CPU-95%#Alarm"" in Asia Pacific (Mumbai)",Closed,Not Violated,Critical - P1,Uptime Team,08-04-2026 20:24,4d 16h,FALSE
1150536,Client,Re: [## 1120175 ##] Reconfiguration and troubleshooting of Mysql Server,Closed,Not Violated,Medium - P3,Enterprise Linux Team,08-04-2026 20:27,4d 16h,FALSE
1150537,Alarm,"ALARM: ""flicktv-prod-valkey-cache-ElastiCacheProcessingUnits#Alarm"" in Asia Pacific (Mumbai)",Closed,Not Violated,Critical - P1,Uptime Team,08-04-2026 20:29,4d 16h,FALSE
1150538,Alarm,"ALARM: ""KFINAIF-Hex-Prod-CPU-85%-#Alarm"" in Asia Pacific (Mumbai)",Closed,Not Violated,Critical - P1,Uptime Team,08-04-2026 20:31,4d 16h,FALSE
1150539,Alarm,"ALARM: ""KFINAIF-Hex-Prod-CPU-85%-#Alarm"" in Asia Pacific (Mumbai)",Closed,Not Violated,Critical - P1,Uptime Team,08-04-2026 20:31,4d 16h,FALSE
1150540,Alarm,Vawsum | https://vawsum.com/ is Down from multiple locations,Closed,Not Violated,-,Uptime Team,08-04-2026 20:32,4d 16h,FALSE
1150542,Client,Re: [## 1120175 ##] Reconfiguration and troubleshooting of Mysql Server,Closed,Not Violated,Medium - P3,Enterprise Linux Team,08-04-2026 20:39,4d 15h,FALSE
1150544,Alarm,Vawsum | https://vawsum.com/ is Up,Closed,Not Violated,-,Uptime Team,08-04-2026 20:42,4d 15h,FALSE
1150545,Alarm,"ALARM: ""SS-RS-PROD-API-7-AP-1b-CPU-85%-#Alarm"" in Asia Pacific (Mumbai)",Closed,Not Violated,Critical - P1,Uptime Team,08-04-2026 20:44,4d 15h,FALSE
1150546,Alarm,"ALARM: ""KFINAIF-Hex-Prod-CPU-85%-#Alarm"" in Asia Pacific (Mumbai)",Closed,Not Violated,Critical - P1,Uptime Team,08-04-2026 20:46,4d 15h,FALSE
1150547,Alarm,"ALARM: ""flicktv-prod-valkey-cache-ElastiCacheProcessingUnits#Alarm"" in Asia Pacific (Mumbai)",Closed,Not Violated,Critical - P1,Uptime Team,08-04-2026 20:46,4d 15h,FALSE
1150548,Alarm,"ALARM: ""KFINAIF-Hex-Prod-CPU-85%-#Alarm"" in Asia Pacific (Mumbai)",Closed,Not Violated,Critical - P1,Uptime Team,08-04-2026 20:46,4d 15h,FALSE
1150549,Alarm,"ALARM: ""SoftwebGloster-Prod-App-1b-Memory-85%-#Alarm"" in Asia Pacific (Mumbai)",Closed,Not Violated,Critical - P1,Uptime Team,08-04-2026 20:47,4d 15h,FALSE
1150550,Alarm,"ALARM: ""flicktv-prod-valkey-cache-ElastiCacheProcessingUnits#Alarm"" in Asia Pacific (Mumbai)",Closed,Not Violated,Critical - P1,Uptime Team,08-04-2026 20:50,4d 15h,FALSE
1150551,Alarm,"ALARM: ""SS-RS-PROD-API-7-AP-1b-CPU-85%-#Alarm"" in Asia Pacific (Mumbai)",Closed,Not Violated,Critical - P1,Uptime Team,08-04-2026 20:51,4d 15h,FALSE
1150552,Alarm,"ALARM: ""anxiprodb-instace-1-new-16-01-rds#DatabaseConnections"" in Asia Pacific (Sydney)",Closed,Not Violated,Critical - P1,Uptime Team,08-04-2026 20:52,4d 15h,FALSE
1150553,Alarm,"ALARM: ""SS-RS-PROD-API-7-AP-1b-CPU-85%-#Alarm"" in Asia Pacific (Mumbai)",Closed,Not Violated,Critical - P1,Uptime Team,08-04-2026 20:53,4d 15h,FALSE
1150554,Alarm,"ALARM: ""AFPL-Prod-Seceon-CCE-Pub-1b-Memory-85%-#Alarms"" in Asia Pacific (Mumbai)",Closed,Not Violated,Critical - P1,Uptime Team,08-04-2026 20:57,4d 15h,FALSE
1150555,Alarm,"ALARM: ""Kims-Hospital-KSRVPRDDB-Server-2b-Memory-85%-#Alarm"" in Asia Pacific (Hyderabad)",Closed,Not Violated,-,Uptime Team,08-04-2026 20:58,4d 15h,FALSE
1150556,Alarm,"ALARM: ""Kims-Hospital-KSRVPRDDB-Server-2b-Memory-95%-#Alarm"" in Asia Pacific (Hyderabad)",Closed,Not Violated,-,Uptime Team,08-04-2026 20:58,4d 15h,FALSE
1150557,Client,Workmates-MSP360-Reports,Closed,Not Violated,Medium - P3,SMB Linux Team,08-04-2026 21:01,4d 15h,FALSE
1150558,Client,Workmates-MSP360-Reports,Closed,Not Violated,Medium - P3,Uptime Team,08-04-2026 21:01,4d 15h,FALSE
1150559,Client,Workmates-MSP360-Reports,Closed,Not Violated,Medium - P3,Uptime Team,08-04-2026 21:01,4d 15h,FALSE
1150560,Client,Workmates-MSP360-Reports,Closed,Not Violated,Medium - P3,Uptime Team,08-04-2026 21:02,4d 15h,FALSE
1150561,Client,Workmates-MSP360-Reports,Closed,Not Violated,Medium - P3,Uptime Team,08-04-2026 21:03,4d 15h,FALSE
1150562,Client,Workmates-MSP360-Reports,Closed,Not Violated,Medium - P3,Uptime Team,08-04-2026 21:04,4d 15h,FALSE
1150563,Alarm,"ALARM: ""BB-APM-SyntheticMonitoring1-UAT-1b-CPU-95%-#Alarm#"" in Asia Pacific (Mumbai)",Closed,Not Violated,Critical - P1,Uptime Team,08-04-2026 21:04,4d 15h,FALSE
1150564,Client,Workmates-MSP360-Reports,Closed,Not Violated,Medium - P3,Uptime Team,08-04-2026 21:04,4d 15h,FALSE
1150565,Alarm,"ALARM: ""kfin-northernarc-prod-alb-tg-443-UnHealthyHostCount-#Alarm"" in Asia Pacific (Mumbai)",Closed,Not Violated,Critical - P1,Uptime Team,08-04-2026 21:07,4d 15h,FALSE
1150566,Client,RE:[CASE 177565883100253] devops-agent,Closed,Not Violated,Medium - P3,Uptime Team,08-04-2026 21:08,4d 15h,FALSE
1150567,Alarm,"ALARM: ""GoGlobal-Prod-App+DB-1b-CPU-85%-#Alarm"" in Asia Pacific (Mumbai)",Closed,Not Violated,Critical - P1,Uptime Team,08-04-2026 21:12,4d 15h,FALSE
1150568,Alarm,"ALARM: ""Kims-Hospital-KSRVPRDDB-Server-2b-Memory-85%-#Alarm"" in Asia Pacific (Hyderabad)",Closed,Not Violated,-,Uptime Team,08-04-2026 21:12,4d 15h,FALSE
1150569,Alarm,"ALARM: ""Kims-Hospital-KSRVPRDDB-Server-2b-Memory-95%-#Alarm"" in Asia Pacific (Hyderabad)",Closed,Not Violated,-,Uptime Team,08-04-2026 21:12,4d 15h,FALSE
1150570,Client,Workmates-MSP360-Reports,Closed,Not Violated,Medium - P3,Uptime Team,08-04-2026 21:16,4d 15h,FALSE
1150571,Alarm,"ALARM: ""HoiChoi-x-CWM-x-ProdRevAmp-hoichoi-aws-aps1-prod-ecs-hoichoi-th..."" in Asia Pacific (Mumbai)",Closed,Not Violated,Critical - P1,Uptime Team,08-04-2026 21:18,4d 15h,FALSE
1150572,Client,Workmates-MSP360-Reports,Closed,Not Violated,Medium - P3,Uptime Team,08-04-2026 21:20,4d 15h,FALSE
1150573,Client,|| Annapurna || UAT || Github Workflow update ||,Closed,Not Violated,Medium - P3,DevOps Team,08-04-2026 21:21,4d 15h,FALSE
1150574,Alarm,"ALARM: ""ARS-Steels-Prod-DB-1a-Disk D-85%-#Alarm"" in Asia Pacific (Mumbai)",Closed,Not Violated,Critical - P1,Uptime Team,08-04-2026 21:23,4d 15h,FALSE
1150576,Alarm,"ALARM: ""Kims-Hospital-KSRVPRDDB-Server-2b-Memory-85%-#Alarm"" in Asia Pacific (Hyderabad)",Closed,Not Violated,-,Uptime Team,08-04-2026 21:31,4d 15h,FALSE
1150577,Alarm,IKF Finance is Down from multiple locations,Closed,Not Violated,-,Uptime Team,08-04-2026 21:31,4d 15h,FALSE
1150578,Alarm,"ALARM: ""Kims-Hospital-KSRVPRDDB-Server-2b-Memory-95%-#Alarm"" in Asia Pacific (Hyderabad)",Closed,Not Violated,-,Uptime Team,08-04-2026 21:31,4d 15h,FALSE
1150579,Alarm,"ALARM: ""Nanda Feeds-Prod-Tally-1b-Disk(E)-15%#Alarm"" in Asia Pacific (Mumbai)",Closed,Not Violated,Critical - P1,Uptime Team,08-04-2026 21:34,4d 14h,FALSE
1150583,Alarm,"ALARM: ""softweb-srishti-rds-oracle-21c-Memory-85% #Alarm"" in Asia Pacific (Mumbai)",Closed,Not Violated,Critical - P1,Uptime Team,08-04-2026 21:36,4d 14h,FALSE
1150584,Alarm,"ALARM: ""softweb-srishti-rds-oracle-21c-CPU-85% #Alarm"" in Asia Pacific (Mumbai)",Closed,Not Violated,Critical - P1,Uptime Team,08-04-2026 21:37,4d 14h,FALSE
1150585,Alarm,"ALARM: ""anxiprodb-instace-1-new-16-01-rds#DatabaseConnections"" in Asia Pacific (Sydney)",Closed,Not Violated,Critical - P1,Uptime Team,08-04-2026 21:37,4d 14h,FALSE
1150586,Alarm,Argus News is Down from multiple locations,Closed,Not Violated,-,Uptime Team,08-04-2026 21:50,4d 14h,FALSE
1150587,Alarm,Argus News is Up,Closed,Not Violated,-,Uptime Team,08-04-2026 21:51,4d 14h,FALSE
1150588,Alarm,"ALARM: ""AFPL-Prod-Seceon-CCE-Pub-1b-Memory-85%-#Alarms"" in Asia Pacific (Mumbai)",Closed,Not Violated,Critical - P1,Uptime Team,08-04-2026 21:53,4d 14h,FALSE
1150590,Client,Workmates Backup - No successful backups reminder,Closed,Not Violated,Medium - P3,Uptime Team,08-04-2026 21:53,4d 14h,FALSE
1150591,Alarm,"ALARM: ""HoiChoi-x-CWM-x-ProdRevAmp-hoichoi-aws-aps1-prod-ecs-hoichoi-th..."" in Asia Pacific (Mumbai)",Closed,Not Violated,Critical - P1,Uptime Team,08-04-2026 21:58,4d 14h,FALSE
1150592,Alarm,"ALARM: ""softweb-srishti-rds-oracle-21c-CPU-85% #Alarm"" in Asia Pacific (Mumbai)",Closed,Not Violated,Critical - P1,Uptime Team,08-04-2026 21:59,4d 14h,FALSE
1150593,Alarm,"ALARM: ""softweb-srishti-rds-oracle-21c-Memory-85% #Alarm"" in Asia Pacific (Mumbai)",Closed,Not Violated,Critical - P1,Uptime Team,08-04-2026 22:01,4d 14h,FALSE
1150594,Alarm,Lux Industries | https://luxind.in/login is Down from multiple locations,Closed,Not Violated,-,Uptime Team,08-04-2026 22:02,4d 14h,FALSE
1150595,Alarm,"ALARM: ""softweb-srishti-rds-oracle-21c-Memory-85% #Alarm"" in Asia Pacific (Mumbai)",Closed,Not Violated,Critical - P1,Uptime Team,08-04-2026 22:03,4d 14h,FALSE
1150596,Client,Workmates-MSP360-Reports,Closed,Not Violated,Medium - P3,Uptime Team,08-04-2026 22:04,4d 14h,FALSE
1150597,Alarm,"ALARM: ""ETEdge-TG-Etnowgbs-cdn-ENSA4TPDNYD15-5xxErrorRate-Alarm"" in US East (N. Virginia)",Closed,Not Violated,Critical - P1,Uptime Team,08-04-2026 22:04,4d 14h,FALSE
1150598,Alarm,"ALARM: ""RICB-MyBusinessProfile-TG-UnhealthyHost-#Alarm"" in Asia Pacific (Mumbai)",Closed,Not Violated,Critical - P1,Uptime Team,08-04-2026 22:05,4d 14h,FALSE
1150599,Alarm,RICB is Down from multiple locations,Closed,Not Violated,-,Uptime Team,08-04-2026 22:05,4d 14h,FALSE
1150600,Alarm,"ALARM: ""Critical-Sri-Madhuram-Prod-App-1b-CPU-95%-#Alarm"" in Asia Pacific (Mumbai)",Closed,Not Violated,Critical - P1,Uptime Team,08-04-2026 22:12,4d 14h,FALSE
1150601,Alarm,"ALARM: ""Sri-Madhuram-Prod-App-1b-CPU-85%-#Alarm"" in Asia Pacific (Mumbai)",Closed,Not Violated,Critical - P1,Uptime Team,08-04-2026 22:12,4d 14h,FALSE
1150602,Alarm,"ALARM: ""Kims-Hospital-KSRVPRDDB-Server-2b-Memory-85%-#Alarm"" in Asia Pacific (Hyderabad)",Closed,Not Violated,-,Uptime Team,08-04-2026 22:16,4d 14h,FALSE
1150603,Alarm,"ALARM: ""Kims-Hospital-KSRVPRDDB-Server-2b-Memory-95%-#Alarm"" in Asia Pacific (Hyderabad)",Closed,Not Violated,-,Uptime Team,08-04-2026 22:16,4d 14h,FALSE
1150604,Alarm,"ALARM: ""AFPL-Prod-Seceon-CCE-Pub-1b-Memory-85%-#Alarms"" in Asia Pacific (Mumbai)",Closed,Not Violated,Critical - P1,Uptime Team,08-04-2026 22:27,4d 14h,FALSE
1150606,Alarm,"ALARM: ""Kims-Hospital-KSRVPRDDB-Server-2b-Memory-85%-#Alarm"" in Asia Pacific (Hyderabad)",Closed,Not Violated,-,Uptime Team,08-04-2026 22:29,4d 14h,FALSE
1150607,Alarm,"ALARM: ""Kims-Hospital-KSRVPRDDB-Server-2b-Memory-95%-#Alarm"" in Asia Pacific (Hyderabad)",Closed,Not Violated,-,Uptime Team,08-04-2026 22:29,4d 14h,FALSE
1150608,Alarm,Amazon SES Custom MAIL FROM Domain Setup DISABLED in AWS Region Asia Pacific (Mumbai),Closed,Not Violated,Medium - P3,Enterprise Windows Team,08-04-2026 22:30,4d 14h,FALSE
1150609,Alarm,"Important notice about your AWS Account regarding VPN connections [AWS Account: 324050363265, VPN Connection: vpn-058621771262a8df1, Tunnel Outside IP: 13.200.98.234]",Closed,Not Violated,Medium - P3,Uptime Team,08-04-2026 22:32,4d 14h,FALSE
1150610,Alarm,"ALARM: ""NewTownSchool_JIE-Prod-DB-1b-New-2-CPU-70%-utilized-#Alarm"" in Asia Pacific (Mumbai)",Closed,Not Violated,Critical - P1,Uptime Team,08-04-2026 22:41,4d 13h,FALSE
1150611,Alarm,"ALARM: ""NewTownSchool_JIE-Prod-DB-1b-New-2-CPU-85%-utilized-#Alarm"" in Asia Pacific (Mumbai)",Closed,Not Violated,Critical - P1,Uptime Team,08-04-2026 22:41,4d 13h,FALSE
1150612,Alarm,"ALARM: ""HoiChoi-x-CWM-x-ProdRevAmp-hoichoi-aws-aps1-prod-ecs-hoichoi-th..."" in Asia Pacific (Mumbai)",Closed,Not Violated,Critical - P1,Uptime Team,08-04-2026 22:43,4d 13h,FALSE
1150613,Alarm,"ALARM: ""PragatiMilk-S4HANA-Prod-DB-1b-Memory-85%-#Alarm"" in Asia Pacific (Mumbai)",Closed,Not Violated,Critical - P1,Uptime Team,08-04-2026 22:43,4d 13h,FALSE
1150614,Alarm,"Important notice about your AWS Account regarding VPN connections [AWS Account: 119841209825, VPN Connection: vpn-0afc862ee0cffa686, Tunnel Outside IP: 18.60.219.193]",Closed,Not Violated,Medium - P3,Uptime Team,08-04-2026 22:49,4d 13h,FALSE
1150615,Alarm,"ALARM: ""Kims-Hospital-KSRVPRDDB-Server-2b-Memory-85%-#Alarm"" in Asia Pacific (Hyderabad)",Closed,Not Violated,-,Uptime Team,08-04-2026 22:51,4d 13h,FALSE
1150616,Alarm,"ALARM: ""Kims-Hospital-KSRVPRDDB-Server-2b-Memory-95%-#Alarm"" in Asia Pacific (Hyderabad)",Closed,Not Violated,-,Uptime Team,08-04-2026 22:51,4d 13h,FALSE
1150617,Alarm,"ALARM: ""Midland-MicrofinMidland-MIS-Prod-TG-80-unhealthy-1"" in Asia Pacific (Mumbai)",Closed,Not Violated,Critical - P1,Uptime Team,08-04-2026 22:54,4d 13h,FALSE
1150618,Alarm,"ALARM: ""softweb-srishti-rds-oracle-21c-Memory-85% #Alarm"" in Asia Pacific (Mumbai)",Closed,Not Violated,Critical - P1,Uptime Team,08-04-2026 22:57,4d 13h,FALSE
1150619,Alarm,"Success ! Auto instance stop of ""Nandu'sFood-Staging"" | NandusFeed",Closed,Not Violated,Medium - P3,Uptime Team,08-04-2026 23:01,4d 13h,FALSE
1150620,Alarm,Lux Industries | https://luxindustries.co.in/luxadtracker/login is Down from multiple locations,Closed,Not Violated,-,Uptime Team,08-04-2026 23:01,4d 13h,FALSE
1150621,Alarm,"ALARM: ""Kims-Hospital-KSRVPRDDB-Server-2b-Memory-85%-#Alarm"" in Asia Pacific (Hyderabad)",Closed,Not Violated,-,Uptime Team,08-04-2026 23:01,4d 13h,FALSE
1150622,Alarm,"ALARM: ""Kims-Hospital-KSRVPRDDB-Server-2b-Memory-95%-#Alarm"" in Asia Pacific (Hyderabad)",Closed,Not Violated,-,Uptime Team,08-04-2026 23:01,4d 13h,FALSE
1150623,Alarm,Argus News is Down from multiple locations,Closed,Not Violated,-,Uptime Team,08-04-2026 23:03,4d 13h,FALSE
1150624,Alarm,Argus News is Up,Closed,Not Violated,-,Uptime Team,08-04-2026 23:03,4d 13h,FALSE
1150625,Alarm,Lux Industries | https://luxdms.in/promoClaims/Login is Down from multiple locations,Closed,Not Violated,-,Uptime Team,08-04-2026 23:04,4d 13h,FALSE
1150626,Alarm,"ALARM: ""kims-app-db2-CPU-85%-#Alarm"" in Asia Pacific (Hyderabad)",Closed,Not Violated,Critical - P1,Uptime Team,08-04-2026 23:08,4d 13h,FALSE
1150627,Client,RE:[CASE 177564912300470] ssh issue,Closed,Not Violated,Medium - P3,Enterprise Windows Team,08-04-2026 23:08,4d 13h,FALSE
1150628,Alarm,"ALARM: ""Kims-Hospital-KSRVPRDDB-Server-2b-Memory-85%-#Alarm"" in Asia Pacific (Hyderabad)",Closed,Not Violated,-,Uptime Team,08-04-2026 23:09,4d 13h,FALSE
1150629,Alarm,"ALARM: ""Kims-Hospital-KSRVPRDDB-Server-2b-Memory-95%-#Alarm"" in Asia Pacific (Hyderabad)",Closed,Not Violated,-,Uptime Team,08-04-2026 23:09,4d 13h,FALSE
1150630,Alarm,"Important notice about your AWS Account regarding VPN connections [AWS Account: 796973495311, VPN Connection: vpn-08e90044d2cb96e6a, Tunnel Outside IP: 13.232.238.149]",Closed,Not Violated,Medium - P3,Uptime Team,08-04-2026 23:12,4d 13h,FALSE
1150631,Client,SH-MS-ES-08-04-2026,Closed,Not Violated,--Select--,Uptime Team,08-04-2026 23:12,4d 13h,FALSE
1150632,Alarm,"ALARM: ""Kims-Hospital-Prod-Web-Server-1b-CPUUtilization-85% #Alarm"" in Asia Pacific (Mumbai)",Closed,Not Violated,-,Uptime Team,08-04-2026 23:26,4d 13h,FALSE
1150633,Alarm,"Important notice about your AWS Account regarding VPN connections [AWS Account: 699951450237, VPN Connection: vpn-0eceb9e2c8af516b0, Tunnel Outside IP: 35.154.170.239]",Closed,Not Violated,Medium - P3,Uptime Team,08-04-2026 23:27,4d 13h,FALSE
1150634,Alarm,AWS Budgets Report: Annapurna-Efimo-Budget Report,Closed,Not Violated,Medium - P3,SMB Windows Team,08-04-2026 23:30,4d 13h,FALSE
1150635,Alarm,"ALARM: ""flicktv-prod-valkey-cache-ElastiCacheProcessingUnits#Alarm"" in Asia Pacific (Mumbai)",Closed,Not Violated,Critical - P1,Uptime Team,08-04-2026 23:32,4d 13h,FALSE
1150636,Alarm,Support Elders is Down from multiple locations,Closed,Not Violated,-,Uptime Team,08-04-2026 23:37,4d 12h,FALSE
1150637,Alarm,Supportelders is Down from multiple locations,Closed,Not Violated,-,Uptime Team,08-04-2026 23:41,4d 12h,FALSE
1150638,Alarm,"ALARM: ""flicktv-prod-valkey-cache-ElastiCacheProcessingUnits#Alarm"" in Asia Pacific (Mumbai)",Closed,Not Violated,Critical - P1,Uptime Team,08-04-2026 23:41,4d 12h,FALSE
1150639,Alarm,Support Elders is Up,Closed,Not Violated,-,Uptime Team,08-04-2026 23:43,4d 12h,FALSE
1150640,Alarm,"ALARM: ""softweb-srishti-rds-oracle-21c-Memory-85% #Alarm"" in Asia Pacific (Mumbai)",Closed,Not Violated,Critical - P1,Uptime Team,08-04-2026 23:43,4d 12h,FALSE
1150641,Alarm,Supportelders is Up,Closed,Not Violated,-,Uptime Team,08-04-2026 23:44,4d 12h,FALSE
1150642,Alarm,"ALARM: ""HoiChoi-x-CWM-x-ProdRevAmp-hoichoi-aws-aps1-prod-ecs-hoichoi-th..."" in Asia Pacific (Mumbai)",Closed,Not Violated,Critical - P1,Uptime Team,08-04-2026 23:52,4d 12h,FALSE
1150643,Alarm,"Important notice about your AWS Account regarding VPN connections [AWS Account: 796973495311, VPN Connection: vpn-02978b7866d73fd20, Tunnel Outside IP: 13.126.216.17]",Closed,Not Violated,Medium - P3,Uptime Team,08-04-2026 23:52,4d 12h,FALSE
1150644,Client,Workmates Backup - No successful backups reminder,Closed,Not Violated,Medium - P3,Enterprise Windows Team,08-04-2026 23:53,4d 12h,FALSE
1150645,Alarm,Bankify is Down from multiple locations,Closed,Not Violated,-,Uptime Team,08-04-2026 23:55,4d 12h,FALSE
1150646,Alarm,Bankify is Down from multiple locations,Closed,Not Violated,-,Uptime Team,08-04-2026 23:55,4d 12h,FALSE
1150647,Alarm,Bankify is Down from multiple locations,Closed,Not Violated,-,Uptime Team,08-04-2026 23:56,4d 12h,FALSE
1150648,Alarm,Bankify is Down from multiple locations,Closed,Not Violated,-,Uptime Team,08-04-2026 23:56,4d 12h,FALSE
1150649,Alarm,Bankify is Up,Closed,Not Violated,-,Uptime Team,08-04-2026 23:57,4d 12h,FALSE
1150650,Alarm,Bankify 7pay is Down from multiple locations,Closed,Not Violated,-,Uptime Team,08-04-2026 23:58,4d 12h,FALSE
1150651,Alarm,"ALARM: ""flicktv-prod-valkey-cache-ElastiCacheProcessingUnits#Alarm"" in Asia Pacific (Mumbai)",Closed,Not Violated,Critical - P1,Uptime Team,08-04-2026 23:59,4d 12h,FALSE
1150652,Alarm,Bankify is Down from multiple locations,Closed,Not Violated,-,Uptime Team,08-04-2026 23:59,4d 12h,FALSE
1150653,Alarm,"ALARM: ""Support Elders-Prod-Web-1a-CPU-85%-#Alarm"" in Asia Pacific (Mumbai)",Closed,Not Violated,Critical - P1,Uptime Team,09-04-2026 00:02,4d 12h,FALSE
1150654,Alarm,"ALARM: ""AMPL-eFIMO-UAT-DB-1b-Memory-85%-#Alarm"" in Asia Pacific (Mumbai)",Closed,Not Violated,Critical - P1,Uptime Team,09-04-2026 00:02,4d 12h,FALSE
1150655,Alarm,"ALARM: ""Kims-Hospital-KSRVPRDDB-Server-2b-Memory-85%-#Alarm"" in Asia Pacific (Hyderabad)",Closed,Not Violated,-,Uptime Team,09-04-2026 00:03,4d 12h,FALSE
1150656,Alarm,"ALARM: ""Kims-Hospital-KSRVPRDDB-Server-2b-Memory-95%-#Alarm"" in Asia Pacific (Hyderabad)",Closed,Not Violated,-,Uptime Team,09-04-2026 00:03,4d 12h,FALSE
1150657,Alarm,Arundhati Jewellers is Down from multiple locations,Closed,Not Violated,-,Uptime Team,09-04-2026 00:04,4d 12h,FALSE
1150658,Alarm,Arundhati Jewellers is Down from multiple locations,Closed,Not Violated,-,Uptime Team,09-04-2026 00:05,4d 12h,FALSE
1150659,Alarm,In10Media is Down from multiple locations,Closed,Not Violated,-,Uptime Team,09-04-2026 00:05,4d 12h,FALSE
1150660,Alarm,"ALARM: ""flicktv-prod-valkey-cache-ElastiCacheProcessingUnits#Alarm"" in Asia Pacific (Mumbai)",Closed,Not Violated,Critical - P1,Uptime Team,09-04-2026 00:05,4d 12h,FALSE
1150661,Alarm,"ALARM: ""AnnapurnaPay-Prod-pvt-Jenkins-Server-CPU-85%-#Alarm"" in Asia Pacific (Mumbai)",Closed,Not Violated,Critical - P1,Uptime Team,09-04-2026 00:05,4d 12h,FALSE
1150662,Alarm,In10Media is Up,Closed,Not Violated,-,Uptime Team,09-04-2026 00:05,4d 12h,FALSE
1150663,Alarm,"ALARM: ""AnnapurnaPay-Prod-pvt-Jenkins-Server-CPU-85%-#Alarm"" in Asia Pacific (Mumbai)",Closed,Not Violated,Critical - P1,Uptime Team,09-04-2026 00:05,4d 12h,FALSE
1150664,Alarm,"ALARM: ""Bazoki-Prod-DB-1b-CPU-85%-#Alarm"" in Asia Pacific (Mumbai)",Closed,Not Violated,Critical - P1,Uptime Team,09-04-2026 00:06,4d 12h,FALSE
1150665,Alarm,"ALARM: ""kfinpwm-narc-prod-rds-CPU-85%-#Alarm"" in Asia Pacific (Mumbai)",Closed,Not Violated,Critical - P1,Uptime Team,09-04-2026 00:06,4d 12h,FALSE
1150666,Alarm,"ALARM: ""kfinpwm-narc-prod-rds-CPU-85%-#Alarm"" in Asia Pacific (Mumbai)",Closed,Not Violated,Critical - P1,Uptime Team,09-04-2026 00:06,4d 12h,FALSE
1150667,Alarm,"ALARM: ""AnnapurnaPay-Prod-pvt-Jenkins-Server-CPU-95%-#Alarm"" in Asia Pacific (Mumbai)",Closed,Not Violated,Critical - P1,Uptime Team,09-04-2026 00:07,4d 12h,FALSE
1150668,Alarm,"ALARM: ""AnnapurnaPay-Prod-pvt-Jenkins-Server-CPU-95%-#Alarm"" in Asia Pacific (Mumbai)",Closed,Not Violated,Critical - P1,Uptime Team,09-04-2026 00:07,4d 12h,FALSE
1150669,Alarm,Bankify 7pay is Down from multiple locations,Closed,Not Violated,-,Uptime Team,09-04-2026 00:09,4d 12h,FALSE
1150670,Alarm,Bankify 7pay is Down from multiple locations,Closed,Not Violated,-,Uptime Team,09-04-2026 00:09,4d 12h,FALSE
1150671,Alarm,Bankify 7pay is Down from multiple locations,Closed,Not Violated,-,Uptime Team,09-04-2026 00:10,4d 12h,FALSE
1150672,Alarm,"ALARM: ""Support Elders-Prod-Web-1a-CPU-85%-#Alarm"" in Asia Pacific (Mumbai)",Closed,Not Violated,Critical - P1,Uptime Team,09-04-2026 00:12,4d 12h,FALSE
1150673,Alarm,"ALARM: ""KFIN-AIF-Dezerv-PMS-PROD-1b-Disk(Root)-85%-#Alarm"" in Asia Pacific (Mumbai)",Closed,Not Violated,Critical - P1,Uptime Team,09-04-2026 00:12,4d 12h,FALSE
1150675,Alarm,"ALARM: ""DU-Digital-Prod-App-1b-New-CPU-85%-#Alarm"" in Asia Pacific (Mumbai)",Closed,Not Violated,Critical - P1,Uptime Team,09-04-2026 00:13,4d 12h,FALSE
1150677,Alarm,"ALARM: ""AnnapurnaPay-Prod-pvt-Jenkins-Server-CPU-95%-#Alarm"" in Asia Pacific (Mumbai)",Closed,Not Violated,Critical - P1,Uptime Team,09-04-2026 00:14,4d 12h,FALSE
1150678,Alarm,"ALARM: ""AnnapurnaPay-Prod-pvt-Jenkins-Server-CPU-95%-#Alarm"" in Asia Pacific (Mumbai)",Closed,Not Violated,Critical - P1,Uptime Team,09-04-2026 00:14,4d 12h,FALSE
1150679,Alarm,Argus News is Down from multiple locations,Closed,Not Violated,-,Uptime Team,09-04-2026 00:15,4d 12h,FALSE
1150680,Alarm,Argus News is Up,Closed,Not Violated,-,Uptime Team,09-04-2026 00:16,4d 12h,FALSE
1150681,Alarm,"ALARM: ""softweb-srishti-rds-oracle-21c-Memory-85% #Alarm"" in Asia Pacific (Mumbai)",Closed,Not Violated,Critical - P1,Uptime Team,09-04-2026 00:17,4d 12h,FALSE
1150682,Alarm,"ALARM: ""flicktv-prod-valkey-cache-ElastiCacheProcessingUnits#Alarm"" in Asia Pacific (Mumbai)",Closed,Not Violated,Critical - P1,Uptime Team,09-04-2026 00:17,4d 12h,FALSE
1150683,Alarm,"ALARM: ""hoichoi-aws-aps1-prod-ecs-hoichoi-analytics_high_cpu_util_alarm"" in Asia Pacific (Mumbai)",Closed,Not Violated,Critical - P1,Uptime Team,09-04-2026 00:18,4d 12h,FALSE
1150686,Alarm,Argus News is Down from multiple locations,Closed,Not Violated,-,Uptime Team,09-04-2026 00:20,4d 12h,FALSE
1150687,Alarm,Argus News is Up,Closed,Not Violated,-,Uptime Team,09-04-2026 00:21,4d 12h,FALSE
1150688,Alarm,"ALARM: ""Shyam-Metalics-CLSM-Prod-DB-1b_CPU>=95%"" in Asia Pacific (Mumbai)",Closed,Not Violated,Critical - P1,Uptime Team,09-04-2026 00:21,4d 12h,FALSE
1150689,Alarm,"ALARM: ""SoftWeb-DB-Pvt-1b-#CPUUtilization-95%-#ALARM"" in Asia Pacific (Mumbai)",Closed,Not Violated,Critical - P1,Uptime Team,09-04-2026 00:21,4d 12h,FALSE
1150690,Alarm,Your Savings Plan(s) are nearing their expiration date,Closed,Not Violated,-,SMB Linux Team,09-04-2026 00:22,4d 12h,FALSE
1150691,Alarm,"ALARM: ""softweb-srishti-rds-oracle-21c-Memory-85% #Alarm"" in Asia Pacific (Mumbai)",Closed,Not Violated,Critical - P1,Uptime Team,09-04-2026 00:25,4d 12h,FALSE
1150692,Alarm,Argus News is Down from multiple locations,Closed,Not Violated,-,Uptime Team,09-04-2026 00:25,4d 12h,FALSE
1150693,Alarm,Argus News is Up,Closed,Not Violated,-,Uptime Team,09-04-2026 00:27,4d 12h,FALSE
1150694,Alarm,Amazon SES Custom MAIL FROM Domain Setup ENABLED in AWS Region Asia Pacific (Mumbai),Closed,Not Violated,Medium - P3,Enterprise Windows Team,09-04-2026 00:28,4d 12h,FALSE
1150695,Alarm,"ALARM: ""softweb-srishti-rds-oracle-21c-Memory-85% #Alarm"" in Asia Pacific (Mumbai)",Closed,Not Violated,Critical - P1,Uptime Team,09-04-2026 00:33,4d 11h,FALSE
1150696,Alarm,"ALARM: ""Shyam-Metalics-CLSM-Prod-DB-1b_CPU>=95%"" in Asia Pacific (Mumbai)",Closed,Not Violated,Critical - P1,Uptime Team,09-04-2026 00:34,4d 11h,FALSE
1150697,Alarm,"ALARM: ""IWMBUZZ-PROD-WPS-ADMIN-Memory-85%-#Alarm"" in Asia Pacific (Mumbai)",Closed,Not Violated,Critical - P1,Uptime Team,09-04-2026 00:38,4d 11h,FALSE
1150698,Alarm,"ALARM: ""Kims-Hospital-KSRVPRDDB-Server-2b-Memory-85%-#Alarm"" in Asia Pacific (Hyderabad)",Closed,Not Violated,-,Uptime Team,09-04-2026 00:40,4d 11h,FALSE
1150699,Alarm,"ALARM: ""flicktv-prod-valkey-cache-ElastiCacheProcessingUnits#Alarm"" in Asia Pacific (Mumbai)",Closed,Not Violated,Critical - P1,Uptime Team,09-04-2026 00:40,4d 11h,FALSE
1150700,Alarm,"ALARM: ""Kims-Hospital-KSRVPRDDB-Server-2b-Memory-95%-#Alarm"" in Asia Pacific (Hyderabad)",Closed,Not Violated,-,Uptime Team,09-04-2026 00:40,4d 11h,FALSE
1150701,Alarm,"ALARM: ""Kims-Hospital-KSRVPRDDB-Server-2b-Memory-85%-#Alarm"" in Asia Pacific (Hyderabad)",Closed,Not Violated,-,Uptime Team,09-04-2026 00:46,4d 11h,FALSE
1150702,Alarm,"ALARM: ""Kims-Hospital-KSRVPRDDB-Server-2b-Memory-95%-#Alarm"" in Asia Pacific (Hyderabad)",Closed,Not Violated,-,Uptime Team,09-04-2026 00:46,4d 11h,FALSE
1150705,Alarm,"ALARM: ""ComfortLady-Prod-HanaDB-1b-Disk(/hana/shared)-85%-#Alarm"" in Asia Pacific (Mumbai)",Closed,Not Violated,Critical - P1,Uptime Team,09-04-2026 00:48,4d 11h,FALSE
1150706,Alarm,"ALARM: ""Kims-Hospital-KSRVPRDDB-Server-2b-Memory-95%-#Alarm"" in Asia Pacific (Hyderabad)",Closed,Not Violated,-,Uptime Team,09-04-2026 00:56,4d 11h,FALSE
1150707,Alarm,"ALARM: ""softweb-srishti-rds-oracle-21c-Memory-85% #Alarm"" in Asia Pacific (Mumbai)",Closed,Not Violated,Critical - P1,Uptime Team,09-04-2026 00:57,4d 11h,FALSE
1150708,Alarm,"ALARM: ""Kims-Hospital-KSRVPRDDB-Server-2b-Memory-85%-#Alarm"" in Asia Pacific (Hyderabad)",Closed,Not Violated,-,Uptime Team,09-04-2026 00:58,4d 11h,FALSE
1150709,Alarm,"ALARM: ""Single-Page-Utility-VM-CPU-85% #Alarm"" in Asia Pacific (Mumbai)",Closed,Not Violated,Critical - P1,Uptime Team,09-04-2026 01:01,4d 11h,FALSE
1150710,Alarm,Bankify is Down from multiple locations,Closed,Not Violated,-,Uptime Team,09-04-2026 01:02,4d 11h,FALSE
1150711,Alarm,Bankify is Down from multiple locations,Closed,Not Violated,-,Uptime Team,09-04-2026 01:02,4d 11h,FALSE
1150712,Alarm,"ALARM: ""softweb-srishti-rds-oracle-21c-Memory-85% #Alarm"" in Asia Pacific (Mumbai)",Closed,Not Violated,Critical - P1,Uptime Team,09-04-2026 01:03,4d 11h,FALSE
1150713,Alarm,"ALARM: ""KFIN-AIF-Dezerv-PMS-PROD-1b-Disk(Root)-85%-#Alarm"" in Asia Pacific (Mumbai)",Awaiting Customer Response,Not Violated,Critical - P1,Enterprise Windows Team,09-04-2026 01:04,4d 11h,FALSE
1150714,Alarm,"ALARM: ""Bazoki-Prod-DB-1b-CPU-85%-#Alarm"" in Asia Pacific (Mumbai)",Closed,Not Violated,Critical - P1,Uptime Team,09-04-2026 01:04,4d 11h,FALSE
1150715,Alarm,"ALARM: ""AMPL-eFIMO-UAT-DB-1b-Memory-85%-#Alarm"" in Asia Pacific (Mumbai)",Closed,Not Violated,Critical - P1,Uptime Team,09-04-2026 01:04,4d 11h,FALSE
1150716,Alarm,Bankify 7pay is Down from multiple locations,Closed,Not Violated,-,Uptime Team,09-04-2026 01:05,4d 11h,FALSE
1150717,Alarm,"ALARM: ""softweb-srishti-rds-oracle-21c-Memory-85% #Alarm"" in Asia Pacific (Mumbai)",Closed,Not Violated,Critical - P1,Uptime Team,09-04-2026 01:05,4d 11h,FALSE
1150718,Alarm,"ALARM: ""Innovel-Tally-Sarala-server-Pub-1b-CPU-85%-#Alarm"" in Asia Pacific (Mumbai)",Closed,Not Violated,-,Uptime Team,09-04-2026 01:07,4d 11h,FALSE
1150719,Alarm,"ALARM: ""Kims-Hospital-KSRVPRDDB-Server-2b-Memory-85%-#Alarm"" in Asia Pacific (Hyderabad)",Closed,Not Violated,-,Uptime Team,09-04-2026 01:09,4d 11h,FALSE
1150720,Alarm,"ALARM: ""Kims-Hospital-KSRVPRDDB-Server-2b-Memory-95%-#Alarm"" in Asia Pacific (Hyderabad)",Closed,Not Violated,-,Uptime Team,09-04-2026 01:09,4d 11h,FALSE
1150721,Alarm,"ALARM: ""ORFIL-Live-LCS-PROD-EC2-CPU-Alert"" in Asia Pacific (Mumbai)",Closed,Not Violated,Critical - P1,Uptime Team,09-04-2026 01:16,4d 11h,FALSE
1150722,Alarm,"ALARM: ""KhimjiJwellers-Prod-server2-App-1b-CPU-85%-#Alarm"" in Asia Pacific (Mumbai)",Closed,Not Violated,Critical - P1,Uptime Team,09-04-2026 01:17,4d 11h,FALSE
1150723,Alarm,"ALARM: ""Lalchand-Jewellers-App2-Prod-1b-CPU-85%-#ALARM"" in Asia Pacific (Mumbai)",Closed,Not Violated,Critical - P1,Uptime Team,09-04-2026 01:17,4d 11h,FALSE
1150724,Alarm,"ALARM: ""KhimjiJwellers-Prod-App-1b-CPU-85%-#Alarm"" in Asia Pacific (Mumbai)",Closed,Not Violated,Critical - P1,Uptime Team,09-04-2026 01:17,4d 11h,FALSE
1150725,Alarm,"ALARM: ""Lalchand-Jewellers-App1-Prod-1b-CPU-85%-#ALARM"" in Asia Pacific (Mumbai)",Closed,Not Violated,Critical - P1,Uptime Team,09-04-2026 01:17,4d 11h,FALSE
1150726,Alarm,"ALARM: ""Eleve-Diamonds-REPORTING-PROD-CPU-85%-#ALARM"" in Asia Pacific (Mumbai)",Closed,Not Violated,Critical - P1,Uptime Team,09-04-2026 01:18,4d 11h,FALSE
1150727,Alarm,"ALARM: ""Lalchand-Jewellers-ALB-TG-8443-UnhealthyHostCount-#ALARM"" in Asia Pacific (Mumbai)",Closed,Not Violated,Critical - P1,Uptime Team,09-04-2026 01:18,4d 11h,FALSE
1150728,Alarm,Khimji is Down from multiple locations,Closed,Not Violated,-,Uptime Team,09-04-2026 01:18,4d 11h,FALSE
1150729,Alarm,Khimji is Up,Closed,Not Violated,-,Uptime Team,09-04-2026 01:19,4d 11h,FALSE
1150730,Alarm,"ALARM: ""HoiChoi-x-CWM-x-ProdRevAmp-hoichoi-aws-aps1-prod-ecs-hoichoi-th..."" in Asia Pacific (Mumbai)",Closed,Not Violated,Critical - P1,Uptime Team,09-04-2026 01:20,4d 11h,FALSE
1150731,Alarm,"ALARM: ""ComfortLady-Prod-HanaDB-1b-Disk(/hana/shared)-85%-#Alarm"" in Asia Pacific (Mumbai)",Closed,Not Violated,Critical - P1,Uptime Team,09-04-2026 01:21,4d 11h,FALSE
1150732,Alarm,"ALARM: ""SS-RS-PROD-ADMIN-AP-1b-Disk-D-85%#Alarm"" in Asia Pacific (Mumbai)",Closed,Not Violated,Critical - P1,Uptime Team,09-04-2026 01:22,4d 11h,FALSE
1150733,Client,Workmates Backup - No successful backups reminder,Closed,Not Violated,Medium - P3,SMB Linux Team,09-04-2026 01:23,4d 11h,FALSE
1150734,Alarm,"ALARM: ""softweb-srishti-rds-oracle-21c-Memory-85% #Alarm"" in Asia Pacific (Mumbai)",Closed,Not Violated,Critical - P1,Uptime Team,09-04-2026 01:25,4d 11h,FALSE
1150735,Alarm,"ALARM: ""NewTownSchool_JIE-Prod-DB-1b-New-2-CPU-70%-utilized-#Alarm"" in Asia Pacific (Mumbai)",Closed,Not Violated,Critical - P1,Uptime Team,09-04-2026 01:36,4d 10h,FALSE
1150736,Alarm,"ALARM: ""AMPL-eFIMO-Prod-RDB-1b-Disk(D)-85%-#Alarm"" in Asia Pacific (Mumbai)",Closed,Not Violated,Critical - P1,Uptime Team,09-04-2026 01:36,4d 10h,FALSE
1150737,Alarm,"ALARM: ""NewTownSchool_JIE-Prod-DB-1b-New-2-CPU-95%-utilized-#Alarm"" in Asia Pacific (Mumbai)",Closed,Not Violated,Critical - P1,Uptime Team,09-04-2026 01:36,4d 10h,FALSE
1150738,Alarm,"ALARM: ""NewTownSchool_JIE-Prod-DB-1b-New-2-CPU-85%-utilized-#Alarm"" in Asia Pacific (Mumbai)",Closed,Not Violated,Critical - P1,Uptime Team,09-04-2026 01:36,4d 10h,FALSE
1150739,Alarm,"ALARM: ""Kims-Hospital-KSRVPRDDB-Server-2b-Memory-85%-#Alarm"" in Asia Pacific (Hyderabad)",Closed,Not Violated,-,Uptime Team,09-04-2026 01:41,4d 10h,FALSE
1150740,Alarm,"ALARM: ""Kims-Hospital-KSRVPRDDB-Server-2b-Memory-95%-#Alarm"" in Asia Pacific (Hyderabad)",Closed,Not Violated,-,Uptime Team,09-04-2026 01:41,4d 10h,FALSE
1150741,Alarm,Argus News is Down from multiple locations,Closed,Not Violated,-,Uptime Team,09-04-2026 01:42,4d 10h,FALSE
1150743,Alarm,Argus News is Up,Closed,Not Violated,-,Uptime Team,09-04-2026 01:42,4d 10h,FALSE
1150744,Alarm,"ALARM: ""Verma-Jewellers-Prod-DB-1b-Memory-85%-#ALARM"" in Asia Pacific (Mumbai)",Closed,Not Violated,Critical - P1,Uptime Team,09-04-2026 01:46,4d 10h,FALSE
1150745,Alarm,"ALARM: ""Kims-Hospital-Prod-Web-Server-1b-CPUUtilization-85% #Alarm"" in Asia Pacific (Mumbai)",Closed,Not Violated,-,Uptime Team,09-04-2026 01:47,4d 10h,FALSE
1150746,Alarm,Vawsum | https://vawsum.com/ is Down from multiple locations,Closed,Not Violated,-,Uptime Team,09-04-2026 01:49,4d 10h,FALSE
1150747,Alarm,ATPL-JIE | https://api-prod.jobsineducation.net/ is Down from multiple locations,Closed,Not Violated,-,Uptime Team,09-04-2026 01:49,4d 10h,FALSE
1150748,Alarm,"ALARM: ""NewTownSchool_JIE-Prod-DB-1b-New-CPU-utilized-70%-#Alarm"" in Asia Pacific (Mumbai)",Closed,Not Violated,Critical - P1,Uptime Team,09-04-2026 01:49,4d 10h,FALSE
1150749,Client,Time entry 8 April,Closed,Not Violated,Medium - P3,-,09-04-2026 01:50,4d 10h,FALSE
1150750,Alarm,"ALARM: ""NewTownSchool_JIE-Prod-DB-1b-New-CPU-utilized-85%-#Alarm"" in Asia Pacific (Mumbai)",Closed,Not Violated,Critical - P1,Uptime Team,09-04-2026 01:51,4d 10h,FALSE
1150751,Alarm,"ALARM: ""NewTownSchool_JIE-Prod-DB-1b-New-CPU-utilized-95%-#Alarm"" in Asia Pacific (Mumbai)",Closed,Not Violated,Critical - P1,Uptime Team,09-04-2026 01:51,4d 10h,FALSE
1150752,Alarm,ATPL-JIE | https://api-prod.jobsineducation.net/ is Up,Closed,Not Violated,-,Uptime Team,09-04-2026 01:53,4d 10h,FALSE
1150753,Alarm,"ALARM: ""softweb-srishti-rds-oracle-21c-Memory-85% #Alarm"" in Asia Pacific (Mumbai)",Closed,Not Violated,Critical - P1,Uptime Team,09-04-2026 01:57,4d 10h,FALSE
1150754,Alarm,Vawsum | https://vawsum.com/ is Up,Closed,Not Violated,-,Uptime Team,09-04-2026 02:00,4d 10h,FALSE
1150755,Alarm,Khimji is Down from multiple locations,Closed,Not Violated,-,Uptime Team,09-04-2026 02:04,4d 10h,FALSE
1150756,Alarm,Khimji is Down from multiple locations,Closed,Not Violated,-,Uptime Team,09-04-2026 02:04,4d 10h,FALSE
1150757,Alarm,Khimji is Down from multiple locations,Closed,Not Violated,-,Uptime Team,09-04-2026 02:04,4d 10h,FALSE
1150758,Alarm,"ALARM: ""Kims-Hospital-KSRVPRDDB-Server-2b-Memory-85%-#Alarm"" in Asia Pacific (Hyderabad)",Closed,Not Violated,-,Uptime Team,09-04-2026 02:05,4d 10h,FALSE
1150759,Alarm,"ALARM: ""Kims-Hospital-KSRVPRDDB-Server-2b-Memory-95%-#Alarm"" in Asia Pacific (Hyderabad)",Closed,Not Violated,-,Uptime Team,09-04-2026 02:05,4d 10h,FALSE
1150760,Alarm,Argus News is Down from multiple locations,Closed,Not Violated,-,Uptime Team,09-04-2026 02:07,4d 10h,FALSE
1150761,Alarm,Argus News is Up,Closed,Not Violated,-,Uptime Team,09-04-2026 02:09,4d 10h,FALSE
1150762,Alarm,"ALARM: ""SriAlankar-Jwellers-App2-1b-CPU-85%-#Alarm"" in Asia Pacific (Mumbai)",Closed,Not Violated,Critical - P1,Uptime Team,09-04-2026 02:17,4d 10h,FALSE
1150763,Alarm,"ALARM: ""HiraPanna-Prod-DB-1b-Memory-85%-#Alarm"" in Asia Pacific (Mumbai)",Closed,Not Violated,Critical - P1,Uptime Team,09-04-2026 02:20,4d 10h,FALSE
1150764,Alarm,"ALARM: ""Kims-Hospital-KSRVPRDDB-Server-2b-Memory-85%-#Alarm"" in Asia Pacific (Hyderabad)",Closed,Not Violated,-,Uptime Team,09-04-2026 02:20,4d 10h,FALSE
1150765,Alarm,"ALARM: ""Kims-Hospital-KSRVPRDDB-Server-2b-Memory-95%-#Alarm"" in Asia Pacific (Hyderabad)",Closed,Not Violated,-,Uptime Team,09-04-2026 02:20,4d 10h,FALSE
1150766,Alarm,"ALARM: ""HiraPanna-Prod-DB-1b-Disk(Root)-85%-#Alarm"" in Asia Pacific (Mumbai)",Closed,Not Violated,Critical - P1,Uptime Team,09-04-2026 02:21,4d 10h,FALSE
1150767,Alarm,"ALARM: ""DU-Digital-Prod-App-1b-New-CPU-85%-#Alarm"" in Asia Pacific (Mumbai)",Closed,Not Violated,Critical - P1,Uptime Team,09-04-2026 02:22,4d 10h,FALSE
1150768,Alarm,"ALARM: ""Verma-Jewellers-Prod-DB-1b-Memory-95%-#ALARM"" in Asia Pacific (Mumbai)",Closed,Not Violated,Critical - P1,Uptime Team,09-04-2026 02:22,4d 10h,FALSE
1150769,Alarm,"ALARM: ""Verma-Jewellers-Prod-DB-1b-Memory-85%-#ALARM"" in Asia Pacific (Mumbai)",Closed,Not Violated,Critical - P1,Uptime Team,09-04-2026 02:22,4d 10h,FALSE
1150770,Alarm,Khimji is Up,Closed,Not Violated,-,Uptime Team,09-04-2026 02:25,4d 10h,FALSE
1150771,Alarm,Khimji is Up,Closed,Not Violated,-,Uptime Team,09-04-2026 02:25,4d 10h,FALSE
1150772,Alarm,Khimji is Up,Closed,Not Violated,-,Uptime Team,09-04-2026 02:25,4d 10h,FALSE
1150773,Alarm,"ALARM: ""ALCircle-Prod-Blog-1b-CPU-95%-#Alarm"" in Asia Pacific (Mumbai)",Closed,Not Violated,Critical - P1,Uptime Team,09-04-2026 02:27,4d 10h,FALSE
1150774,Alarm,"ALARM: ""ALCircle-Prod-Blog-1b-CPU-85%-#Alarm"" in Asia Pacific (Mumbai)",Closed,Not Violated,Critical - P1,Uptime Team,09-04-2026 02:27,4d 10h,FALSE
1150775,Alarm,"ALARM: ""softweb-srishti-rds-oracle-21c-Memory-85% #Alarm"" in Asia Pacific (Mumbai)",Closed,Not Violated,Critical - P1,Uptime Team,09-04-2026 02:27,4d 10h,FALSE
1150776,Alarm,"ALARM: ""Kims-Hospital-KSRVPRDDB-Server-2b-Memory-85%-#Alarm"" in Asia Pacific (Hyderabad)",Closed,Not Violated,-,Uptime Team,09-04-2026 02:27,4d 10h,FALSE
1150777,Alarm,"ALARM: ""Kims-Hospital-KSRVPRDDB-Server-2b-Memory-95%-#Alarm"" in Asia Pacific (Hyderabad)",Closed,Not Violated,-,Uptime Team,09-04-2026 02:27,4d 10h,FALSE
1150778,Alarm,"ALARM: ""Celex-uat-server-mem_used_percent-85%-#Alarm"" in Asia Pacific (Mumbai)",Closed,Not Violated,-,Uptime Team,09-04-2026 02:36,4d 9h,FALSE
1150779,Alarm,"ALARM: ""anxiprodb-instace-1-new-16-01-rds#DatabaseConnections"" in Asia Pacific (Sydney)",Closed,Not Violated,Critical - P1,Uptime Team,09-04-2026 02:37,4d 9h,FALSE
1150782,Alarm,"ALARM: ""anxiprodb-instace-1-new-16-01-rds#DatabaseConnections"" in Asia Pacific (Sydney)",Closed,Not Violated,Critical - P1,Uptime Team,09-04-2026 02:40,4d 9h,FALSE
1150783,Alarm,"ALARM: ""Kims-Hospital-KSRVPRDDB-Server-2b-Memory-85%-#Alarm"" in Asia Pacific (Hyderabad)",Closed,Not Violated,-,Uptime Team,09-04-2026 02:41,4d 9h,FALSE
1150784,Alarm,"ALARM: ""Kims-Hospital-KSRVPRDDB-Server-2b-Memory-95%-#Alarm"" in Asia Pacific (Hyderabad)",Closed,Not Violated,-,Uptime Team,09-04-2026 02:41,4d 9h,FALSE
1150785,Alarm,"ALARM: ""Kims-Hospital-VpnConnection-FootDoctorClinic-ISP-#Alarm"" in Asia Pacific (Hyderabad)",Closed,Not Violated,Critical - P1,Uptime Team,09-04-2026 02:50,4d 9h,FALSE
1150786,Alarm,"ALARM: ""Easternmirror-mongodb-server-CPU-95%-#Alarm"" in Asia Pacific (Mumbai)",Closed,Not Violated,Critical - P1,Uptime Team,09-04-2026 02:51,4d 9h,FALSE
1150787,Alarm,"ALARM: ""Easternmirror-mongodb-server-CPU-85%-#Alarm"" in Asia Pacific (Mumbai)",Closed,Not Violated,Critical - P1,Uptime Team,09-04-2026 02:51,4d 9h,FALSE
1150788,Alarm,"ALARM: ""Kims-Hospital-KSRVPRDDB-Server-2b-Memory-85%-#Alarm"" in Asia Pacific (Hyderabad)",Closed,Not Violated,-,Uptime Team,09-04-2026 02:52,4d 9h,FALSE
1150789,Alarm,"ALARM: ""Kims-Hospital-KSRVPRDDB-Server-2b-Memory-95%-#Alarm"" in Asia Pacific (Hyderabad)",Closed,Not Violated,-,Uptime Team,09-04-2026 02:52,4d 9h,FALSE
1150790,Alarm,"Important notice about your AWS Account regarding VPN connections [AWS Account: 119841209825, VPN Connection: vpn-009b048a0483e6d52, Tunnel Outside IP: 18.61.223.170]",Closed,Not Violated,Medium - P3,Uptime Team,09-04-2026 02:57,4d 9h,FALSE
1150793,Alarm,AWS Cost Management: Cost anomaly detected on 2026-04-07T03:54:24.684996055Z,Closed,Not Violated,Medium - P3,Enterprise Windows Team,09-04-2026 03:06,4d 9h,FALSE
1150794,Alarm,AWS Cost Management: Cost anomaly detected on 2026-04-07T03:54:07.72636455Z,Closed,Not Violated,Medium - P3,Enterprise Windows Team,09-04-2026 03:07,4d 9h,FALSE
1150795,Client,AWS Cost Management: Cost anomaly detected on 2026-04-07T04:14:57.516749694Z,Closed,Not Violated,Medium - P3,SMB Linux Team,09-04-2026 03:07,4d 9h,FALSE
1150796,Alarm,AWS Cost Management: Cost anomaly(ies) summary for account: Manyata Developers Private Limited (379245767571) [2026-04-06],Closed,Not Violated,Medium - P3,Enterprise Windows Team,09-04-2026 03:07,4d 9h,FALSE
1150797,Alarm,AWS Cost Management: Cost anomaly detected on 2026-04-07T03:54:32.448429661Z,Closed,Not Violated,Medium - P3,Enterprise Windows Team,09-04-2026 03:07,4d 9h,FALSE
1150799,Alarm,Argus News is Down from multiple locations,Closed,Not Violated,-,Uptime Team,09-04-2026 03:08,4d 9h,FALSE
1150800,Alarm,AWS Cost Management: Cost anomaly detected on 2026-04-07T05:30:47.143057883Z,Closed,Not Violated,Medium - P3,Enterprise Linux Team,09-04-2026 03:09,4d 9h,FALSE
1150801,Alarm,AWS Cost Management: Cost anomaly(ies) summary for account: sastasundarHealthtech (390403891876) [2026-04-06],Closed,Not Violated,Medium - P3,Enterprise Windows Team,09-04-2026 03:09,4d 9h,FALSE
1150802,Alarm,AWS Cost Management: Cost anomaly detected on 2026-04-07T05:30:30.52896959Z,Closed,Not Violated,Medium - P3,Enterprise Linux Team,09-04-2026 03:09,4d 9h,FALSE
1150803,Alarm,Argus News is Up,Closed,Not Violated,-,Uptime Team,09-04-2026 03:09,4d 9h,FALSE
1150804,Client,AWS Cost Management: Cost anomaly detected on 2026-04-07T06:24:42.657643703Z,Closed,Not Violated,Medium - P3,SMB Linux Team,09-04-2026 03:10,4d 9h,FALSE
1150805,Client,AWS Cost Management: Cost anomaly detected on 2026-04-07T06:24:43.180988349Z,Closed,Not Violated,Medium - P3,Enterprise Windows Team,09-04-2026 03:10,4d 9h,FALSE
1150806,Alarm,"ALARM: ""KhimjiJwellers-Prod-DB-1b-/Backup-85%-#Alarm"" in Asia Pacific (Mumbai)",Closed,Not Violated,Critical - P1,Uptime Team,09-04-2026 03:11,4d 9h,FALSE
1150807,Alarm,Shillong Times is Down from multiple locations,Closed,Not Violated,-,Uptime Team,09-04-2026 03:12,4d 9h,FALSE
1150808,Alarm,"ALARM: ""hoichoi-aws-aps1-prod-ecs-hoichoi-backend_high_memory_util_alarm"" in Asia Pacific (Mumbai)",Closed,Not Violated,Critical - P1,Uptime Team,09-04-2026 03:12,4d 9h,FALSE
1150809,Client,AWS Cost Management: Cost anomaly detected on 2026-04-07T10:20:37.926562562Z,Closed,Not Violated,Medium - P3,SMB Linux Team,09-04-2026 03:13,4d 9h,FALSE
1150810,Alarm,Shillong Times is Up,Closed,Not Violated,-,Uptime Team,09-04-2026 03:13,4d 9h,FALSE
1150811,Alarm,AWS Cost Management: Cost anomaly detected on 2026-04-07T11:18:45.925116703Z,Closed,Not Violated,Medium - P3,Enterprise Windows Team,09-04-2026 03:14,4d 9h,FALSE
1150812,Alarm,AWS Cost Management: Cost anomaly detected on 2026-04-07T11:19:23.334121278Z,Closed,Not Violated,Medium - P3,Enterprise Windows Team,09-04-2026 03:15,4d 9h,FALSE
1150813,Client,AWS Cost Management: Cost anomaly detected on 2026-04-07T11:45:30.06817448Z,Closed,Not Violated,Medium - P3,Enterprise Windows Team,09-04-2026 03:16,4d 9h,FALSE
1150814,Client,AWS Cost Management: Cost anomaly detected on 2026-04-07T11:46:07.685746553Z,Closed,Not Violated,Medium - P3,Enterprise Windows Team,09-04-2026 03:16,4d 9h,FALSE
1150815,Alarm,AWS Cost Management: Cost anomaly detected on 2026-04-07T11:18:19.37971585Z,Closed,Not Violated,Medium - P3,Enterprise Windows Team,09-04-2026 03:16,4d 9h,FALSE
1150816,Alarm,AWS Cost Management: Cost anomaly detected on 2026-04-07T13:20:29.786730024Z,Closed,Not Violated,Medium - P3,Enterprise Linux Team,09-04-2026 03:17,4d 9h,FALSE
1150817,Alarm,AWS Cost Management: Cost anomaly detected on 2026-04-07T13:26:16.583668462Z,Closed,Not Violated,Medium - P3,Enterprise Windows Team,09-04-2026 03:17,4d 9h,FALSE
1150818,Alarm,"ALARM: ""SS-RS-PROD-WEB-1-AP-S-1b-Memory-85%#Alarm"" in Asia Pacific (Mumbai)",Closed,Not Violated,Critical - P1,Uptime Team,09-04-2026 03:30,4d 9h,FALSE
1150819,Alarm,"ALARM: ""Softweb-GPS-Prod-(APP-DB)-1b-CPU-85%-#Alarm"" in Asia Pacific (Mumbai)",Closed,Not Violated,Critical - P1,Uptime Team,09-04-2026 03:31,4d 9h,FALSE
1150820,Alarm,"ALARM: ""HiraPanna-Prod-DB-1b-Disk(Root)-85%-#Alarm"" in Asia Pacific (Mumbai)",Closed,Not Violated,Critical - P1,Uptime Team,09-04-2026 03:32,4d 9h,FALSE
1150821,Alarm,"ALARM: ""softweb-srishti-rds-oracle-21c-Memory-85% #Alarm"" in Asia Pacific (Mumbai)",Closed,Not Violated,Critical - P1,Uptime Team,09-04-2026 03:33,4d 9h,FALSE
1150822,Alarm,AWS Budgets Report: Annapurna-Efimo-Budget Report,Closed,Not Violated,Medium - P3,SMB Windows Team,09-04-2026 03:34,4d 8h,FALSE
1150824,Alarm,AWS Budgets: Account 339712898135 has a budget exceeding your alert threshold,Closed,Not Violated,Medium - P3,SMB Windows Team,09-04-2026 03:36,4d 8h,FALSE
1150825,Alarm,AWS Cost Management: Cost anomaly(ies) summary for account: Manyata Developers Private Limited (379245767571) [2026-04-07],Closed,Not Violated,Medium - P3,Enterprise Windows Team,09-04-2026 03:39,4d 8h,FALSE
1150827,Client,AWS Cost Management: Cost anomaly detected on 2026-04-08T05:25:49.972373427Z,Closed,Not Violated,Medium - P3,SMB Linux Team,09-04-2026 03:39,4d 8h,FALSE
1150829,Alarm,AWS Cost Management: Cost anomaly detected on 2026-04-08T06:15:11.403092415Z,Closed,Not Violated,Medium - P3,Enterprise Windows Team,09-04-2026 03:40,4d 8h,FALSE
1150830,Alarm,AWS Cost Management: Cost anomaly detected on 2026-04-08T06:15:29.398716176Z,Closed,Not Violated,Medium - P3,Enterprise Windows Team,09-04-2026 03:41,4d 8h,FALSE
1150831,Alarm,AWS Cost Management: Cost anomaly(ies) summary for account: sastasundarHealthtech (390403891876) [2026-04-07],Closed,Not Violated,Medium - P3,Enterprise Windows Team,09-04-2026 03:41,4d 8h,FALSE
1150832,Client,AWS Cost Management: Cost anomaly detected on 2026-04-08T07:08:11.093382291Z,Closed,Not Violated,Medium - P3,Enterprise Windows Team,09-04-2026 03:41,4d 8h,FALSE
1150833,Client,AWS Cost Management: Cost anomaly detected on 2026-04-08T07:08:32.640513943Z,Closed,Not Violated,Medium - P3,SMB Linux Team,09-04-2026 03:41,4d 8h,FALSE
1150834,Client,AWS Cost Management: Cost anomaly detected on 2026-04-08T07:08:21.841925387Z,Closed,Not Violated,Medium - P3,SMB Linux Team,09-04-2026 03:42,4d 8h,FALSE
1150835,Alarm,"ALARM: ""kfinpwm-narc-prod-rds-FreeStorageSpace-15%-#Alarm"" in Asia Pacific (Mumbai)",Closed,Not Violated,Critical - P1,Uptime Team,09-04-2026 03:43,4d 8h,FALSE
1150836,Alarm,"ALARM: ""kfinpwm-narc-prod-rds-FreeStorageSpace-15%-#Alarm"" in Asia Pacific (Mumbai)",Closed,Not Violated,Critical - P1,Uptime Team,09-04-2026 03:43,4d 8h,FALSE
1150837,Client,AWS Cost Management: Cost anomaly detected on 2026-04-08T10:34:12.790723905Z,Closed,Not Violated,Medium - P3,Enterprise Windows Team,09-04-2026 03:44,4d 8h,FALSE
1150838,Client,AWS Cost Management: Cost anomaly detected on 2026-04-08T10:15:34.716434478Z,Closed,Not Violated,Medium - P3,SMB Linux Team,09-04-2026 03:44,4d 8h,FALSE
1150839,Alarm,AWS Cost Management: Cost anomaly detected on 2026-04-08T11:32:30.739463387Z,Closed,Not Violated,Medium - P3,Enterprise Windows Team,09-04-2026 03:45,4d 8h,FALSE
1150840,Alarm,AWS Cost Management: Cost anomaly detected on 2026-04-08T11:32:21.283282328Z,Closed,Not Violated,Medium - P3,Enterprise Windows Team,09-04-2026 03:45,4d 8h,FALSE
1150841,Alarm,"ALARM: ""NewTownSchool_JIE-Prod-DB-1b-New-2-CPU-70%-utilized-#Alarm"" in Asia Pacific (Mumbai)",Closed,Not Violated,Critical - P1,Uptime Team,09-04-2026 03:46,4d 8h,FALSE
1150843,Alarm,"ALARM: ""NewTownSchool_JIE-Prod-DB-1b-New-2-CPU-85%-utilized-#Alarm"" in Asia Pacific (Mumbai)",Closed,Not Violated,Critical - P1,Uptime Team,09-04-2026 03:46,4d 8h,FALSE
1150844,Alarm,AWS Cost Management: Cost anomaly detected on 2026-04-08T14:20:51.888435081Z,Closed,Not Violated,Medium - P3,Enterprise Windows Team,09-04-2026 03:47,4d 8h,FALSE
1150845,Client,AWS Cost Management: Cost anomaly detected on 2026-04-08T14:20:17.307662108Z,Closed,Not Violated,Medium - P3,SMB Linux Team,09-04-2026 03:47,4d 8h,FALSE
1150846,Alarm,"ALARM: ""Softweb-GPS-Prod-(APP-DB)-1b-Disk(/)-95%-#Alarm"" in Asia Pacific (Mumbai)",Closed,Not Violated,Critical - P1,Uptime Team,09-04-2026 03:52,4d 8h,FALSE
1150847,Alarm,"ALARM: ""ICSI-Prod-DB-Server-1b-C.P.U-85%#Alarm"" in Asia Pacific (Mumbai)",Closed,Not Violated,Critical - P1,Uptime Team,09-04-2026 03:52,4d 8h,FALSE
1150848,Alarm,"ALARM: ""ShriramInsightBrokers-Prod-OpenVPN-1b-StatusCheckFailed_Instanc..."" in Asia Pacific (Mumbai)",Closed,Not Violated,Critical - P1,Uptime Team,09-04-2026 04:02,4d 8h,FALSE
1150849,Alarm,"ALARM: ""IWMBUZZ-PROD-WPS-ADMIN-Memory-85%-#Alarm"" in Asia Pacific (Mumbai)",Closed,Not Violated,Critical - P1,Uptime Team,09-04-2026 04:10,4d 8h,FALSE
1150852,Client,Make cost optimization report- Account Name- Nanda Group (545855783993)  and attend team sync up call and make the document which We solved today for COrRS policy in sai paramount account,Closed,Not Violated,Medium - P3,-,09-04-2026 04:15,4d 8h,FALSE
1150853,Alarm,"ALARM: ""Magpet-Prod-SAP-New-Pub-NEW-CPU-85%-#Alarm"" in Asia Pacific (Mumbai)",Closed,Not Violated,Critical - P1,Uptime Team,09-04-2026 04:16,4d 8h,FALSE
1150854,Alarm,"ALARM: ""Verma-Jewellers-Prod-ERP-1b-CPU-85%-#ALARM"" in Asia Pacific (Mumbai)",Closed,Not Violated,Critical - P1,Uptime Team,09-04-2026 04:17,4d 8h,FALSE
1150855,Alarm,"ALARM: ""KhimjiJwellers-Prod-DB-1b-Memory-85%-Alarm"" in Asia Pacific (Mumbai)",Closed,Not Violated,Critical - P1,Uptime Team,09-04-2026 04:20,4d 8h,FALSE
1150856,Alarm,"ALARM: ""SoftWeb-DB-Pvt-1b-#CPUUtilization-95%-#ALARM"" in Asia Pacific (Mumbai)",Closed,Not Violated,Critical - P1,Uptime Team,09-04-2026 04:21,4d 8h,FALSE
1150857,Alarm,"ALARM: ""SoftWeb-DB-Pvt-1b-#CPUUtilization-95%-#ALARM"" in Asia Pacific (Mumbai)",Closed,Not Violated,Critical - P1,Uptime Team,09-04-2026 04:26,4d 8h,FALSE
1150858,Alarm,"Important notice about your AWS Account regarding VPN connections [AWS Account: 796973495311, VPN Connection: vpn-0b7bcd185c25ce9d5, Tunnel Outside IP: 3.108.159.48]",Closed,Not Violated,Medium - P3,Uptime Team,09-04-2026 04:26,4d 8h,FALSE
1150859,Alarm,"ALARM: ""IWMBUZZ-PROD-WPS-ADMIN-Memory-85%-#Alarm"" in Asia Pacific (Mumbai)",Closed,Not Violated,Critical - P1,Uptime Team,09-04-2026 04:31,4d 8h,FALSE
1150860,Alarm,Bankify is Up,Closed,Not Violated,-,Uptime Team,09-04-2026 04:32,4d 8h,FALSE
1150861,Alarm,Bankify is Up,Closed,Not Violated,-,Uptime Team,09-04-2026 04:32,4d 8h,FALSE
1150862,Alarm,Bankify is Up,Closed,Not Violated,-,Uptime Team,09-04-2026 04:33,4d 8h,FALSE
1150863,Alarm,Bankify is Up,Closed,Not Violated,-,Uptime Team,09-04-2026 04:33,4d 8h,FALSE
1150865,Alarm,Bankify is Up,Closed,Not Violated,-,Uptime Team,09-04-2026 04:34,4d 7h,FALSE
1150866,Alarm,Bankify 7pay is Up,Closed,Not Violated,-,Uptime Team,09-04-2026 04:34,4d 7h,FALSE
1150867,Alarm,Bankify 7pay is Up,Closed,Not Violated,-,Uptime Team,09-04-2026 04:35,4d 7h,FALSE
1150868,Alarm,Bankify 7pay is Up,Closed,Not Violated,-,Uptime Team,09-04-2026 04:35,4d 7h,FALSE
1150869,Alarm,Bankify 7pay is Up,Closed,Not Violated,-,Uptime Team,09-04-2026 04:36,4d 7h,FALSE
1150870,Alarm,"ALARM: ""Absolute-Barbeque-Prod-Hana-1b-Disk-(/)-85%#Alarm"" in Asia Pacific (Mumbai)",Closed,Not Violated,Critical - P1,Uptime Team,09-04-2026 04:40,4d 7h,FALSE
1150871,Alarm,"ALARM: ""Kims-Hospital-KSRVPRDDB-Server-2b-Memory-85%-#Alarm"" in Asia Pacific (Hyderabad)",Closed,Not Violated,-,Uptime Team,09-04-2026 04:41,4d 7h,FALSE
1150872,Alarm,"ALARM: ""Kims-Hospital-KSRVPRDDB-Server-2b-Memory-95%-#Alarm"" in Asia Pacific (Hyderabad)",Closed,Not Violated,-,Uptime Team,09-04-2026 04:41,4d 7h,FALSE
1150873,Alarm,"ALARM: ""Absolute-Barbeque-Prod-Hana-1b-Disk-(/)-95%#Alarm"" in Asia Pacific (Mumbai)",Closed,Not Violated,Critical - P1,Uptime Team,09-04-2026 04:43,4d 7h,FALSE
1150874,Alarm,Bankify is Up,Closed,Not Violated,-,Uptime Team,09-04-2026 04:43,4d 7h,FALSE
1150875,Alarm,"ALARM: ""Kims-Hospital-KSRVPRDDB-Server-2b-Memory-85%-#Alarm"" in Asia Pacific (Hyderabad)",Closed,Not Violated,-,Uptime Team,09-04-2026 04:44,4d 7h,FALSE
1150876,Alarm,"ALARM: ""Kims-Hospital-KSRVPRDDB-Server-2b-Memory-95%-#Alarm"" in Asia Pacific (Hyderabad)",Closed,Not Violated,-,Uptime Team,09-04-2026 04:44,4d 7h,FALSE
1150877,Alarm,Bankify 7pay is Up,Closed,Not Violated,-,Uptime Team,09-04-2026 04:46,4d 7h,FALSE
1150880,Alarm,"ALARM: ""Klikk CloudFront E2K7VCIMFU0J60 5xx error- #Alarm"" in US East (N. Virginia)",Closed,Not Violated,Critical - P1,Uptime Team,09-04-2026 04:52,4d 7h,FALSE
1150881,Alarm,"ALARM: ""Absolute-Barbeque-Prod-Hana-1b-MemoryUtilization-85%#Alarm"" in Asia Pacific (Mumbai)",Closed,Not Violated,Critical - P1,Uptime Team,09-04-2026 04:54,4d 7h,FALSE
1150882,Alarm,****Success : Daily Backup****KFIN-Database-Backup-Upload-Notification,Closed,Not Violated,Medium - P3,Uptime Team,09-04-2026 05:00,4d 7h,FALSE
1150883,Alarm,Arundhati Jewellers is Up,Closed,Not Violated,-,Uptime Team,09-04-2026 05:04,4d 7h,FALSE
1150884,Alarm,ATPL-JIE | https://admin-prod.jobsineducation.net/ is Down from multiple locations,Closed,Not Violated,-,Uptime Team,09-04-2026 05:05,4d 7h,FALSE
1150885,Alarm,"ALARM: ""Kims-Hospital-Prod-Web-Server-1b-CPUUtilization-85% #Alarm"" in Asia Pacific (Mumbai)",Closed,Not Violated,-,Uptime Team,09-04-2026 05:05,4d 7h,FALSE
1150886,Alarm,ATPL-JIE | https://admin-prod.jobsineducation.net/ is Up,Closed,Not Violated,-,Uptime Team,09-04-2026 05:05,4d 7h,FALSE
1150887,Alarm,"ALARM: ""softweb-srishti-rds-oracle-21c-Memory-85% #Alarm"" in Asia Pacific (Mumbai)",Closed,Not Violated,Critical - P1,Uptime Team,09-04-2026 05:07,4d 7h,FALSE
1150888,Alarm,Arundhati Jewellers is Up,Closed,Not Violated,-,Uptime Team,09-04-2026 05:10,4d 7h,FALSE
1150891,Alarm,"ALARM: ""SoftwebGloster-Prod-App-1b-CPU-85%-#Alarm"" in Asia Pacific (Mumbai)",Closed,Not Violated,Critical - P1,Uptime Team,09-04-2026 05:27,4d 7h,FALSE
1150892,Alarm,"Important notice about your AWS Account regarding VPN connections [AWS Account: 422855597339, VPN Connection: vpn-07ec927381323bc9d, Tunnel Outside IP: 54.164.88.205]",Closed,Not Violated,Medium - P3,Uptime Team,09-04-2026 05:31,4d 7h,FALSE
1150893,Alarm,"ALARM: ""anxiprodb-instace-1-new-16-01-rds#DatabaseConnections"" in Asia Pacific (Sydney)",Closed,Not Violated,Critical - P1,Uptime Team,09-04-2026 05:32,4d 7h,FALSE
1150895,Alarm,"ALARM: ""NewTownSchool_JIE-Prod-DB-1b-New-2-CPU-70%-utilized-#Alarm"" in Asia Pacific (Mumbai)",Closed,Not Violated,Critical - P1,Uptime Team,09-04-2026 05:36,4d 6h,FALSE
1150896,Alarm,"ALARM: ""Kims-Hospital-Prod-Web-Server-1b-CPUUtilization-85% #Alarm"" in Asia Pacific (Mumbai)",Closed,Not Violated,-,Uptime Team,09-04-2026 05:37,4d 6h,FALSE
1150897,Alarm,"ALARM: ""softweb-srishti-rds-oracle-21c-Memory-85% #Alarm"" in Asia Pacific (Mumbai)",Closed,Not Violated,Critical - P1,Uptime Team,09-04-2026 05:37,4d 6h,FALSE
1150898,Alarm,"ALARM: ""Kims-Hospital-Prod-Web-Server-1b-CPUUtilization-85% #Alarm"" in Asia Pacific (Mumbai)",Closed,Not Violated,-,Uptime Team,09-04-2026 05:39,4d 6h,FALSE
1150899,Alarm,"ALARM: ""Trackfour-New-Windows-Server-CPU-85%-#Alarm"" in Asia Pacific (Mumbai)",Closed,Not Violated,-,Uptime Team,09-04-2026 05:40,4d 6h,FALSE
1150900,Alarm,Bankify is Down from multiple locations,Closed,Not Violated,-,Uptime Team,09-04-2026 05:44,4d 6h,FALSE
1150901,Alarm,"ALARM: ""Kims-Hospital-Prod-Web-Server-1b-CPUUtilization-85% #Alarm"" in Asia Pacific (Mumbai)",Closed,Not Violated,-,Uptime Team,09-04-2026 05:44,4d 6h,FALSE
1150902,Alarm,Bankify is Up,Closed,Not Violated,-,Uptime Team,09-04-2026 05:44,4d 6h,FALSE
1150903,Alarm,AWS Budgets Report: Annapurna-Efimo-Budget Report,Closed,Not Violated,Medium - P3,SMB Windows Team,09-04-2026 05:45,4d 6h,FALSE
1150905,Client,[ALERT] [resolved] Bankify-PodRestart - Namespace: prod-app - Resource: Pod: od-scheduler-8498f5cd6-qd5rf ,Closed,Not Violated,Medium - P3,DevOps Team,09-04-2026 05:48,4d 6h,FALSE
1150908,Alarm,"ALARM: ""Kims-Hospital-Prod-Web-Server-1b-CPUUtilization-85% #Alarm"" in Asia Pacific (Mumbai)",Closed,Not Violated,-,Uptime Team,09-04-2026 05:56,4d 6h,FALSE
1150909,Alarm,"ALARM: ""softweb-srishti-rds-oracle-21c-Memory-85% #Alarm"" in Asia Pacific (Mumbai)",Closed,Not Violated,Critical - P1,Uptime Team,09-04-2026 05:56,4d 6h,FALSE
1150912,Alarm,"ALARM: ""SoftwebGloster-Prod-App-1b-Disk(C:)-85%-#Alarm"" in Asia Pacific (Mumbai)",Closed,Not Violated,Critical - P1,Uptime Team,09-04-2026 05:59,4d 6h,FALSE
1150913,Client,[CRITICAL][AWS CONFIG] NON_COMPLIANT - Volume - vol-03d0924c80fae8c0c,Closed,Not Violated,Medium - P3,Enterprise Linux Team,09-04-2026 06:00,4d 6h,FALSE
1150914,Client,[CRITICAL][AWS CONFIG] NON_COMPLIANT - Volume - vol-09a5fc27b658e3b94,Closed,Not Violated,Medium - P3,Enterprise Linux Team,09-04-2026 06:00,4d 6h,FALSE
1150917,Client,[CRITICAL][AWS CONFIG] NON_COMPLIANT - Volume - vol-0d53316fdcef8f4a2,Closed,Not Violated,Medium - P3,Enterprise Linux Team,09-04-2026 06:01,4d 6h,FALSE
1150921,Client,[CRITICAL][AWS CONFIG] NON_COMPLIANT - Volume - vol-0c7b30e8d6d29f558,Closed,Not Violated,Medium - P3,Enterprise Linux Team,09-04-2026 06:01,4d 6h,FALSE
1150915,Client,[CRITICAL][AWS CONFIG] NON_COMPLIANT - Volume - vol-0410dfb13ce0d2075,Closed,Not Violated,Medium - P3,Enterprise Linux Team,09-04-2026 06:01,4d 6h,FALSE
1150918,Client,[CRITICAL][AWS CONFIG] NON_COMPLIANT - Volume - vol-01dce020daf670607,Closed,Not Violated,Medium - P3,Enterprise Linux Team,09-04-2026 06:01,4d 6h,FALSE
1150919,Client,[CRITICAL][AWS CONFIG] NON_COMPLIANT - Volume - vol-09de686246d932087,Closed,Not Violated,Medium - P3,Enterprise Linux Team,09-04-2026 06:01,4d 6h,FALSE
1150916,Client,[CRITICAL][AWS CONFIG] NON_COMPLIANT - Volume - vol-09b7a1a665fd095d7,Closed,Not Violated,Medium - P3,Enterprise Linux Team,09-04-2026 06:01,4d 6h,FALSE
1150920,Client,[CRITICAL][AWS CONFIG] NON_COMPLIANT - Volume - vol-071bebcce941842ab,Closed,Not Violated,Medium - P3,Enterprise Linux Team,09-04-2026 06:01,4d 6h,FALSE
1150922,Client,[CRITICAL][AWS CONFIG] NON_COMPLIANT - Volume - vol-07e36815706842b7d,Closed,Not Violated,Medium - P3,Enterprise Linux Team,09-04-2026 06:01,4d 6h,FALSE
1150928,Client,[CRITICAL][AWS CONFIG] NON_COMPLIANT - Volume - vol-0cc139e504548f35b,Closed,Not Violated,Medium - P3,Enterprise Linux Team,09-04-2026 06:01,4d 6h,FALSE
1150927,Client,[CRITICAL][AWS CONFIG] NON_COMPLIANT - Volume - vol-0b2cd41fde1fd813d,Closed,Not Violated,Medium - P3,Enterprise Linux Team,09-04-2026 06:01,4d 6h,FALSE
1150924,Client,[CRITICAL][AWS CONFIG] NON_COMPLIANT - Volume - vol-0fa83c3ae95fc6616,Closed,Not Violated,Medium - P3,Enterprise Linux Team,09-04-2026 06:01,4d 6h,FALSE
1150926,Client,[CRITICAL][AWS CONFIG] NON_COMPLIANT - Volume - vol-0d5074c09b7e7ce5d,Closed,Not Violated,Medium - P3,Enterprise Linux Team,09-04-2026 06:01,4d 6h,FALSE
1150923,Client,[CRITICAL][AWS CONFIG] NON_COMPLIANT - Volume - vol-04b18aea7f1c41ede,Closed,Not Violated,Medium - P3,Enterprise Linux Team,09-04-2026 06:01,4d 6h,FALSE
1150925,Client,[CRITICAL][AWS CONFIG] NON_COMPLIANT - Volume - vol-090159449c75bf949,Closed,Not Violated,Medium - P3,Enterprise Linux Team,09-04-2026 06:01,4d 6h,FALSE
1150929,Client,[CRITICAL][AWS CONFIG] NON_COMPLIANT - Volume - vol-071b3a4e760fa0cb2,Closed,Not Violated,Medium - P3,Enterprise Linux Team,09-04-2026 06:01,4d 6h,FALSE
1150930,Alarm,"Important notice about your AWS Account regarding VPN connections [AWS Account: 422855597339, VPN Connection: vpn-0936e24e8de9c3f56, Tunnel Outside IP: 52.73.149.13]",Closed,Not Violated,Medium - P3,Uptime Team,09-04-2026 06:01,4d 6h,FALSE
1150931,Client,[CRITICAL][AWS CONFIG] NON_COMPLIANT - Volume - vol-059adfdf65a32b554,Closed,Not Violated,Medium - P3,Enterprise Linux Team,09-04-2026 06:01,4d 6h,FALSE
1150932,Client,[CRITICAL][AWS CONFIG] NON_COMPLIANT - Volume - vol-0056c49b07470067c,Closed,Not Violated,Medium - P3,Enterprise Linux Team,09-04-2026 06:01,4d 6h,FALSE
1150933,Alarm,Lux Industries | https://luxdms.in/promoClaims/Login is Up,Closed,Not Violated,-,Uptime Team,09-04-2026 06:02,4d 6h,FALSE
1150934,Alarm,"ALARM: ""Lux-Industries-Dev-ALB-(Prod)-UBQ-TG-3000-UnHealthyHostCount-#A..."" in Asia Pacific (Mumbai)",Closed,Not Violated,Critical - P1,Uptime Team,09-04-2026 06:04,4d 6h,FALSE
1150935,Alarm,"ALARM: ""Cron_Server-PROD-CPU-85%-#Alarm"" in Asia Pacific (Mumbai)",Closed,Not Violated,Critical - P1,Uptime Team,09-04-2026 06:06,4d 6h,FALSE
1150936,Alarm,"ALARM: ""Midland-Tableau-Prod-Server-1a_CPUUtilization_90%_#Alarm"" in Asia Pacific (Mumbai)",Closed,Not Violated,High - P2,Uptime Team,09-04-2026 06:07,4d 6h,FALSE
1150937,Alarm,"ALARM: ""Kims-Hospital-Prod-Web-Server-1b-CPUUtilization-85% #Alarm"" in Asia Pacific (Mumbai)",Closed,Not Violated,-,Uptime Team,09-04-2026 06:08,4d 6h,FALSE
1150938,Alarm,Your certificate is renewed,Closed,Not Violated,-,SMB Linux Team,09-04-2026 06:09,4d 6h,FALSE
1150939,Alarm,"ALARM: ""softweb-srishti-rds-oracle-21c-Memory-85% #Alarm"" in Asia Pacific (Mumbai)",Closed,Not Violated,Critical - P1,Uptime Team,09-04-2026 06:12,4d 6h,FALSE
1150940,Alarm,"ALARM: """"S4-LTTS-Dev-NW_PO-CPUUtilization>=80"" Asia Pacific (Mumbai)"" in Asia Pacific (Mumbai)",Closed,Not Violated,Critical - P1,Uptime Team,09-04-2026 06:16,4d 6h,FALSE
1150943,Alarm,"ALARM: ""Arundhati-Jewellers-DB-1b-Disk(/)-85%-#Alarm"" in Asia Pacific (Mumbai)",Closed,Not Violated,Critical - P1,Uptime Team,09-04-2026 06:28,4d 6h,FALSE
1150944,Alarm,"ALARM: ""Cnergee-Prod-MYSQL-1b-Memory-95%(Critical)-#Alarm"" in Asia Pacific (Mumbai)",Closed,Not Violated,-,Uptime Team,09-04-2026 06:30,4d 6h,FALSE
1150945,Alarm,"ALARM: ""SoftwebGloster-Prod-App-1b-CPU-85%-#Alarm"" in Asia Pacific (Mumbai)",Closed,Not Violated,Critical - P1,Uptime Team,09-04-2026 06:35,4d 5h,FALSE
1150948,Alarm,"ALARM: ""softweb-srishti-rds-oracle-21c-Memory-85% #Alarm"" in Asia Pacific (Mumbai)",Closed,Not Violated,Critical - P1,Uptime Team,09-04-2026 06:41,4d 5h,FALSE
1150949,Alarm,"ALARM: ""anxiprodb-instace-1-new-16-01-rds#DatabaseConnections"" in Asia Pacific (Sydney)",Closed,Not Violated,Critical - P1,Uptime Team,09-04-2026 06:54,4d 5h,FALSE
1150950,Alarm,"ALARM: ""S4-Prod-LTTS-Powai-SSC-VPN-Tunnel-2-#ALARM"" in Asia Pacific (Mumbai)",Closed,Not Violated,Critical - P1,Uptime Team,09-04-2026 06:55,4d 5h,FALSE
1150951,Alarm,"ALARM: ""softweb-srishti-rds-oracle-21c-Memory-85% #Alarm"" in Asia Pacific (Mumbai)",Closed,Not Violated,Critical - P1,Uptime Team,09-04-2026 06:55,4d 5h,FALSE
1150952,Alarm,"ALARM: ""S4-Prod-LTTS-Powai-SSC-Status-down"" in Asia Pacific (Mumbai)",Closed,Not Violated,-,Uptime Team,09-04-2026 06:56,4d 5h,FALSE
1150953,Alarm,"ALARM: ""ETEdge-TG-CDN-INSIGHTS-ET3TON8I54DZP-5xxErrorRate-Alarm"" in US East (N. Virginia)",Closed,Not Violated,Critical - P1,Uptime Team,09-04-2026 06:56,4d 5h,FALSE
1150954,Alarm,"ALARM: ""Zista-Education-Prod-App-Pvt-1b-CPU-85%-#Alarm"" in Asia Pacific (Mumbai)",Closed,Not Violated,Critical - P1,Uptime Team,09-04-2026 07:02,4d 5h,FALSE
1150955,Alarm,"ALARM: ""AMPL-eFIMO-Prod-RDB-1b-CPU-90%-#Alarm"" in Asia Pacific (Mumbai)",Closed,Not Violated,-,Uptime Team,09-04-2026 07:02,4d 5h,FALSE
1150956,Alarm,Lux Industries | https://luxind.in/login is Up,Closed,Not Violated,-,Uptime Team,09-04-2026 07:02,4d 5h,FALSE
1150957,Alarm,"ALARM: ""AMPL-eFIMO-Prod-RDB-1b-CPU-95%-#Alarm"" in Asia Pacific (Mumbai)",Closed,Not Violated,-,Uptime Team,09-04-2026 07:03,4d 5h,FALSE
1150960,Alarm,"ALARM: ""BDG-Metal-Prod-App-1b-Disk(C:)85%#Alarm"" in Asia Pacific (Mumbai)",Closed,Not Violated,High - P2,Uptime Team,09-04-2026 07:05,4d 5h,FALSE
1150961,Alarm,RICB is Up,Closed,Not Violated,-,Uptime Team,09-04-2026 07:05,4d 5h,FALSE
1150962,Alarm,"ALARM: ""SoftwebGloster-Prod-App-1b-CPU-85%-#Alarm"" in Asia Pacific (Mumbai)",Closed,Not Violated,Critical - P1,Uptime Team,09-04-2026 07:07,4d 5h,FALSE
1150963,Alarm,"ALARM: ""AMPL-eFIMO-Prod-RDB-1b-CPU-90%-#Alarm"" in Asia Pacific (Mumbai)",Closed,Not Violated,-,Uptime Team,09-04-2026 07:07,4d 5h,FALSE
1150964,Alarm,"ALARM: ""Genupathlab-ITDOSE-DB-1b-FreeSpace-Disk(D)-15%-#Alarm"" in Asia Pacific (Mumbai)",Closed,Not Violated,Critical - P1,Uptime Team,09-04-2026 07:10,4d 5h,FALSE
1150965,Alarm,"ALARM: ""Genupathlab-ITDOSE-DB-1b-FreeSpace-Disk(D)-15%-#Alarm"" in Asia Pacific (Mumbai)",Closed,Not Violated,Critical - P1,Uptime Team,09-04-2026 07:10,4d 5h,FALSE
1150966,Alarm,"ALARM: ""AMPL-eFIMO-Prod-RDB-1b-CPU-95%-#Alarm"" in Asia Pacific (Mumbai)",Closed,Not Violated,-,Uptime Team,09-04-2026 07:11,4d 5h,FALSE
1150967,Alarm,Your certificate is renewed,Closed,Not Violated,Medium - P3,SMB Linux Team,09-04-2026 07:15,4d 5h,FALSE
1150968,Alarm,In10Media is Down from multiple locations,Closed,Not Violated,-,Uptime Team,09-04-2026 07:19,4d 5h,FALSE
1150969,Alarm,In10Media is Up,Closed,Not Violated,-,Uptime Team,09-04-2026 07:20,4d 5h,FALSE
1150970,Alarm,"ALARM: ""softweb-srishti-rds-oracle-21c-Memory-85% #Alarm"" in Asia Pacific (Mumbai)",Closed,Not Violated,Critical - P1,Uptime Team,09-04-2026 07:25,4d 5h,FALSE
1150971,Alarm,"ALARM: ""IWMBUZZ-PROD-WPS-ADMIN-Memory-85%-#Alarm"" in Asia Pacific (Mumbai)",Closed,Not Violated,Critical - P1,Uptime Team,09-04-2026 07:30,4d 5h,FALSE
1150973,Alarm,"ALARM: ""doctutorials-prod-dtpdbprodserv-dbconnections-#Alarm"" in Asia Pacific (Mumbai)",Closed,Not Violated,Critical - P1,Uptime Team,09-04-2026 07:36,4d 4h,FALSE
1150974,Alarm,SAP Backup Status Report,Closed,Not Violated,Medium - P3,Enterprise Windows Team,09-04-2026 07:40,4d 4h,FALSE
1150975,Alarm,"ALARM: ""AFPL-Prod-Seceon-CCE-Pub-1b-Memory-85%-#Alarms"" in Asia Pacific (Mumbai)",Closed,Not Violated,-,Uptime Team,09-04-2026 07:42,4d 4h,FALSE
1150978,Alarm,"ALARM: ""softweb-srishti-rds-oracle-21c-Memory-85% #Alarm"" in Asia Pacific (Mumbai)",Closed,Not Violated,Critical - P1,Uptime Team,09-04-2026 07:43,4d 4h,FALSE
1150979,Client,Re: AWS Cost Management: Cost anomaly(ies) summary for account: test803 (909569945211) [2026-04-06],On Hold,Not Violated,Medium - P3,Uptime Team,09-04-2026 07:48,4d 4h,FALSE
1150980,Alarm,"ALARM: ""ETEdge-TG-Etnowgbs-cdn-ENSA4TPDNYD15-5xxErrorRate-Alarm"" in US East (N. Virginia)",Closed,Not Violated,Critical - P1,Enterprise Linux Team,09-04-2026 07:50,4d 4h,FALSE
1150981,Alarm,"ALARM: ""BB-OTxT-DRA-UAT-1b-CPU-95%-#Alarm"" in Asia Pacific (Mumbai)",Closed,Not Violated,Critical - P1,Uptime Team,09-04-2026 07:51,4d 4h,FALSE
1150982,Alarm,"ALARM: ""AMPL-eFIMO-Prod-RDB-1b-CPU-95%-#Alarm"" in Asia Pacific (Mumbai)",Closed,Not Violated,-,Uptime Team,09-04-2026 07:58,4d 4h,FALSE
1150983,Alarm,Lux Industries | https://luxindustries.co.in/luxadtracker/login is Up,Closed,Not Violated,-,Uptime Team,09-04-2026 08:01,4d 4h,FALSE
1150984,Alarm,IKF Finance is Up,Closed,Not Violated,-,Uptime Team,09-04-2026 08:02,4d 4h,FALSE
1150985,Alarm,"ALARM: ""Gemtech-SAP-B1-Server-Window-2022-CPU-85%-#Alarm"" in Asia Pacific (Mumbai)",Closed,Not Violated,Critical - P1,Uptime Team,09-04-2026 08:06,4d 4h,FALSE
1150986,Alarm,"ALARM: ""Gemtech-SAP-B1-Server-Window-2022-CPU-95%-#Alarm"" in Asia Pacific (Mumbai)",Closed,Not Violated,Critical - P1,Uptime Team,09-04-2026 08:06,4d 4h,FALSE
1150987,Alarm,"ALARM: ""AMPL-eFIMO-Prod-RDB-1b-CPU-95%-#Alarm"" in Asia Pacific (Mumbai)",Closed,Not Violated,-,Uptime Team,09-04-2026 08:09,4d 4h,FALSE
1150990,Alarm,"ALARM: ""anxiprodb-instace-1-new-16-01-rds#DatabaseConnections"" in Asia Pacific (Sydney)",Closed,Not Violated,Critical - P1,Uptime Team,09-04-2026 08:23,4d 4h,FALSE
1150991,Alarm,"ALARM: ""anxiprodb-instace-1-new-16-01-rds#DatabaseConnections"" in Asia Pacific (Sydney)",Closed,Not Violated,Critical - P1,Uptime Team,09-04-2026 08:26,4d 4h,FALSE
1150992,Alarm,"ALARM: ""AMPL-eFIMO-Prod-RDB-1b-CPU-95%-#Alarm"" in Asia Pacific (Mumbai)",Closed,Not Violated,-,Uptime Team,09-04-2026 08:27,4d 4h,FALSE
1150993,Alarm,"ALARM: ""BDG-Metal-Prod-DB-1b-Disk(D:)-90%#Alarm"" in Asia Pacific (Mumbai)",Closed,Not Violated,-,Uptime Team,09-04-2026 08:29,4d 4h,FALSE
1150994,Alarm,"Failed! Auto instance start of ""Absolute-Barbeque-Prod-VPN-1b"" | ABS",Closed,Not Violated,Medium - P3,Uptime Team,09-04-2026 08:30,4d 4h,FALSE
1150995,Alarm,"Failed! Auto instance start of ""Absolute-Barbeque-Prod-SAPB1-1b"" | ABS",Closed,Not Violated,Medium - P3,Uptime Team,09-04-2026 08:30,4d 4h,FALSE
1150997,Client,[CRITICAL][AWS CONFIG] NON_COMPLIANT - Volume - vol-0fa83c3ae95fc6616,Closed,Not Violated,Medium - P3,Uptime Team,09-04-2026 08:34,4d 3h,FALSE
1150998,Client,[CRITICAL][AWS CONFIG] NON_COMPLIANT - Volume - vol-0056c49b07470067c,Closed,Not Violated,Medium - P3,Uptime Team,09-04-2026 08:34,4d 3h,FALSE
1150999,Client,[CRITICAL][AWS CONFIG] NON_COMPLIANT - Volume - vol-0056c49b07470067c,Closed,Not Violated,Medium - P3,Uptime Team,09-04-2026 08:34,4d 3h,FALSE
1151000,Client,[CRITICAL][AWS CONFIG] NON_COMPLIANT - Volume - vol-0fa83c3ae95fc6616,Closed,Not Violated,Medium - P3,Uptime Team,09-04-2026 08:34,4d 3h,FALSE
1151001,Alarm,"ALARM: ""SkipperLimited-Prod-DB-1a-CPU-90%-#Alarm"" in Asia Pacific (Mumbai)",Closed,Not Violated,Critical - P1,Uptime Team,09-04-2026 08:41,4d 3h,FALSE
1151002,Alarm,CTVN | https://akdparivar.com/newhome.php is Down from multiple locations,Closed,Not Violated,-,Enterprise Linux Team,09-04-2026 08:45,4d 3h,FALSE
1151003,Alarm,"ALARM: ""MK-Agro-PRD-SSFA-DBP-01-CPU-85%-#Alarm"" in Asia Pacific (Mumbai)",Closed,Not Violated,Critical - P1,Uptime Team,09-04-2026 08:50,4d 3h,FALSE
1151005,Alarm,"ALARM: ""Kims-Hospital-KSRVPRDDB-Server-2b-Memory-90%-#Alarm"" in Asia Pacific (Hyderabad)",Closed,Not Violated,-,Uptime Team,09-04-2026 09:00,4d 3h,FALSE
1151006,Alarm,AWS Notification Message,Closed,Not Violated,Medium - P3,Uptime Team,09-04-2026 09:00,4d 3h,FALSE
1151007,Alarm,AWS Notification Message,Closed,Not Violated,Medium - P3,Uptime Team,09-04-2026 09:00,4d 3h,FALSE
1151008,Alarm,AWS Notification Message,Closed,Not Violated,Medium - P3,Uptime Team,09-04-2026 09:00,4d 3h,FALSE
1151009,Alarm,CTVN | https://akdparivar.com/newhome.php is Up,Closed,Not Violated,-,Uptime Team,09-04-2026 09:00,4d 3h,FALSE
1151010,Alarm,"ALARM: ""HoiChoi-x-CWM-x-ProdRevAmp-hoichoi-aws-aps1-prod-ecs-hoichoi-th..."" in Asia Pacific (Mumbai)",Closed,Not Violated,Critical - P1,Uptime Team,09-04-2026 09:01,4d 3h,FALSE
1151013,Alarm,"Important notice about your AWS Account regarding VPN connections [AWS Account: 585879808086, VPN Connection: vpn-02df03984fd37fac4, Tunnel Outside IP: 3.111.66.76]",Closed,Not Violated,Medium - P3,Uptime Team,09-04-2026 09:02,4d 3h,FALSE
1151014,Alarm,"ALARM: ""LuxIndustries-Prod-BotSrv-1b-Disk-D:-85%-#Alarm"" in Asia Pacific (Mumbai)",Closed,Not Violated,Critical - P1,Uptime Team,09-04-2026 09:02,4d 3h,FALSE
1151015,Alarm,Shifa Hospitals is Up,Closed,Not Violated,-,Uptime Team,09-04-2026 09:03,4d 3h,FALSE
1151016,Alarm,"ALARM: ""anxiprodb-instace-1-new-16-01-rds#DatabaseConnections"" in Asia Pacific (Sydney)",Closed,Not Violated,Critical - P1,Uptime Team,09-04-2026 09:11,4d 3h,FALSE
1151017,Alarm,"ALARM: ""softweb-srishti-rds-oracle-21c-Memory-85% #Alarm"" in Asia Pacific (Mumbai)",Closed,Not Violated,Critical - P1,Uptime Team,09-04-2026 09:12,4d 3h,FALSE
1151018,Alarm,"ALARM: ""hoichoi-aws-aps1-prod-ecs-hoichoi-backend_high_memory_util_alarm"" in Asia Pacific (Mumbai)",Closed,Not Violated,Critical - P1,Uptime Team,09-04-2026 09:12,4d 3h,FALSE
1151019,Alarm,"ALARM: ""anxiprodb-instace-1-new-16-01-rds#DatabaseConnections"" in Asia Pacific (Sydney)",Closed,Not Violated,Critical - P1,Uptime Team,09-04-2026 09:15,4d 3h,FALSE
1151020,Alarm,"Important notice about your AWS Account regarding VPN connections [AWS Account: 415348423851, VPN Connection: vpn-0ec79661157b97305, Tunnel Outside IP: 3.6.129.11]",Closed,Not Violated,Medium - P3,Uptime Team,09-04-2026 09:17,4d 3h,FALSE
1151021,Alarm,"ALARM: ""Ajmera-Prod-SAPB1-1b-Disk(C:)-90%Alarm"" in Asia Pacific (Mumbai)",Closed,Not Violated,Critical - P1,Uptime Team,09-04-2026 09:17,4d 3h,FALSE
1151022,Alarm,"ALARM: ""kfinpwm-hex-prod-rds-Low-FreeableMemory-15%-#Alarm"" in Asia Pacific (Mumbai)",Closed,Not Violated,Critical - P1,Uptime Team,09-04-2026 09:18,4d 3h,FALSE
1151023,Alarm,"ALARM: ""kfinpwm-hex-prod-rds-Low-FreeableMemory-15%-#Alarm"" in Asia Pacific (Mumbai)",Closed,Not Violated,Critical - P1,Uptime Team,09-04-2026 09:18,4d 3h,FALSE
1151024,Alarm,"ALARM: ""Kims-Hospital-KSRVPRDDB-Server-2b-Memory-90%-#Alarm"" in Asia Pacific (Hyderabad)",Closed,Not Violated,-,Uptime Team,09-04-2026 09:20,4d 3h,FALSE
1151025,Alarm,"ALARM: ""softweb-srishti-rds-oracle-21c-Memory-85% #Alarm"" in Asia Pacific (Mumbai)",Closed,Not Violated,Critical - P1,Uptime Team,09-04-2026 09:21,4d 3h,FALSE
1151026,Alarm,"ALARM: ""SoftWeb-DB-Pvt-1b-#CPUUtilization-95%-#ALARM"" in Asia Pacific (Mumbai)",Closed,Not Violated,-,Uptime Team,09-04-2026 09:21,4d 3h,FALSE
1151027,Alarm,"ALARM: ""MK-Agro-PRD-SSFA-DBP-01-CPU-85%-#Alarm"" in Asia Pacific (Mumbai)",Closed,Not Violated,Critical - P1,Uptime Team,09-04-2026 09:23,4d 3h,FALSE
1151029,Alarm,"ALARM: ""softweb-srishti-rds-oracle-21c-Memory-85% #Alarm"" in Asia Pacific (Mumbai)",Closed,Not Violated,Critical - P1,Uptime Team,09-04-2026 09:27,4d 3h,FALSE
1151030,Alarm,"ALARM: ""MK-Agro-PRD-SSFA-DBP-01-CPU-85%-#Alarm"" in Asia Pacific (Mumbai)",Closed,Not Violated,Critical - P1,Uptime Team,09-04-2026 09:30,4d 3h,FALSE
1151031,Alarm,"ALARM: ""ABM-Technomatrix-Prod-Web/DB-1a-New-Disk(C)-85%-#Alarm"" in Asia Pacific (Mumbai)",Closed,Not Violated,Critical - P1,Uptime Team,09-04-2026 09:34,4d 2h,FALSE
1151032,Alarm,"ALARM: ""Magpet-Prod-SAP-New-Pub-NEW-DISK(C:)-85%-ALARM"" in Asia Pacific (Mumbai)",Awaiting Customer Response,Not Violated,-,SMB Windows Team,09-04-2026 09:34,4d 2h,FALSE
1151033,Alarm,"ALARM: ""ABM-Technomatrix-Prod-Web/DB-1a-New-Disk(C)-85%-#Alarm"" in Asia Pacific (Mumbai)",Closed,Not Violated,Critical - P1,Uptime Team,09-04-2026 09:35,4d 2h,FALSE
1151034,Alarm,"ALARM: ""AFPL-Prod-Seceon-CCE-Pub-1b-Memory-85%-#Alarms"" in Asia Pacific (Mumbai)",Closed,Not Violated,-,Uptime Team,09-04-2026 09:43,4d 2h,FALSE
1151036,Client,RDP server 10.1.10.34,Closed,Not Violated,Medium - P3,Enterprise Linux Team,09-04-2026 09:44,4d 2h,FALSE
1151037,Alarm,"ALARM: ""Dev_DevOps_test-Prod-Memory-85%#Alarm"" in Asia Pacific (Mumbai)",Closed,Not Violated,Critical - P1,Uptime Team,09-04-2026 09:46,4d 2h,FALSE
1151038,Alarm,Argus News is Down from multiple locations,Closed,Not Violated,-,Uptime Team,09-04-2026 09:50,4d 2h,FALSE
1151039,Alarm,Argus News is Up,Closed,Not Violated,-,Uptime Team,09-04-2026 09:50,4d 2h,FALSE
1151040,Alarm,"ALARM: ""AMPL-eFIMO-Prod-RDB-1b-CPU-90%-#Alarm"" in Asia Pacific (Mumbai)",Closed,Not Violated,-,Uptime Team,09-04-2026 09:51,4d 2h,FALSE
1151041,Alarm,"ALARM: ""AMPL-eFIMO-Prod-RDB-1b-CPU-95%-#Alarm"" in Asia Pacific (Mumbai)",Closed,Not Violated,-,Uptime Team,09-04-2026 09:55,4d 2h,FALSE
1151043,Alarm,"ALARM: ""KhimjiJwellers-ERP-App+MSSQLDB-Server-1b-CPU-85%-#Alarm"" in Asia Pacific (Mumbai)",Closed,Not Violated,Critical - P1,Uptime Team,09-04-2026 09:56,4d 2h,FALSE
1151044,Alarm,"ALARM: ""Bazoki-Prod-DB-1b-CPU-85%-#Alarm"" in Asia Pacific (Mumbai)",Closed,Not Violated,Critical - P1,Uptime Team,09-04-2026 09:56,4d 2h,FALSE
1151045,Alarm,"ALARM: ""KhimjiJwellers-ERP-App+MSSQLDB-Server-1b-CPU-95%-#Alarm"" in Asia Pacific (Mumbai)",Closed,Not Violated,-,Uptime Team,09-04-2026 09:57,4d 2h,FALSE
1151046,Alarm,"ALARM: ""ARS-Steels-Prod-APP-1a-CPU-95%-#Alarm"" in Asia Pacific (Mumbai)",Closed,Not Violated,-,Uptime Team,09-04-2026 09:57,4d 2h,FALSE
1151047,Client,S4 to Data lake Connection Issue ,Closed,Not Violated,Medium - P3,Enterprise Linux Team,09-04-2026 09:57,4d 2h,FALSE
1151048,Alarm,"ALARM: ""SkipperLimited-Prod-DB-1a-CPU-90%-#Alarm"" in Asia Pacific (Mumbai)",Closed,Not Violated,Critical - P1,Uptime Team,09-04-2026 10:01,4d 2h,FALSE
1151049,Alarm,"ALARM: ""Bazoki-Prod-DB-1b-CPU-85%-#Alarm"" in Asia Pacific (Mumbai)",Closed,Not Violated,Critical - P1,Uptime Team,09-04-2026 10:01,4d 2h,FALSE
1151050,Alarm,"ALARM: ""ARS-Steels-Prod-APP-1a-CPU-95%-#Alarm"" in Asia Pacific (Mumbai)",Closed,Not Violated,-,Uptime Team,09-04-2026 10:02,4d 2h,FALSE
1151051,Alarm,"ALARM: ""AMPL-eFIMO-Prod-RDB-1b-CPU-90%-#Alarm"" in Asia Pacific (Mumbai)",Closed,Not Violated,-,Uptime Team,09-04-2026 10:02,4d 2h,FALSE
1151052,Alarm,"ALARM: ""SkipperLimited-Prod-DB-1a-CPU-95%(Critical)-#Alarm"" in Asia Pacific (Mumbai)",Closed,Not Violated,Critical - P1,Uptime Team,09-04-2026 10:03,4d 2h,FALSE
1151054,Client,Including Abheet on emails,Closed,Not Violated,Medium - P3,DevOps Team,09-04-2026 10:06,4d 2h,FALSE
1151055,Alarm,"ALARM: ""ARS-Steels-Prod-APP-1a-CPU-90%-#Alarm"" in Asia Pacific (Mumbai)",Closed,Not Violated,-,Uptime Team,09-04-2026 10:07,4d 2h,FALSE
1151056,Alarm,"ALARM: ""ORFIL-orfil-db-report-PROD-RDS-CPU-Alert"" in Asia Pacific (Mumbai)",Closed,Not Violated,Critical - P1,Uptime Team,09-04-2026 10:08,4d 2h,FALSE
1151057,Alarm,"ALARM: ""ORFIL-orfil-db-report-PROD-RDS-CPU-Alert"" in Asia Pacific (Mumbai)",Closed,Not Violated,-,Uptime Team,09-04-2026 10:08,4d 2h,FALSE
1151058,Alarm,"ALARM: ""sepl-prod-mysql-RDS-DBconnections-200-#Alarm"" in Asia Pacific (Mumbai)",Closed,Not Violated,-,Uptime Team,09-04-2026 10:08,4d 2h,FALSE
1151059,Alarm,"Important notice about your AWS Account regarding VPN connections [AWS Account: 119841209825, VPN Connection: vpn-0b18b0a95d7ebb0c8, Tunnel Outside IP: 18.60.2.70]",Closed,Not Violated,Medium - P3,Uptime Team,09-04-2026 10:09,4d 2h,FALSE
1151060,Alarm,"ALARM: ""AMPL-eFIMO-Prod-RDB-1b-CPU-90%-#Alarm"" in Asia Pacific (Mumbai)",Closed,Not Violated,-,Uptime Team,09-04-2026 10:09,4d 2h,FALSE
1151061,Alarm,"ALARM: ""softweb-srishti-rds-oracle-21c-Memory-85% #Alarm"" in Asia Pacific (Mumbai)",Closed,Not Violated,Critical - P1,Uptime Team,09-04-2026 10:10,4d 2h,FALSE
1151062,Alarm,"ALARM: ""S4-BXSLT-Prod-Disk-/sybase-85%#ALARM"" in Asia Pacific (Mumbai)",Closed,Not Violated,Critical - P1,Enterprise Linux Team,09-04-2026 10:10,4d 2h,FALSE
1151063,Alarm,"ALARM: ""GangesJute-Prod-App-1b-New-CPU-85%-#Alarm"" in Asia Pacific (Mumbai)",Closed,Not Violated,Critical - P1,Uptime Team,09-04-2026 10:11,4d 2h,FALSE
1151064,Alarm,"ALARM: ""AMPL-eFIMO-Prod-RDB-1b-CPU-90%-#Alarm"" in Asia Pacific (Mumbai)",Closed,Not Violated,-,Uptime Team,09-04-2026 10:12,4d 2h,FALSE
1151065,Alarm,"ALARM: ""kfinpwm-hex-prod-rds-Low-FreeableMemory-15%-#Alarm"" in Asia Pacific (Mumbai)",Closed,Not Violated,Critical - P1,Uptime Team,09-04-2026 10:12,4d 2h,FALSE
1151066,Alarm,"ALARM: ""kfinpwm-hex-prod-rds-Low-FreeableMemory-15%-#Alarm"" in Asia Pacific (Mumbai)",Closed,Not Violated,Critical - P1,Uptime Team,09-04-2026 10:12,4d 2h,FALSE
1151068,Alarm,"ALARM: ""ORFIL-orfil-db-report-PROD-RDS-CPU-Alert"" in Asia Pacific (Mumbai)",Closed,Not Violated,Critical - P1,Uptime Team,09-04-2026 10:13,4d 2h,FALSE
1151067,Alarm,"ALARM: ""ORFIL-orfil-db-report-PROD-RDS-CPU-Alert"" in Asia Pacific (Mumbai)",Closed,Not Violated,-,Uptime Team,09-04-2026 10:13,4d 2h,FALSE
1151069,Alarm,"ALARM: ""AMPL-eFIMO-Prod-RDB-1b-CPU-95%-#Alarm"" in Asia Pacific (Mumbai)",Closed,Not Violated,-,Uptime Team,09-04-2026 10:16,4d 2h,FALSE
1151070,Alarm,"ALARM: ""sepl-prod-mysql-RDS-DBconnections-200-#Alarm"" in Asia Pacific (Mumbai)",Closed,Not Violated,-,Uptime Team,09-04-2026 10:18,4d 2h,FALSE
1151071,Alarm,"ALARM: ""ARS-Steels-Prod-APP-1a-CPU-90%-#Alarm"" in Asia Pacific (Mumbai)",Closed,Not Violated,-,Uptime Team,09-04-2026 10:21,4d 2h,FALSE
1151072,Alarm,"ALARM: ""ARS-Steels-Prod-APP-1a-CPU-95%-#Alarm"" in Asia Pacific (Mumbai)",Closed,Not Violated,-,Uptime Team,09-04-2026 10:22,4d 2h,FALSE
1151073,Alarm,"ALARM: ""Trackfour-New-Windows-Server-CPU-85%-#Alarm"" in Asia Pacific (Mumbai)",Closed,Not Violated,-,Uptime Team,09-04-2026 10:26,4d 2h,FALSE
1151074,Alarm,"ALARM: ""AFPL-Prod-Seceon-CCE-Pub-1b-Memory-85%-#Alarms"" in Asia Pacific (Mumbai)",Closed,Not Violated,-,Uptime Team,09-04-2026 10:31,4d 2h,FALSE
1151076,Alarm,"ALARM: ""KhimjiJwellers-ERP-App+MSSQLDB-Server-1b-CPU-85%-#Alarm"" in Asia Pacific (Mumbai)",Closed,Not Violated,-,Uptime Team,09-04-2026 10:31,4d 2h,FALSE
1151077,Alarm,"ALARM: ""KhimjiJwellers-ERP-App+MSSQLDB-Server-1b-CPU-95%-#Alarm"" in Asia Pacific (Mumbai)",Closed,Not Violated,-,Uptime Team,09-04-2026 10:32,4d 2h,FALSE
1151078,Alarm,"ALARM: ""BDG-Metal-Prod-DB-1b-C.P.U-85%#Alarm"" in Asia Pacific (Mumbai)",Closed,Not Violated,-,Uptime Team,09-04-2026 10:32,4d 2h,FALSE
1151079,Alarm,"ALARM: ""ARS-Steels-Prod-APP-1a-CPU-95%-#Alarm"" in Asia Pacific (Mumbai)",Closed,Not Violated,-,Uptime Team,09-04-2026 10:32,4d 2h,FALSE
1151080,Client,FW: Issue in ERP -(Branch ERP),Awaiting Customer Response,Not Violated,Medium - P3,SMB Linux Team,09-04-2026 10:36,4d 1h,FALSE
1151081,Client,AWS Cost Management: Cost anomaly detected on 2026-04-09T04:48:27.02237243Z,Closed,Not Violated,Medium - P3,SMB Linux Team,09-04-2026 10:37,4d 1h,FALSE
1151082,Alarm,"ALARM: ""IWMBUZZ-PROD-WPS-ADMIN-Memory-85%-#Alarm"" in Asia Pacific (Mumbai)",Closed,Not Violated,Critical - P1,Uptime Team,09-04-2026 10:38,4d 1h,FALSE
1151083,Alarm,"ALARM: ""AMPL-eFIMO-Prod-DB1-1b-CPU-90%-#Alarm"" in Asia Pacific (Mumbai)",Closed,Not Violated,-,Uptime Team,09-04-2026 10:46,4d 1h,FALSE
1151084,Alarm,"ALARM: ""ARS-Steels-Prod-APP-1a-CPU-95%-#Alarm"" in Asia Pacific (Mumbai)",Closed,Not Violated,-,Uptime Team,09-04-2026 10:48,4d 1h,FALSE
1151085,Alarm,"ALARM: ""AMPL-eFIMO-Prod-DB1-1b-CPU-95%-#Alarm"" in Asia Pacific (Mumbai)",Closed,Not Violated,-,Uptime Team,09-04-2026 10:49,4d 1h,FALSE
1151086,Alarm,"ALARM: ""ETEdge-TG-CDN-ASG-E335QIABR4R65K-5xxErrorRate-Alarm"" in US East (N. Virginia)",Closed,Not Violated,Critical - P1,Uptime Team,09-04-2026 10:49,4d 1h,FALSE
1151087,Alarm,Gabriels Technology is Down from multiple locations,Closed,Not Violated,-,Uptime Team,09-04-2026 10:50,4d 1h,FALSE
1151088,Alarm,"ALARM: ""AMPL-eFIMO-Prod-RDB-1b-CPU-90%-#Alarm"" in Asia Pacific (Mumbai)",Closed,Not Violated,-,Uptime Team,09-04-2026 10:51,4d 1h,FALSE
1151089,Alarm,"ALARM: ""Verma-Jewellers-TG-UnhealthyHostCount-#ALARM"" in Asia Pacific (Mumbai)",Closed,Not Violated,Critical - P1,Uptime Team,09-04-2026 10:51,4d 1h,FALSE
1151090,Alarm,"ALARM: ""BDG-Metal-Prod-App-1b-C.P.U-85%#Alarm"" in Asia Pacific (Mumbai)",Closed,Not Violated,High - P2,Uptime Team,09-04-2026 10:51,4d 1h,FALSE
1151091,Alarm,"ALARM: ""Verma-Jewellers-8443-TG-UnhealthyHostCount-#ALARM"" in Asia Pacific (Mumbai)",Closed,Not Violated,Critical - P1,Uptime Team,09-04-2026 10:52,4d 1h,FALSE
1151092,Alarm,"ALARM: ""ARS-Steels-Prod-APP-1a-CPU-90%-#Alarm"" in Asia Pacific (Mumbai)",Closed,Not Violated,-,Uptime Team,09-04-2026 10:52,4d 1h,FALSE
1151093,Alarm,"ALARM: ""kims-app-db1-CPU-90%-#Alarm"" in Asia Pacific (Hyderabad)",Closed,Not Violated,Critical - P1,Uptime Team,09-04-2026 10:55,4d 1h,FALSE
1151094,Alarm,"ALARM: ""GnsqGlobal-Prod-APP-DB-Server-1b-CPU-Utilization-95% #Alarm"" in Asia Pacific (Mumbai)",Closed,Not Violated,-,Uptime Team,09-04-2026 10:58,4d 1h,FALSE
1151095,Client,Re : Request for PSM - UAT Start (Hyderabad Location),Closed,Not Violated,Medium - P3,Uptime Team,09-04-2026 10:58,4d 1h,FALSE
1151096,Client,Re: System Slowness Analysis and Recommendations,Closed,Not Violated,Medium - P3,Enterprise Windows Team,09-04-2026 10:59,4d 1h,FALSE
1151097,Alarm,Gabriels Technology is Up,Closed,Not Violated,-,Uptime Team,09-04-2026 11:01,4d 1h,FALSE
1151098,Alarm,"ALARM: ""kims-app-db1-CPU-90%-#Alarm"" in Asia Pacific (Hyderabad)",Closed,Not Violated,Critical - P1,Uptime Team,09-04-2026 11:04,4d 1h,FALSE
1151099,Alarm,"ALARM: ""GangesJute-Prod-App-1b-New-CPU-85%-#Alarm"" in Asia Pacific (Mumbai)",Closed,Not Violated,Critical - P1,Uptime Team,09-04-2026 11:06,4d 1h,FALSE
1151100,Alarm,Logistos | https://admin.logistos.in/staff is Down from multiple locations,Closed,Not Violated,-,Enterprise Linux Team,09-04-2026 11:09,4d 1h,FALSE
1151101,Alarm,"ALARM: ""Innovel-Tally-server-Pub-1b-cpu-85%-alarm"" in Asia Pacific (Mumbai)",Closed,Not Violated,-,Uptime Team,09-04-2026 11:09,4d 1h,FALSE
1151102,Alarm,Logistos | https://admin.logistos.in/staff is Up,Closed,Not Violated,-,Uptime Team,09-04-2026 11:10,4d 1h,FALSE
1151103,Alarm,"ALARM: ""KFIN-AIF-Dezerv-PMS-PROD-1b-CPU-85%-#Alarm"" in Asia Pacific (Mumbai)",Closed,Not Violated,Critical - P1,Uptime Team,09-04-2026 11:11,4d 1h,FALSE
1151104,Alarm,"ALARM: ""AMPL-eFIMO-Prod-RDB-1b-CPU-90%-#Alarm"" in Asia Pacific (Mumbai)",Closed,Not Violated,-,Uptime Team,09-04-2026 11:12,4d 1h,FALSE
1151105,Client,Re:Request for ATU Grafana Access (DEV/UAT),Closed,Not Violated,Medium - P3,DevOps Team,09-04-2026 11:14,4d 1h,FALSE
1151106,Alarm,Logistos | https://admin.logistos.in/staff is Down from multiple locations,Closed,Not Violated,-,Uptime Team,09-04-2026 11:16,4d 1h,FALSE
1151107,Alarm,Logistos | https://admin.logistos.in/staff is Up,Closed,Not Violated,-,Uptime Team,09-04-2026 11:21,4d 1h,FALSE
1151108,Alarm,Gabriels Technology is Down from multiple locations,Closed,Not Violated,Medium - P3,Uptime Team,09-04-2026 11:23,4d 1h,FALSE
1151109,Client,Workmates Backup - No successful backups reminder,Closed,Not Violated,Medium - P3,SMB Linux Team,09-04-2026 11:23,4d 1h,FALSE
1151110,Alarm,Gabriels Technology is Up,Closed,Not Violated,-,Uptime Team,09-04-2026 11:23,4d 1h,FALSE
1151111,Alarm,"ALARM: ""BDG-Metal-Prod-App-1b-C.P.U-85%#Alarm"" in Asia Pacific (Mumbai)",Closed,Not Violated,High - P2,Uptime Team,09-04-2026 11:23,4d 1h,FALSE
1151112,Alarm,"ALARM: ""KFIN-AIF-Prod-Bandhan-1b-DiskUtilization-85%-Alarm"" in Asia Pacific (Mumbai)",Closed,Not Violated,Critical - P1,Uptime Team,09-04-2026 11:24,4d 1h,FALSE
1151113,Alarm,In10Media is Down from multiple locations,Closed,Not Violated,-,Uptime Team,09-04-2026 11:26,4d 1h,FALSE
1151114,Alarm,In10Media is Up,Closed,Not Violated,-,Uptime Team,09-04-2026 11:26,4d 1h,FALSE
1151116,Alarm,"ALARM: ""ARS-Steels-Prod-APP-1a-CPU-95%-#Alarm"" in Asia Pacific (Mumbai)",Closed,Not Violated,-,Uptime Team,09-04-2026 11:28,4d 1h,FALSE
1151117,Alarm,"ALARM: ""kfintech-arim-rds-uat-free_memory-15%-#Alarm"" in Asia Pacific (Malaysia)",Closed,Not Violated,Critical - P1,Uptime Team,09-04-2026 11:29,4d 1h,FALSE
1151118,Client,PHP upgrade LOS,On Hold,Not Violated,Medium - P3,SMB Linux Team,09-04-2026 11:30,4d 1h,FALSE
1151119,Alarm,"ALARM: ""AMPL-eFIMO-Prod-RDB-1b-CPU-95%-#Alarm"" in Asia Pacific (Mumbai)",Closed,Not Violated,-,Uptime Team,09-04-2026 11:31,4d 1h,FALSE
1151120,Alarm,"ALARM: ""AMPL-eFIMO-Prod-RDB-1b-CPU-90%-#Alarm"" in Asia Pacific (Mumbai)",Closed,Not Violated,-,Uptime Team,09-04-2026 11:31,4d 1h,FALSE
1151122,Alarm,"ALARM: ""ARS-Steels-Prod-APP-1a-CPU-90%-#Alarm"" in Asia Pacific (Mumbai)",Closed,Not Violated,-,Uptime Team,09-04-2026 11:32,4d 1h,FALSE
1151123,Client,AWS Cost Management: Cost anomaly detected on 2026-04-09T05:48:58.66981648Z,Closed,Not Violated,Medium - P3,Enterprise Windows Team,09-04-2026 11:33,4d 1h,FALSE
1151124,Alarm,"ALARM: ""AMPL-eFIMO-Prod-RDB-1b-CPU-95%-#Alarm"" in Asia Pacific (Mumbai)",Closed,Not Violated,-,Uptime Team,09-04-2026 11:33,4d 1h,FALSE
1151126,Alarm,"ALARM: ""AMPL-eFIMO-Prod-RDB-1b-CPU-95%-#Alarm"" in Asia Pacific (Mumbai)",Closed,Not Violated,-,Uptime Team,09-04-2026 11:37,4d 0h,FALSE
1151127,Alarm,"ALARM: ""Kims-Hospital-KSRVPRDDB-Server-2b-Memory-90%-#Alarm"" in Asia Pacific (Hyderabad)",Closed,Not Violated,-,Uptime Team,09-04-2026 11:39,4d 0h,FALSE
1151128,Client,Price Comparison Sheet – AMD vs Intel Server,Awaiting Customer Response,Not Violated,Medium - P3,SMB Windows Team,09-04-2026 11:41,4d 0h,FALSE
1151129,Alarm,"ALARM: ""PragtiMilk-Prod-Web-1b-CPU-85%-#Alarm"" in Asia Pacific (Mumbai)",Closed,Not Violated,-,Uptime Team,09-04-2026 11:41,4d 0h,FALSE
1151130,Alarm,"ALARM: ""BDG-Metal-Prod-App-1b-C.P.U-85%#Alarm"" in Asia Pacific (Mumbai)",Closed,Not Violated,High - P2,Uptime Team,09-04-2026 11:41,4d 0h,FALSE
1151131,Alarm,Argus News is Down from multiple locations,Closed,Not Violated,-,Uptime Team,09-04-2026 11:43,4d 0h,FALSE
1151132,Client,Re: Invitation to SFTP Configer accepted by varsha.s@cloudworkmates.com,Closed,Not Violated,Medium - P3,Enterprise Linux Team,09-04-2026 11:44,4d 0h,FALSE
1151133,Alarm,Argus News is Up,Closed,Not Violated,-,Uptime Team,09-04-2026 11:45,4d 0h,FALSE
1151134,Alarm,"ALARM: ""SoftWeb-App-pub-server-1b-#CPUUtilization-90%-#ALARM"" in Asia Pacific (Mumbai)",Closed,Not Violated,High - P2,Uptime Team,09-04-2026 11:46,4d 0h,FALSE
1151135,Alarm,"ALARM: ""GnsqGlobal-Prod-APP-DB-Server-1b-CPU-Utilization-95% #Alarm"" in Asia Pacific (Mumbai)",Closed,Not Violated,-,Uptime Team,09-04-2026 11:47,4d 0h,FALSE
1151136,Alarm,"ALARM: ""ETEdge-TG-CDN-INSIGHTS-ET3TON8I54DZP-5xxErrorRate-Alarm"" in US East (N. Virginia)",Closed,Not Violated,Critical - P1,Uptime Team,09-04-2026 11:48,4d 0h,FALSE
1151139,Alarm,AWS Cost Management: Cost anomaly detected on 2026-04-09T06:14:54.719161035Z,Closed,Not Violated,Medium - P3,Enterprise Windows Team,09-04-2026 11:56,4d 0h,FALSE
1151140,Alarm,AWS Cost Management: Cost anomaly detected on 2026-04-09T06:15:03.245864292Z,Closed,Not Violated,Medium - P3,Enterprise Windows Team,09-04-2026 11:56,4d 0h,FALSE
1151141,Alarm,"ALARM: ""GnsqGlobal-Prod-APP-DB-Server-1b-CPU-Utilization-95% #Alarm"" in Asia Pacific (Mumbai)",Closed,Not Violated,-,Uptime Team,09-04-2026 11:57,4d 0h,FALSE
1151142,Alarm,"ALARM: ""BiharVegFed-Prod-DB-1b-18-CPU-85%-#Alarm"" in Asia Pacific (Mumbai)",Closed,Not Violated,Critical - P1,Uptime Team,09-04-2026 11:57,4d 0h,FALSE
1151143,Alarm,"ALARM: ""Kims-Hospital-Prod-Web-Server-1b-CPUUtilization-85% #Alarm"" in Asia Pacific (Mumbai)",Closed,Not Violated,-,Uptime Team,09-04-2026 11:57,4d 0h,FALSE
1151144,Alarm,"ALARM: ""Anxilla-Prod-Jenkins-1b-CPU-85%-#Alarm"" in Asia Pacific (Singapore)",Closed,Not Violated,Critical - P1,Uptime Team,09-04-2026 11:57,4d 0h,FALSE
1151145,Alarm,"ALARM: ""Ankura-Hospitals-Prod-SAPB1-1b-CPU-85%#Alarm"" in Asia Pacific (Mumbai)",Closed,Not Violated,Critical - P1,Uptime Team,09-04-2026 12:01,4d 0h,FALSE
1151146,Client,[Case 177501232800974] New correspondence added,Closed,Not Violated,Medium - P3,Uptime Team,09-04-2026 12:02,4d 0h,FALSE
1151147,Alarm,"ALARM: ""ARS-Steels-Prod-APP-1a-CPU-90%-#Alarm"" in Asia Pacific (Mumbai)",Closed,Not Violated,-,Uptime Team,09-04-2026 12:04,4d 0h,FALSE
1151148,Alarm,"ALARM: ""Gemtech-SAP-B1-Server-Window-2022-CPU-85%-#Alarm"" in Asia Pacific (Mumbai)",Closed,Not Violated,Critical - P1,Uptime Team,09-04-2026 12:05,4d 0h,FALSE
1151149,Alarm,"ALARM: ""Arukus-UAT-MySQL-DB-CPU-85%-#Alarm"" in Asia Pacific (Mumbai)",Closed,Not Violated,Critical - P1,Uptime Team,09-04-2026 12:06,4d 0h,FALSE
1151150,Client,Fwd: Pending Deployment Issue – SSL Certificate Error,Awaiting Customer Response,Not Violated,Medium - P3,SMB Linux Team,09-04-2026 12:07,4d 0h,FALSE
1151151,Alarm,Argus News is Down from multiple locations,Closed,Not Violated,-,Uptime Team,09-04-2026 12:08,4d 0h,FALSE
1151152,Alarm,"ALARM: ""softweb-srishti-rds-oracle-21c-Memory-85% #Alarm"" in Asia Pacific (Mumbai)",Closed,Not Violated,Critical - P1,Uptime Team,09-04-2026 12:08,4d 0h,FALSE
1151153,Alarm,Argus News is Up,Closed,Not Violated,-,Uptime Team,09-04-2026 12:09,4d 0h,FALSE
1151154,Alarm,"ALARM: ""Midland-Tableau-Prod-Server-1a-Disk(Root)-85%-#Alarm"" in Asia Pacific (Mumbai)",Closed,Not Violated,-,Uptime Team,09-04-2026 12:09,4d 0h,FALSE
1151157,Alarm,"ALARM: ""Sai-Paramount-prod-App-1b-Disk(Root)-85%#Alarm"" in Asia Pacific (Mumbai)",Closed,Not Violated,Critical - P1,Uptime Team,09-04-2026 12:11,4d 0h,FALSE
1151158,Alarm,"ALARM: ""SoftWeb-DB-Pvt-1b-#CPUUtilization-95%-#ALARM"" in Asia Pacific (Mumbai)",Closed,Not Violated,-,Uptime Team,09-04-2026 12:11,4d 0h,FALSE
1151159,Alarm,"ALARM: ""Arukus-UAT-MySQL-DB-CPU-85%-#Alarm"" in Asia Pacific (Mumbai)",Closed,Not Violated,Critical - P1,Uptime Team,09-04-2026 12:11,4d 0h,FALSE
1151160,Alarm,"ALARM: ""RS-RDS-CPU-85% #Alarm"" in Asia Pacific (Mumbai)",Closed,Not Violated,Critical - P1,Uptime Team,09-04-2026 12:11,4d 0h,FALSE
1151161,Alarm,"ALARM: ""ARS-Steels-Prod-APP-1a-CPU-90%-#Alarm"" in Asia Pacific (Mumbai)",Closed,Not Violated,-,Uptime Team,09-04-2026 12:12,4d 0h,FALSE
1151162,Alarm,"ALARM: ""Kims-Hospital-Prod-EHR-2b-CPU-85%-#Alarm"" in Asia Pacific (Hyderabad)",Closed,Not Violated,Critical - P1,Uptime Team,09-04-2026 12:12,4d 0h,FALSE
1151163,Alarm,"ALARM: ""softweb-srishti-rds-oracle-21c-Memory-85% #Alarm"" in Asia Pacific (Mumbai)",Closed,Not Violated,Critical - P1,Uptime Team,09-04-2026 12:12,4d 0h,FALSE
1151164,Alarm,"ALARM: ""Midland-Tableau-Prod-Server-1a-Disk(Root)-85%-#Alarm"" in Asia Pacific (Mumbai)",Closed,Not Violated,-,Uptime Team,09-04-2026 12:13,4d 0h,FALSE
1151165,Alarm,"ALARM: ""JayamSolution-Prod-DB-1b-Memory-85%-Alarm"" in Asia Pacific (Mumbai)",Closed,Not Violated,-,Uptime Team,09-04-2026 12:14,4d 0h,FALSE
1151168,Alarm,"ALARM: ""Ajmera-Prod-SAPB1-1b-Memory-95%Alarm"" in Asia Pacific (Mumbai)",Closed,Not Violated,Critical - P1,Uptime Team,09-04-2026 12:16,4d 0h,FALSE
1151169,Alarm,"ALARM: ""GnsqGlobal-Prod-APP-DB-Server-1b-CPU-Utilization-95% #Alarm"" in Asia Pacific (Mumbai)",Closed,Not Violated,-,Uptime Team,09-04-2026 12:17,4d 0h,FALSE
1151171,Alarm,"ALARM: ""ARS-Steels-Prod-APP-1a-CPU-95%-#Alarm"" in Asia Pacific (Mumbai)",Closed,Not Violated,-,Uptime Team,09-04-2026 12:18,4d 0h,FALSE
1151172,Alarm,"ALARM: ""GnsqGlobal-Prod-APP-DB-Server-1b-CPU-Utilization-95% #Alarm"" in Asia Pacific (Mumbai)",Closed,Not Violated,-,Uptime Team,09-04-2026 12:20,4d 0h,FALSE
1151173,Alarm,"ALARM: ""JayamSolution-Prod-DB-1b-DiskC: -85%-Alarm"" in Asia Pacific (Mumbai)",Closed,Not Violated,-,Uptime Team,09-04-2026 12:20,4d 0h,FALSE
1151175,Alarm,AWS Cost Management: Cost anomaly(ies) summary for account: In10 Media 2 (158878468036) [2026-04-08],Closed,Not Violated,Medium - P3,DevOps Team,09-04-2026 12:23,4d 0h,FALSE
1151176,Alarm,ALARM: Test-CPU-Alarm,Closed,Not Violated,Critical - P1,Enterprise Windows Team,09-04-2026 12:25,4d 0h,FALSE
1151177,Client,[Case 177501232800974] New correspondence added,Closed,Not Violated,Medium - P3,Uptime Team,09-04-2026 12:25,4d 0h,FALSE
1151178,Client,RCA and Resolution Update: High CPU Utilization on ET Edge Insights,Awaiting Customer Response,Not Violated,Low - P4,Enterprise Linux Team,09-04-2026 12:27,4d 0h,FALSE
1151179,Client,Orfil | Stage-Metool server deletion,Closed,Not Violated,Medium - P3,SMB Linux Team,09-04-2026 12:27,4d 0h,FALSE
1151180,Alarm,"ALARM: ""Duroply-prod-SAPB1-Server1-Memory-85%-#Alarm"" in Asia Pacific (Mumbai)",Closed,Not Violated,Critical - P1,Uptime Team,09-04-2026 12:31,4d 0h,FALSE
1151181,Alarm,"ALARM: ""Gemtech-SAP-B1-Server-Window-2022-Memory-85%-#Alarm"" in Asia Pacific (Mumbai)",Closed,Not Violated,Critical - P1,Uptime Team,09-04-2026 12:31,4d 0h,FALSE
1151182,Alarm,"ALARM: ""Kfin-rm-portal-prod-CPU-85%-#Alarm"" in Asia Pacific (Mumbai)",Closed,Not Violated,Critical - P1,Uptime Team,09-04-2026 12:31,4d 0h,FALSE
1151183,Alarm,"ALARM: ""ARS-Steels-Prod-APP-1a-CPU-90%-#Alarm"" in Asia Pacific (Mumbai)",Closed,Not Violated,-,Uptime Team,09-04-2026 12:33,4d 0h,FALSE
1151184,Alarm,"ALARM: ""ARS-Steels-Prod-APP-1a-CPU-95%-#Alarm"" in Asia Pacific (Mumbai)",Closed,Not Violated,-,Uptime Team,09-04-2026 12:35,3d 23h,FALSE
1151185,Alarm,"ALARM: ""GnsqGlobal-Prod-APP-DB-Server-1b-CPU-Utilization-95% #Alarm"" in Asia Pacific (Mumbai)",Closed,Not Violated,Critical - P1,Uptime Team,09-04-2026 12:37,3d 23h,FALSE
1151186,Client,Cloudmojo | Higher Requests and traffic analysis details,Closed,Not Violated,--Select--,Enterprise Linux Team,09-04-2026 12:38,3d 23h,FALSE
1151188,Alarm,"ALARM: ""softweb-srishti-rds-oracle-21c-Memory-85% #Alarm"" in Asia Pacific (Mumbai)",Closed,Not Violated,Critical - P1,Uptime Team,09-04-2026 12:39,3d 23h,FALSE
1151190,Alarm,"ALARM: ""Ankura-Hospitals-Prod-SAPB1-1b-Memory-85%#ALARM"" in Asia Pacific (Mumbai)",Closed,Not Violated,Critical - P1,Uptime Team,09-04-2026 12:42,3d 23h,FALSE
1151194,Alarm,"ALARM: ""softweb-srishti-rds-oracle-21c-Memory-85% #Alarm"" in Asia Pacific (Mumbai)",Closed,Not Violated,Critical - P1,Uptime Team,09-04-2026 12:46,3d 23h,FALSE
1151195,Alarm,"ALARM: ""Absolute-Barbeque-Prod-Hana-1b-MemoryUtilization-85%#Alarm"" in Asia Pacific (Mumbai)",Closed,Not Violated,Critical - P1,Uptime Team,09-04-2026 12:46,3d 23h,FALSE
1151196,Alarm,"ALARM: ""ARS-Steels-Prod-APP-1a-CPU-95%-#Alarm"" in Asia Pacific (Mumbai)",Closed,Not Violated,-,Uptime Team,09-04-2026 12:47,3d 23h,FALSE
1151197,Alarm,"ALARM: ""kfintech-arim-rds-uat-free_memory-15%-#Alarm"" in Asia Pacific (Malaysia)",Closed,Not Violated,Critical - P1,Uptime Team,09-04-2026 12:48,3d 23h,FALSE
1151198,Alarm,"ALARM: ""anxiprodb-instace-1-new-16-01-rds#DatabaseConnections"" in Asia Pacific (Sydney)",Closed,Not Violated,Critical - P1,Uptime Team,09-04-2026 12:49,3d 23h,FALSE
1151199,Alarm,"ALARM: ""Kfin-rm-portal-prod-CPU-85%-#Alarm"" in Asia Pacific (Mumbai)",Closed,Not Violated,Critical - P1,Uptime Team,09-04-2026 12:52,3d 23h,FALSE
1151200,Alarm,"ALARM: ""ARS-Steels-Prod-APP-1a-CPU-90%-#Alarm"" in Asia Pacific (Mumbai)",Closed,Not Violated,Critical - P1,Uptime Team,09-04-2026 12:53,3d 23h,FALSE
1151201,Alarm,"ALARM: ""ARS-Steels-Prod-APP-1a-CPU-95%-#Alarm"" in Asia Pacific (Mumbai)",Closed,Not Violated,-,Uptime Team,09-04-2026 12:55,3d 23h,FALSE
1151203,Alarm,"ALARM: ""GnsqGlobal-Prod-APP-DB-Server-1b-CPU-Utilization-95% #Alarm"" in Asia Pacific (Mumbai)",Closed,Not Violated,Critical - P1,Uptime Team,09-04-2026 12:57,3d 23h,FALSE
1151204,Alarm,"ALARM: ""sepl-prod-mysql-RDS-CPU-85%-#Alarm"" in Asia Pacific (Mumbai)",Closed,Not Violated,Critical - P1,Uptime Team,09-04-2026 12:58,3d 23h,FALSE
1151206,Alarm,"ALARM: ""SoftWeb-App-pub-server-1b-#CPUUtilization-90%-#ALARM"" in Asia Pacific (Mumbai)",Closed,Not Violated,High - P2,Uptime Team,09-04-2026 13:00,3d 23h,FALSE
1151208,Alarm,"ALARM: ""hoichoi-aws-aps1-prod-ecs-hoichoi-backend_high_cpu_util_alarm"" in Asia Pacific (Mumbai)",Closed,Not Violated,Critical - P1,Uptime Team,09-04-2026 13:05,3d 23h,FALSE
1151209,Alarm,"ALARM: ""hoichoi-aws-aps1-prod-ecs-hoichoi-analytics_high_cpu_util_alarm"" in Asia Pacific (Mumbai)",Closed,Not Violated,Critical - P1,Uptime Team,09-04-2026 13:05,3d 23h,FALSE
1151210,Alarm,"ALARM: ""Kfin-rm-portal-prod-CPU-85%-#Alarm"" in Asia Pacific (Mumbai)",Closed,Not Violated,Critical - P1,Uptime Team,09-04-2026 13:05,3d 23h,FALSE
1151211,Alarm,"ALARM: ""KFIN-WMS-HEX-NEXEDGE-TG80-UnHealthyHostCount-#Alarm"" in Asia Pacific (Mumbai)",Closed,Not Violated,Critical - P1,Enterprise Windows Team,09-04-2026 13:07,3d 23h,FALSE
1151212,Alarm,"ALARM: ""KhimjiJwellers-Prod-DB-1b-CPU-85%-Alarm"" in Asia Pacific (Mumbai)",Closed,Not Violated,Critical - P1,Uptime Team,09-04-2026 13:09,3d 23h,FALSE
1151213,Alarm,"ALARM: ""Kfin-rm-portal-prod-memory-85%-#Alarm"" in Asia Pacific (Mumbai)",Closed,Not Violated,Critical - P1,Uptime Team,09-04-2026 13:10,3d 23h,FALSE
1151214,Alarm,"ALARM: ""Critical-KhimjiJwellers-Prod-DB-1b-CPU-95%#Alarm"" in Asia Pacific (Mumbai)",Closed,Not Violated,Critical - P1,Uptime Team,09-04-2026 13:11,3d 23h,FALSE
1151215,Alarm,"ALARM: ""Midland-Tableau-Prod-Server-1a_CPUUtilization_90%_#Alarm"" in Asia Pacific (Mumbai)",Closed,Not Violated,High - P2,Uptime Team,09-04-2026 13:12,3d 23h,FALSE
1151216,Alarm,"ALARM: ""Duroply-prod-SAPB1-Server1-Memory-85%-#Alarm"" in Asia Pacific (Mumbai)",Closed,Not Violated,Critical - P1,Uptime Team,09-04-2026 13:13,3d 23h,FALSE
1151217,Alarm,"ALARM: ""LeeNee-Haldia-Prod-SapB1&DB-1b-New-Disk(D)-15%-#Alarm"" in Asia Pacific (Mumbai)",Closed,Not Violated,Critical - P1,Uptime Team,09-04-2026 13:15,3d 23h,FALSE
1151218,Alarm,"ALARM: ""hoichoi-aws-aps1-prod-ecs-hoichoi-analytics_high_cpu_util_alarm"" in Asia Pacific (Mumbai)",Closed,Not Violated,Critical - P1,Uptime Team,09-04-2026 13:19,3d 23h,FALSE
1151219,Alarm,"ALARM: ""LeeNee-Haldia-Prod-SapB1&DB-1b-New-Memory-85%-#Alarm"" in Asia Pacific (Mumbai)",Closed,Not Violated,Critical - P1,Uptime Team,09-04-2026 13:21,3d 23h,FALSE
1151222,Alarm,"ALARM: ""SoftWeb-App-pub-server-1b-#CPUUtilization-90%-#ALARM"" in Asia Pacific (Mumbai)",Closed,Not Violated,High - P2,Uptime Team,09-04-2026 13:22,3d 23h,FALSE
1151223,Alarm,"ALARM: ""Kfin-rm-portal-prod-memory-85%-#Alarm"" in Asia Pacific (Mumbai)",Closed,Not Violated,Critical - P1,Uptime Team,09-04-2026 13:25,3d 23h,FALSE
1151226,Client,Abhilekh Patal's security issue discussion,Closed,Not Violated,Medium - P3,Enterprise Linux Team,09-04-2026 13:26,3d 23h,FALSE
1151227,Alarm,"ALARM: ""KIikk-Technologies-PROD-DB-1b-CPU-85%#Alarm"" in Asia Pacific (Mumbai)",Closed,Not Violated,Critical - P1,Uptime Team,09-04-2026 13:26,3d 23h,FALSE
1151228,Alarm,"ALARM: ""KIikk-Technologies-PROD-DB-1b-CPU-95%#Alarm"" in Asia Pacific (Mumbai)",Closed,Not Violated,Critical - P1,Uptime Team,09-04-2026 13:27,3d 23h,FALSE
1151229,Alarm,"ALARM: ""SoftWeb-App-pub-server-1b-#CPUUtilization-90%-#ALARM"" in Asia Pacific (Mumbai)",Closed,Not Violated,High - P2,Uptime Team,09-04-2026 13:28,3d 23h,FALSE
1151232,Client,Meeting Invitation – Security Guidance Session at 3:30 PM Today,Internal Dependency,Not Violated,Medium - P3,Enterprise Linux Team,09-04-2026 13:31,3d 23h,FALSE
1151233,Alarm,"ALARM: ""Midland-Tableau-Prod-Server-1a_CPUUtilization_90%_#Alarm"" in Asia Pacific (Mumbai)",Closed,Not Violated,High - P2,Uptime Team,09-04-2026 13:32,3d 23h,FALSE
1151234,Client,503 Error in Dev Environment,Awaiting Customer Response,Not Violated,Medium - P3,DevOps Team,09-04-2026 13:32,3d 23h,FALSE
1151236,Alarm,"ALARM: ""ARS-Steels-Prod-APP-1a-CPU-90%-#Alarm"" in Asia Pacific (Mumbai)",Closed,Not Violated,-,Uptime Team,09-04-2026 13:37,3d 22h,FALSE
1151237,Alarm,"ALARM: ""Kims-Hospital-KSRVPRDDB-Server-2b-Memory-90%-#Alarm"" in Asia Pacific (Hyderabad)",Closed,Not Violated,-,Uptime Team,09-04-2026 13:39,3d 22h,FALSE
1151238,Alarm,"ALARM: ""ARS-Steels-Prod-APP-1a-CPU-95%-#Alarm"" in Asia Pacific (Mumbai)",Closed,Not Violated,-,Uptime Team,09-04-2026 13:39,3d 22h,FALSE
1151239,Alarm,"ALARM: ""HiraPanna-Prod-App1-1b-CPU-85%-#Alarm"" in Asia Pacific (Mumbai)",Closed,Not Violated,Critical - P1,Uptime Team,09-04-2026 13:41,3d 22h,FALSE
1151240,Alarm,"ALARM: ""HiraPanna-Backend-Server-Mobile-App-CPU-85%-#Alarm"" in Asia Pacific (Mumbai)",Closed,Not Violated,Critical - P1,Uptime Team,09-04-2026 13:41,3d 22h,FALSE
1151242,Alarm,"ALARM: ""anxiprodb-instace-1-new-16-01-rds#DatabaseConnections"" in Asia Pacific (Sydney)",Closed,Not Violated,Critical - P1,Uptime Team,09-04-2026 13:41,3d 22h,FALSE
1151241,Alarm,"ALARM: ""HiraPanna-Backend-Server-Mobile-App-CPU-95%-#Alarm"" in Asia Pacific (Mumbai)",Closed,Not Violated,Critical - P1,Uptime Team,09-04-2026 13:41,3d 22h,FALSE
1151243,Alarm,"Important notice about your AWS Account regarding VPN connections [AWS Account: 410097949519, VPN Connection: vpn-0b6066250249ac40d, Tunnel Outside IP: 13.235.3.130]",Closed,Not Violated,Medium - P3,Uptime Team,09-04-2026 13:41,3d 22h,FALSE
1151244,Alarm,"ALARM: ""Critical-HiraPanna-Prod-App1-1b-CPU-95%-#Alarm"" in Asia Pacific (Mumbai)",Closed,Not Violated,Critical - P1,Uptime Team,09-04-2026 13:42,3d 22h,FALSE
1151245,Alarm,AWS Cost Management: Cost anomaly detected on 2026-04-09T08:14:18.198223401Z,Closed,Not Violated,Medium - P3,SMB Linux Team,09-04-2026 13:44,3d 22h,FALSE
1151246,Client,AWS Cost Management: Cost anomaly detected on 2026-04-09T08:14:26.203764872Z,Closed,Not Violated,Medium - P3,SMB Linux Team,09-04-2026 13:44,3d 22h,FALSE
1151247,Client,AWS Cost Management: Cost anomaly detected on 2026-04-09T08:15:01.846030382Z,Closed,Not Violated,Medium - P3,SMB Linux Team,09-04-2026 13:45,3d 22h,FALSE
1151248,Client,Re:Issue with Rendering and Exceptions on atu.co.in,Closed,Not Violated,Medium - P3,DevOps Team,09-04-2026 13:50,3d 22h,FALSE
1151249,Alarm,"ALARM: ""HoiChoi-x-CWM-x-ProdRevAmp-hoichoi-aws-aps1-prod-ecs-hoichoi-th..."" in Asia Pacific (Mumbai)",Closed,Not Violated,Critical - P1,Uptime Team,09-04-2026 13:53,3d 22h,FALSE
1151252,Alarm,"ALARM: ""sepl-prod-mysql-RDS-CPU-85%-#Alarm"" in Asia Pacific (Mumbai)",Closed,Not Violated,Critical - P1,Uptime Team,09-04-2026 14:00,3d 22h,FALSE
1151253,Alarm,"ALARM: ""kfinpwm-hex-prod-rds-Low-FreeableMemory-15%-#Alarm"" in Asia Pacific (Mumbai)",Closed,Not Violated,Critical - P1,Uptime Team,09-04-2026 14:03,3d 22h,FALSE
1151254,Alarm,"ALARM: ""kfinpwm-hex-prod-rds-Low-FreeableMemory-15%-#Alarm"" in Asia Pacific (Mumbai)",Closed,Not Violated,Critical - P1,Uptime Team,09-04-2026 14:03,3d 22h,FALSE
1151255,Alarm,"ALARM: ""MK-Agro-UAT-SSFA-APP-DB-CPU-85%-#Alarm"" in Asia Pacific (Mumbai)",Closed,Not Violated,Critical - P1,Uptime Team,09-04-2026 14:06,3d 22h,FALSE
1151256,Alarm,Vawsum | https://vawsum.com/ is Down from multiple locations,Closed,Not Violated,-,Uptime Team,09-04-2026 14:08,3d 22h,FALSE
1151257,Alarm,Vawsum | https://vawsum.com/ is Up,Closed,Not Violated,-,Uptime Team,09-04-2026 14:11,3d 22h,FALSE
1151258,Alarm,"Important notice about your AWS Account regarding VPN connections [AWS Account: 295216128092, VPN Connection: vpn-06f1758b30042ead1, Tunnel Outside IP: 35.154.178.211]",Closed,Not Violated,Medium - P3,Uptime Team,09-04-2026 14:11,3d 22h,FALSE
1151259,Alarm,"ALARM: ""ABM-Prod-App+PGSQL-DB-1a-CPU-85%-#Alarm"" in Asia Pacific (Mumbai)",Closed,Not Violated,Critical - P1,Uptime Team,09-04-2026 14:11,3d 22h,FALSE
1151260,Alarm,"ALARM: ""ABM-Prod-App+PGSQL-DB-1a-CPU-85%-#Alarm"" in Asia Pacific (Mumbai)",Closed,Not Violated,Critical - P1,Uptime Team,09-04-2026 14:12,3d 22h,FALSE
1151261,Alarm,"ALARM: ""Critical AartiSteels-Prod-Web-1b-CPUUtilization-95%-#ALARM"" in Asia Pacific (Mumbai)",Closed,Not Violated,Critical - P1,Uptime Team,09-04-2026 14:12,3d 22h,FALSE
1151262,Alarm,"ALARM: ""AartiSteels-Prod-Web-1b-CPUUtilization-85%-#ALARM"" in Asia Pacific (Mumbai)",Closed,Not Violated,Critical - P1,Uptime Team,09-04-2026 14:12,3d 22h,FALSE
1151263,Alarm,"ALARM: ""AartiSteels-Prod-Web-1b-#Disk(Root)-85%-#ALARM"" in Asia Pacific (Mumbai)",Awaiting Customer Response,Not Violated,Critical - P1,SMB Linux Team,09-04-2026 14:13,3d 22h,FALSE
1151264,Client,Re:API_GATEWAY Deployment,Closed,Not Violated,Medium - P3,DevOps Team,09-04-2026 14:19,3d 22h,FALSE
1151266,Client,Re: After iPro VPN Connection – Unable to Access Web & Google Services,Closed,Not Violated,Medium - P3,Enterprise Windows Team,09-04-2026 14:26,3d 22h,FALSE
1151270,Alarm,"ALARM: ""MK-Agro-UAT-SSFA-APP-DB-CPU-85%-#Alarm"" in Asia Pacific (Mumbai)",Closed,Not Violated,Critical - P1,Uptime Team,09-04-2026 14:36,3d 21h,FALSE
1151271,Alarm,"ALARM: ""Critical-Ankura-Hospitals-Prod-SAPB1-1b-Memory-95%#ALARM"" in Asia Pacific (Mumbai)",Closed,Not Violated,-,Uptime Team,09-04-2026 14:36,3d 21h,FALSE
1151272,Alarm,"ALARM: ""Ankura-Hospitals-Prod-SAPB1-1b-CPU-85%#Alarm"" in Asia Pacific (Mumbai)",Closed,Not Violated,Critical - P1,Uptime Team,09-04-2026 14:36,3d 21h,FALSE
1151273,Alarm,"ALARM: ""SS-HealthTech-App-DB-Staging-Server-1a-CPU-85%#Alarm"" in Asia Pacific (Mumbai)",Closed,Not Violated,Critical - P1,Uptime Team,09-04-2026 14:36,3d 21h,FALSE
1151274,Alarm,"ALARM: ""Critical-Ankura-Hospitals-Prod-SAPB1-1b-CPU-95%#ALARM"" in Asia Pacific (Mumbai)",Closed,Not Violated,-,Uptime Team,09-04-2026 14:36,3d 21h,FALSE
1151275,Alarm,"ALARM: ""ARS-Steels-Prod-APP-1a-CPU-90%-#Alarm"" in Asia Pacific (Mumbai)",Closed,Not Violated,-,Uptime Team,09-04-2026 14:37,3d 21h,FALSE
1151276,Alarm,"ALARM: ""ARS-Steels-Prod-APP-1a-CPU-95%-#Alarm"" in Asia Pacific (Mumbai)",Closed,Not Violated,-,Uptime Team,09-04-2026 14:37,3d 21h,FALSE
1151277,Client,RE:[CASE 177501232800974] Unable to Access Bahrain Region – Production Servers Down,Closed,Not Violated,Medium - P3,Enterprise Linux Team,09-04-2026 14:37,3d 21h,FALSE
1151278,Alarm,ALARM: Test-CPU-Alarm,Closed,Not Violated,Critical - P1,Uptime Team,09-04-2026 14:38,3d 21h,FALSE
1151279,Alarm,"ALARM: ""SS-HealthTech-App-DB-Staging-Server-1a-CPU-85%#Alarm"" in Asia Pacific (Mumbai)",Closed,Not Violated,Critical - P1,Uptime Team,09-04-2026 14:38,3d 21h,FALSE
1151280,Client,Issue with DBCON in PRAGATI DEV server,Closed,Not Violated,Medium - P3,SMB Windows Team,09-04-2026 14:41,3d 21h,FALSE
1151281,Alarm,"ALARM: ""Critical-Ankura-Hospitals-Prod-SAPB1-1b-Memory-95%#ALARM"" in Asia Pacific (Mumbai)",Closed,Not Violated,-,Uptime Team,09-04-2026 14:41,3d 21h,FALSE
1151282,Alarm,"ALARM: ""softweb-srishti-rds-oracle-21c-Memory-85% #Alarm"" in Asia Pacific (Mumbai)",Closed,Not Violated,Critical - P1,Uptime Team,09-04-2026 14:41,3d 21h,FALSE
1151283,Alarm,"ALARM: ""Nandu'sFood-Staging-Web-1c-CPU-95%-#Alarm"" in Asia Pacific (Mumbai)",Closed,Not Violated,-,Uptime Team,09-04-2026 14:41,3d 21h,FALSE
1151284,Alarm,ALARM: Test-CPU-Alarm,Closed,Not Violated,Critical - P1,Uptime Team,09-04-2026 14:41,3d 21h,FALSE
1151286,Alarm,"ALARM: ""Critical-Ankura-Hospitals-Prod-SAPB1-1b-CPU-95%#ALARM"" in Asia Pacific (Mumbai)",Closed,Not Violated,-,Uptime Team,09-04-2026 14:46,3d 21h,FALSE
1151287,Alarm,"ALARM: ""Ankura-Hospitals-Prod-SAPB1-1b-CPU-85%#Alarm"" in Asia Pacific (Mumbai)",Closed,Not Violated,Critical - P1,Uptime Team,09-04-2026 14:47,3d 21h,FALSE
1151288,Alarm,"ALARM: ""SS-HealthTech-App-DB-Staging-Server-1a-CPU-85%#Alarm"" in Asia Pacific (Mumbai)",Closed,Not Violated,Critical - P1,Uptime Team,09-04-2026 14:47,3d 21h,FALSE
1151289,Alarm,"ALARM: ""LeeNee-Haldia-Prod-SapB1&DB-1b-New-Memory-85%-#Alarm"" in Asia Pacific (Mumbai)",Closed,Not Violated,Critical - P1,Uptime Team,09-04-2026 14:47,3d 21h,FALSE
1151290,Alarm,"ALARM: ""PragtiMilk-MobileApp+DB Server-1b-CPU-85%-#Alarm"" in Asia Pacific (Mumbai)",Closed,Not Violated,Critical - P1,Uptime Team,09-04-2026 14:52,3d 21h,FALSE
1151292,Client,[CRITICAL][AWS CONFIG] NON_COMPLIANT - Bucket - sandbox-windows-server-basis-console,Closed,Not Violated,Medium - P3,Uptime Team,09-04-2026 14:58,3d 21h,FALSE
1151293,Client,[CRITICAL][AWS CONFIG] NON_COMPLIANT - Bucket - sandbox-windows-server-basis-console,Closed,Not Violated,Medium - P3,Uptime Team,09-04-2026 14:58,3d 21h,FALSE
1151296,Client,[CRITICAL][AWS CONFIG] NON_COMPLIANT - Bucket - sandbox-windows-server-basis-console,Closed,Not Violated,Medium - P3,Uptime Team,09-04-2026 14:58,3d 21h,FALSE
1151295,Client,[CRITICAL][AWS CONFIG] NON_COMPLIANT - Bucket - sandbox-windows-server-basis-console,Closed,Not Violated,Medium - P3,Uptime Team,09-04-2026 14:58,3d 21h,FALSE
1151294,Client,[CRITICAL][AWS CONFIG] NON_COMPLIANT - Bucket - sandbox-windows-server-basis-console,Closed,Not Violated,Medium - P3,Uptime Team,09-04-2026 14:58,3d 21h,FALSE
1151299,Alarm,"ALARM: ""Duroply-prod-SAPB1-Server1-Memory-85%-#Alarm"" in Asia Pacific (Mumbai)",Closed,Not Violated,Critical - P1,Uptime Team,09-04-2026 15:00,3d 21h,FALSE
1151300,Alarm,"ALARM: ""Critical-Ankura-Hospitals-Prod-SAPB1-1b-Memory-95%#ALARM"" in Asia Pacific (Mumbai)",Closed,Not Violated,-,Uptime Team,09-04-2026 15:01,3d 21h,FALSE
1151301,Alarm,"ALARM: ""Ankura-Hospitals-Prod-SAPB1-1b-CPU-85%#Alarm"" in Asia Pacific (Mumbai)",Closed,Not Violated,Critical - P1,Uptime Team,09-04-2026 15:01,3d 21h,FALSE
1151302,Alarm,"ALARM: ""ARS-Steels-Prod-APP-1a-CPU-95%-#Alarm"" in Asia Pacific (Mumbai)",Closed,Not Violated,-,Uptime Team,09-04-2026 15:02,3d 21h,FALSE
1151303,Alarm,"ALARM: ""GnsqGlobal-Prod-APP-DB-Server-1b-CPU-Utilization-95% #Alarm"" in Asia Pacific (Mumbai)",Closed,Not Violated,-,Uptime Team,09-04-2026 15:02,3d 21h,FALSE
1151304,Alarm,"ALARM: ""KFIN-AIF-Prod-Ikigai-AM-1b-CPU-85%-#Alarm"" in Asia Pacific (Mumbai)",Closed,Not Violated,Critical - P1,Uptime Team,09-04-2026 15:02,3d 21h,FALSE
1151305,Alarm,"ALARM: ""MK-Agro-UAT-SSFA-APP-DB-CPU-85%-#Alarm"" in Asia Pacific (Mumbai)",Closed,Not Violated,Critical - P1,Uptime Team,09-04-2026 15:06,3d 21h,FALSE
1151308,Alarm,"ALARM: ""Ankura-Hospitals-Prod-SAPB1-1b-CPU-85%#Alarm"" in Asia Pacific (Mumbai)",Closed,Not Violated,Critical - P1,Uptime Team,09-04-2026 15:11,3d 21h,FALSE
1151309,Alarm,"ALARM: ""Critical-Ankura-Hospitals-Prod-SAPB1-1b-CPU-95%#ALARM"" in Asia Pacific (Mumbai)",Closed,Not Violated,-,Uptime Team,09-04-2026 15:11,3d 21h,FALSE
1151310,Client,Re: Invitation to SFTP Configer accepted by varsha.s@cloudworkmates.com,Closed,Not Violated,Medium - P3,Enterprise Linux Team,09-04-2026 15:12,3d 21h,FALSE
1151311,Client,today-task-09-04-2026,Closed,Not Violated,Medium - P3,Enterprise Linux Team,09-04-2026 15:15,3d 21h,FALSE
1151312,Client,"Reminder: Abhilekh Patal's security issue discussion @ Thu Apr 09, 2026 03:30 pm - 04:15 pm (Asia/Kolkata)",Closed,Not Violated,Medium - P3,Uptime Team,09-04-2026 15:15,3d 21h,FALSE
1151313,Client,SH-MS-ES (09-04-2026),Closed,Not Violated,Medium - P3,-,09-04-2026 15:16,3d 21h,FALSE
1151314,Alarm,"ALARM: ""MK-Agro-PRD-CSNG-DBP-01-CPU-85%-#Alarm"" in Asia Pacific (Mumbai)",Closed,Not Violated,Critical - P1,Uptime Team,09-04-2026 15:16,3d 21h,FALSE
1151315,Alarm,"ALARM: ""ARS-Steels-Prod-APP-1a-CPU-95%-#Alarm"" in Asia Pacific (Mumbai)",Closed,Not Violated,-,Uptime Team,09-04-2026 15:17,3d 21h,FALSE
1151316,Alarm,"ALARM: ""toorey-prod-rds-tooreymsg-FreeableMemory-15%-#Alarm"" in US East (N. Virginia)",Internal Dependency,Not Violated,Critical - P1,DevOps Team,09-04-2026 15:17,3d 21h,FALSE
1151317,Alarm,"ALARM: ""Primarc-Prod-Web-Application-Server-1a-Disk(E)-85%--#Alarm"" in Asia Pacific (Mumbai)",Awaiting Customer Response,Not Violated,-,Enterprise Windows Team,09-04-2026 15:19,3d 21h,FALSE
1151318,Alarm,"ALARM: ""ARS-Steels-Prod-APP-1a-CPU-90%-#Alarm"" in Asia Pacific (Mumbai)",Closed,Not Violated,-,Uptime Team,09-04-2026 15:22,3d 21h,FALSE
1151319,Client,Request to restart old server,Closed,Not Violated,Medium - P3,Uptime Team,09-04-2026 15:24,3d 21h,FALSE
1151320,Alarm,"ALARM: ""ARS-Steels-Prod-APP-1a-CPU-90%-#Alarm"" in Asia Pacific (Mumbai)",Closed,Not Violated,-,Uptime Team,09-04-2026 15:26,3d 21h,FALSE
1151321,Alarm,"ALARM: ""Genupathlab-ITDOSE-DB-1b-FreeSpace-Disk(D)-15%-#Alarm"" in Asia Pacific (Mumbai)",Closed,Not Violated,Critical - P1,Uptime Team,09-04-2026 15:26,3d 21h,FALSE
1151322,Alarm,"ALARM: ""Genupathlab-ITDOSE-DB-1b-FreeSpace-Disk(D)-15%-#Alarm"" in Asia Pacific (Mumbai)",Closed,Not Violated,Critical - P1,Uptime Team,09-04-2026 15:26,3d 21h,FALSE
1151323,Alarm,"ALARM: ""MSP-Steel-KJR-Secondary-VpnConnection-Tunnel1#Alarm"" in Asia Pacific (Mumbai)",Closed,Not Violated,Critical - P1,Uptime Team,09-04-2026 15:26,3d 21h,FALSE
1151324,Alarm,"ALARM: ""Ankura-Hospitals-Prod-SAPB1-1b-CPU-85%#Alarm"" in Asia Pacific (Mumbai)",Closed,Not Violated,Critical - P1,Uptime Team,09-04-2026 15:26,3d 21h,FALSE
1151325,Alarm,"ALARM: ""BDG-Metal-Prod-DB-1b-C.P.U-85%#Alarm"" in Asia Pacific (Mumbai)",Closed,Not Violated,-,Uptime Team,09-04-2026 15:27,3d 21h,FALSE
1151326,Alarm,ATPL-JIE | https://resumeupload-staging.jobsineducation.net/ is Down from multiple locations,Closed,Not Violated,-,Enterprise Linux Team,09-04-2026 15:27,3d 21h,FALSE
1151327,Alarm,"ALARM: ""Critical-Ankura-Hospitals-Prod-SAPB1-1b-Memory-95%#ALARM"" in Asia Pacific (Mumbai)",Closed,Not Violated,-,Uptime Team,09-04-2026 15:27,3d 21h,FALSE
1151328,Alarm,"ALARM: ""ARS-Steels-Prod-APP-1a-CPU-90%-#Alarm"" in Asia Pacific (Mumbai)",Closed,Not Violated,-,Uptime Team,09-04-2026 15:27,3d 21h,FALSE
1151329,Alarm,"ALARM: ""Magpet-Prod-SAP-New-Pub-1a-OLD-Disk(D)-85%-#Alarm"" in Asia Pacific (Mumbai)",Closed,Not Violated,-,Uptime Team,09-04-2026 15:28,3d 21h,FALSE
1151331,Alarm,"ALARM: ""Midland-Tableau-Prod-Server-1a-Memory-85%-#Alarm"" in Asia Pacific (Mumbai)",Closed,Not Violated,High - P2,Uptime Team,09-04-2026 15:31,3d 21h,FALSE
1151332,Alarm,"ALARM: ""BDG-Metal-Prod-App-1b-C.P.U-85%#Alarm"" in Asia Pacific (Mumbai)",Closed,Not Violated,High - P2,Uptime Team,09-04-2026 15:31,3d 21h,FALSE
1151333,Alarm,"ALARM: ""SoftWeb-App-pub-server-1b-#CPUUtilization-90%-#ALARM"" in Asia Pacific (Mumbai)",Closed,Not Violated,High - P2,Uptime Team,09-04-2026 15:32,3d 21h,FALSE
1151334,Alarm,"ALARM: ""kfin-aif-hex-prod-RDS-CPU-85%-#Alarm"" in Asia Pacific (Mumbai)",Closed,Not Violated,Critical - P1,Uptime Team,09-04-2026 15:32,3d 21h,FALSE
1151335,Alarm,"ALARM: ""LeeNee-Haldia-Prod-SapB1&DB-1b-New-Memory-85%-#Alarm"" in Asia Pacific (Mumbai)",Closed,Not Violated,Critical - P1,Uptime Team,09-04-2026 15:33,3d 20h,FALSE
1151336,Alarm,"ALARM: ""MK-Agro-UAT-SSFA-APP-DB-CPU-85%-#Alarm"" in Asia Pacific (Mumbai)",Closed,Not Violated,Critical - P1,Uptime Team,09-04-2026 15:36,3d 20h,FALSE
1151337,Alarm,"ALARM: ""MSP-Steel-KJR-Secondary-VpnConnection-Tunnel1#Alarm"" in Asia Pacific (Mumbai)",Closed,Not Violated,Critical - P1,Uptime Team,09-04-2026 15:36,3d 20h,FALSE
1151338,Alarm,"ALARM: ""KFINAIF-Hex-Prod-CPU-85%-#Alarm"" in Asia Pacific (Mumbai)",Closed,Not Violated,Critical - P1,Uptime Team,09-04-2026 15:36,3d 20h,FALSE
1151339,Alarm,"ALARM: ""KFINAIF-Hex-Prod-CPU-85%-#Alarm"" in Asia Pacific (Mumbai)",Closed,Not Violated,Critical - P1,Uptime Team,09-04-2026 15:36,3d 20h,FALSE
1151340,Alarm,"ALARM: ""ARS-Steels-Prod-APP-1a-CPU-90%-#Alarm"" in Asia Pacific (Mumbai)",Closed,Not Violated,-,Uptime Team,09-04-2026 15:37,3d 20h,FALSE
1151341,Alarm,"ALARM: ""AFPL-Prod-Seceon-CCE-Pub-1b-Memory-85%-#Alarms"" in Asia Pacific (Mumbai)",Closed,Not Violated,-,Uptime Team,09-04-2026 15:37,3d 20h,FALSE
1151343,Client,Keep pre-live server up and running today (09-04-2026),Closed,Not Violated,Medium - P3,Uptime Team,09-04-2026 15:39,3d 20h,FALSE
1151344,Alarm,"ALARM: ""BDG-Metal-Prod-App-1b-C.P.U-85%#Alarm"" in Asia Pacific (Mumbai)",Closed,Not Violated,High - P2,Uptime Team,09-04-2026 15:39,3d 20h,FALSE
1151345,Alarm,"ALARM: ""AMPL-eFIMO-Prod-RDB-1b-CPU-90%-#Alarm"" in Asia Pacific (Mumbai)",Closed,Not Violated,-,Uptime Team,09-04-2026 15:40,3d 20h,FALSE
1151346,Alarm,"ALARM: ""kfin-aif-hex-prod-RDS-CPU-85%-#Alarm"" in Asia Pacific (Mumbai)",Closed,Not Violated,Critical - P1,Uptime Team,09-04-2026 15:40,3d 20h,FALSE
1151347,Alarm,"ALARM: ""AMPL-eFIMO-Prod-RDB-1b-CPU-95%-#Alarm"" in Asia Pacific (Mumbai)",Closed,Not Violated,-,Uptime Team,09-04-2026 15:41,3d 20h,FALSE
1151348,Alarm,"ALARM: ""Ankura-Hospitals-Prod-SAPB1-1b-CPU-85%#Alarm"" in Asia Pacific (Mumbai)",Closed,Not Violated,Critical - P1,Uptime Team,09-04-2026 15:41,3d 20h,FALSE
1151349,Alarm,"ALARM: ""Absolute-Barbeque-Prod-SAPB1-1b-CPU-85%#Alarm"" in Asia Pacific (Mumbai)",Closed,Not Violated,Critical - P1,Uptime Team,09-04-2026 15:42,3d 20h,FALSE
1151350,Alarm,"ALARM: ""Critical-Ankura-Hospitals-Prod-SAPB1-1b-CPU-95%#ALARM"" in Asia Pacific (Mumbai)",Closed,Not Violated,-,Uptime Team,09-04-2026 15:42,3d 20h,FALSE
1151351,Alarm,"ALARM: ""ARS-Steels-Prod-APP-1a-CPU-90%-#Alarm"" in Asia Pacific (Mumbai)",Closed,Not Violated,-,Uptime Team,09-04-2026 15:45,3d 20h,FALSE
1151352,Alarm,"ALARM: ""kishorilala-Prod-SAP-B1-1b-Memory-85%#Alarm"" in Asia Pacific (Mumbai)",Closed,Not Violated,Critical - P1,Uptime Team,09-04-2026 15:45,3d 20h,FALSE
1151353,Alarm,"ALARM: ""ARS-Steels-Prod-APP-1a-CPU-95%-#Alarm"" in Asia Pacific (Mumbai)",Closed,Not Violated,-,Uptime Team,09-04-2026 15:47,3d 20h,FALSE
1151354,Alarm,"ALARM: ""AFPL-Prod-Seceon-CCE-Pub-1b-Memory-85%-#Alarms"" in Asia Pacific (Mumbai)",Closed,Not Violated,-,Uptime Team,09-04-2026 15:48,3d 20h,FALSE
1151357,Alarm,"ALARM: ""krungsri-uat-rds-mysql-Memory-85%#Alarm"" in Asia Pacific (Mumbai)",Closed,Not Violated,Critical - P1,Uptime Team,09-04-2026 15:50,3d 20h,FALSE
1151359,Alarm,"ALARM: ""Ankura-Hospitals-Prod-SAPB1-1b-CPU-85%#Alarm"" in Asia Pacific (Mumbai)",Closed,Not Violated,Critical - P1,Uptime Team,09-04-2026 15:51,3d 20h,FALSE
1151360,Alarm,"ALARM: ""Critical-Ankura-Hospitals-Prod-SAPB1-1b-CPU-95%#ALARM"" in Asia Pacific (Mumbai)",Closed,Not Violated,Critical - P1,Uptime Team,09-04-2026 15:52,3d 20h,FALSE
1151361,Alarm,ATPL-JIE | https://resumeupload-staging.jobsineducation.net/ is Up,Closed,Not Violated,-,Uptime Team,09-04-2026 15:52,3d 20h,FALSE
1151362,Alarm,"ALARM: ""ARS-Steels-Prod-APP-1a-CPU-95%-#Alarm"" in Asia Pacific (Mumbai)",Closed,Not Violated,-,Uptime Team,09-04-2026 15:53,3d 20h,FALSE
1151363,Alarm,"ALARM: ""HoiChoi-x-CWM-x-ProdRevAmp-hoichoi-aws-aps1-prod-ecs-hoichoi-th..."" in Asia Pacific (Mumbai)",Closed,Not Violated,Critical - P1,Uptime Team,09-04-2026 15:58,3d 20h,FALSE
1151364,Alarm,"ALARM: ""softweb-srishti-rds-oracle-21c-Memory-85% #Alarm"" in Asia Pacific (Mumbai)",Closed,Not Violated,Critical - P1,Uptime Team,09-04-2026 15:59,3d 20h,FALSE
1151365,Alarm,"ALARM: ""kishorilala-Prod-SAP-B1-1b-Memory-85%#Alarm"" in Asia Pacific (Mumbai)",Closed,Not Violated,Critical - P1,Uptime Team,09-04-2026 16:00,3d 20h,FALSE
1151366,Alarm,"ALARM: ""ARS-Steels-Prod-APP-1a-CPU-90%-#Alarm"" in Asia Pacific (Mumbai)",Closed,Not Violated,-,Uptime Team,09-04-2026 16:01,3d 20h,FALSE
1151367,Alarm,"ALARM: ""Absolute-Barbeque-Prod-SAPB1-1b-CPU-85%#Alarm"" in Asia Pacific (Mumbai)",Closed,Not Violated,Critical - P1,Uptime Team,09-04-2026 16:02,3d 20h,FALSE
1151368,Alarm,"ALARM: ""ARS-Steels-Prod-APP-1a-CPU-95%-#Alarm"" in Asia Pacific (Mumbai)",Closed,Not Violated,-,Uptime Team,09-04-2026 16:02,3d 20h,FALSE
1151370,Alarm,"ALARM: ""kfintech-arim-rds-uat-free_memory-15%-#Alarm"" in Asia Pacific (Malaysia)",Closed,Not Violated,Critical - P1,Uptime Team,09-04-2026 16:07,3d 20h,FALSE
1151371,Alarm,"ALARM: ""S4-Prod-LTTS-Powai-SSC-VPN-Tunnel-2-#ALARM"" in Asia Pacific (Mumbai)",Closed,Not Violated,Critical - P1,Uptime Team,09-04-2026 16:09,3d 20h,FALSE
1151372,Alarm,"ALARM: ""LTTS-PROD-POWAI-VPN Tunel-1#ALARM"" in Asia Pacific (Mumbai)",Closed,Not Violated,Critical - P1,Uptime Team,09-04-2026 16:09,3d 20h,FALSE
1151373,Alarm,"ALARM: ""S4-Prod-LTTS-Powai-SSC-Status-down"" in Asia Pacific (Mumbai)",Closed,Not Violated,-,Uptime Team,09-04-2026 16:10,3d 20h,FALSE
1151374,Alarm,"ALARM: ""AMPL-eFIMO-Prod-RDB-1b-CPU-90%-#Alarm"" in Asia Pacific (Mumbai)",Closed,Not Violated,Critical - P1,Uptime Team,09-04-2026 16:11,3d 20h,FALSE
1151375,Alarm,"ALARM: ""Midland-MIS-Prod-Server-1a-CPU-85%-#Alarm"" in Asia Pacific (Mumbai)",Closed,Not Violated,Critical - P1,Uptime Team,09-04-2026 16:12,3d 20h,FALSE
1151376,Alarm,"ALARM: ""Magpet-Prod-SAP-New-Pub-1a-OLD-Disk(C)-85%-#Alarm"" in Asia Pacific (Mumbai)",Closed,Not Violated,-,Uptime Team,09-04-2026 16:13,3d 20h,FALSE
1151377,Alarm,"ALARM: ""KFINAIF-Hex-Prod-CPU-85%-#Alarm"" in Asia Pacific (Mumbai)",Closed,Not Violated,Critical - P1,Uptime Team,09-04-2026 16:16,3d 20h,FALSE
1151378,Alarm,"Important notice about your AWS Account regarding VPN connections [AWS Account: 699951450237, VPN Connection: vpn-08d77c29d98f90030, Tunnel Outside IP: 13.234.25.120]",Closed,Not Violated,Medium - P3,Uptime Team,09-04-2026 16:17,3d 20h,FALSE
1151379,Alarm,"ALARM: ""Midland-MIS-Prod-Server-1a-CPU-85%-#Alarm"" in Asia Pacific (Mumbai)",Closed,Not Violated,Critical - P1,Uptime Team,09-04-2026 16:17,3d 20h,FALSE
1151380,Alarm,"ALARM: ""KFINAIF-Hex-Prod-CPU-85%-#Alarm"" in Asia Pacific (Mumbai)",Closed,Not Violated,Critical - P1,Uptime Team,09-04-2026 16:17,3d 20h,FALSE
1151381,Alarm,"ALARM: ""kfintech-arim-rds-uat-free_memory-15%-#Alarm"" in Asia Pacific (Malaysia)",Closed,Not Violated,Critical - P1,Uptime Team,09-04-2026 16:17,3d 20h,FALSE
1151382,Alarm,"ALARM: ""anxiprodb-instace-1-new-16-01-rds#DatabaseConnections"" in Asia Pacific (Sydney)",Closed,Not Violated,Critical - P1,Uptime Team,09-04-2026 16:19,3d 20h,FALSE
1151383,Alarm,"ALARM: ""ARS-Steels-Prod-APP-1a-CPU-90%-#Alarm"" in Asia Pacific (Mumbai)",Closed,Not Violated,-,Uptime Team,09-04-2026 16:21,3d 20h,FALSE
1151384,Alarm,Argus News is Down from multiple locations,Closed,Not Violated,-,Uptime Team,09-04-2026 16:21,3d 20h,FALSE
1151385,Alarm,Argus News is Up,Closed,Not Violated,-,Uptime Team,09-04-2026 16:22,3d 20h,FALSE
1151386,Alarm,"ALARM: ""ARS-Steels-Prod-APP-1a-CPU-95%-#Alarm"" in Asia Pacific (Mumbai)",Closed,Not Violated,-,Uptime Team,09-04-2026 16:23,3d 20h,FALSE
1151387,Alarm,"ALARM: ""softweb-srishti-rds-oracle-21c-Memory-85% #Alarm"" in Asia Pacific (Mumbai)",Closed,Not Violated,Critical - P1,Uptime Team,09-04-2026 16:27,3d 20h,FALSE
1151388,Alarm,"ALARM: ""HoiChoi-x-CWM-x-ProdRevAmp-hoichoi-aws-aps1-prod-ecs-hoichoi-th..."" in Asia Pacific (Mumbai)",Closed,Not Violated,Critical - P1,Uptime Team,09-04-2026 16:28,3d 20h,FALSE
1151390,Alarm,"ALARM: ""kishorilala-Prod-SAP-B1-1b-Memory-85%#Alarm"" in Asia Pacific (Mumbai)",Closed,Not Violated,Critical - P1,Uptime Team,09-04-2026 16:29,3d 20h,FALSE
1151391,Client,sidharth@logistos.in,Awaiting Customer Response,Not Violated,Medium - P3,Enterprise Linux Team,09-04-2026 16:31,3d 20h,FALSE
1151392,Alarm,"ALARM: ""Vawsum-Prime-UAT-APP-1a-CPUUtilization-85%-#Alarm"" in Asia Pacific (Mumbai)",Closed,Not Violated,Critical - P1,Uptime Team,09-04-2026 16:31,3d 20h,FALSE
1151394,Client,Build Failures and Missing Pipelines in Dev Environment,Awaiting Customer Response,Not Violated,Medium - P3,DevOps Team,09-04-2026 16:32,3d 20h,FALSE
1151395,Alarm,"ALARM: ""LuxIndustries-Prod-UBQ-Mysql-DB-1b-CPU-85%-#Alarm"" in Asia Pacific (Mumbai)",Closed,Not Violated,Critical - P1,Uptime Team,09-04-2026 16:32,3d 20h,FALSE
1151396,Alarm,"ALARM: ""OrganicIndustries-Prod-SapB1-1b-Memory-85%-#Alarm"" in Asia Pacific (Mumbai)",Closed,Not Violated,Critical - P1,Uptime Team,09-04-2026 16:32,3d 20h,FALSE
1151397,Client,RE: Abhilekh Patal's security issue discussion,Waiting On Third Party,Not Violated,Medium - P3,Enterprise Linux Team,09-04-2026 16:32,3d 20h,FALSE
1151399,Alarm,"ALARM: ""Zista-Education-Prod-App-Pvt-1b-CPU-85%-#Alarm"" in Asia Pacific (Mumbai)",Closed,Not Violated,Critical - P1,Uptime Team,09-04-2026 16:34,3d 19h,FALSE
1151400,Alarm,"ALARM: ""ARS-Steels-Prod-APP-1a-CPU-90%-#Alarm"" in Asia Pacific (Mumbai)",Closed,Not Violated,-,Uptime Team,09-04-2026 16:34,3d 19h,FALSE
1151401,Alarm,"ALARM: ""Zista-Education-Prod-App-Pvt-1b-CPU-95%(Critical)-#Alarm"" in Asia Pacific (Mumbai)",Closed,Not Violated,Critical - P1,Uptime Team,09-04-2026 16:34,3d 19h,FALSE
1151409,Alarm,"ALARM: ""SkipperLimited-Prod-DB-1a-CPU-90%-#Alarm"" in Asia Pacific (Mumbai)",Closed,Not Violated,Critical - P1,Uptime Team,09-04-2026 16:36,3d 19h,FALSE
1151410,Alarm,"ALARM: ""SoftWeb-DB-Pvt-1b-#CPUUtilization-95%-#ALARM"" in Asia Pacific (Mumbai)",Closed,Not Violated,-,Uptime Team,09-04-2026 16:36,3d 19h,FALSE
1151411,Alarm,"ALARM: ""Shyam-Metalics-CLSM-Prod-App-1b_CPU>=95%_#Alarm"" in Asia Pacific (Mumbai)",Closed,Not Violated,-,Uptime Team,09-04-2026 16:37,3d 19h,FALSE
1151412,Alarm,"ALARM: ""ARS-Steels-Prod-APP-1a-CPU-95%-#Alarm"" in Asia Pacific (Mumbai)",Closed,Not Violated,-,Uptime Team,09-04-2026 16:37,3d 19h,FALSE
1151413,Alarm,"ALARM: ""SkipperLimited-Prod-DB-1a-CPU-95%(Critical)-#Alarm"" in Asia Pacific (Mumbai)",Closed,Not Violated,Critical - P1,Uptime Team,09-04-2026 16:37,3d 19h,FALSE
1151414,Alarm,"ALARM: ""Duroply-prod-SAPB1-Server1-Memory-85%-#Alarm"" in Asia Pacific (Mumbai)",Closed,Not Violated,Critical - P1,Uptime Team,09-04-2026 16:37,3d 19h,FALSE
1151415,Alarm,"ALARM: ""Brigosha-Prod-Jenkins-Server-1b-Mem-85%-#Alaram"" in Asia Pacific (Mumbai)",Closed,Not Violated,-,DevOps Team,09-04-2026 16:38,3d 19h,FALSE
1151418,Alarm,"ALARM: ""Duroply-prod-SAPB1-Server1-Memory-85%-#Alarm"" in Asia Pacific (Mumbai)",Closed,Not Violated,Critical - P1,Uptime Team,09-04-2026 16:39,3d 19h,FALSE
1151419,Alarm,"ALARM: ""Critical-Minchem-Prod-SAPB1-1b-Disk(C)-95%#Alarm"" in Asia Pacific (Mumbai)",Closed,Not Violated,Critical - P1,Uptime Team,09-04-2026 16:40,3d 19h,FALSE
1151420,Alarm,"ALARM: ""Vawsum-Prime-UAT-APP-1a-CPUUtilization-85%-#Alarm"" in Asia Pacific (Mumbai)",Closed,Not Violated,Critical - P1,Uptime Team,09-04-2026 16:41,3d 19h,FALSE
1151421,Alarm,"ALARM: ""BDG-Metal-Prod-DB-1b-C.P.U-85%#Alarm"" in Asia Pacific (Mumbai)",Closed,Not Violated,-,Uptime Team,09-04-2026 16:42,3d 19h,FALSE
1151422,Alarm,"ALARM: ""Vawsum-Prime-UAT-APP-1a-CPUUtilization-95%-#Alarm"" in Asia Pacific (Mumbai)",Closed,Not Violated,Critical - P1,Uptime Team,09-04-2026 16:42,3d 19h,FALSE
1151423,Alarm,"ALARM: ""anxiprodb-instace-1-new-16-01-rds#DatabaseConnections"" in Asia Pacific (Sydney)",Closed,Not Violated,Critical - P1,Uptime Team,09-04-2026 16:42,3d 19h,FALSE
1151424,Client,Immediate Full Backup Required – CSR Prod Servers | 09-04-2026,Closed,Not Violated,Medium - P3,Enterprise Windows Team,09-04-2026 16:45,3d 19h,FALSE
1151425,Alarm,"ALARM: ""Ankura-Hospitals-Prod-SAPB1-1b-CPU-85%#Alarm"" in Asia Pacific (Mumbai)",Closed,Not Violated,Critical - P1,Uptime Team,09-04-2026 16:46,3d 19h,FALSE
1151426,Alarm,"ALARM: ""GoGlobal-Prod-App+DB-1b-CPU-85%-#Alarm"" in Asia Pacific (Mumbai)",Closed,Not Violated,Critical - P1,Uptime Team,09-04-2026 16:47,3d 19h,FALSE
1151427,Alarm,"ALARM: ""ARS-Steels-Prod-APP-1a-CPU-95%-#Alarm"" in Asia Pacific (Mumbai)",Closed,Not Violated,-,Uptime Team,09-04-2026 16:47,3d 19h,FALSE
1151428,Client,Regarding virtual directory creation ,Awaiting Customer Response,Not Violated,Medium - P3,Enterprise Linux Team,09-04-2026 16:50,3d 19h,FALSE
1151429,Alarm,"ALARM: ""ARS-Steels-Prod-APP-1a-CPU-90%-#Alarm"" in Asia Pacific (Mumbai)",Closed,Not Violated,-,Uptime Team,09-04-2026 16:52,3d 19h,FALSE
1151430,Alarm,"ALARM: ""kims-app-db1-CPU-90%-#Alarm"" in Asia Pacific (Hyderabad)",Closed,Not Violated,Critical - P1,Uptime Team,09-04-2026 16:52,3d 19h,FALSE
1151431,Client,Workmates Backup - No successful backups reminder,Closed,Not Violated,Medium - P3,SMB Linux Team,09-04-2026 16:53,3d 19h,FALSE
1151432,Alarm,"ALARM: ""Vawsum-Prime-UAT-APP-1a-CPUUtilization-85%-#Alarm"" in Asia Pacific (Mumbai)",Closed,Not Violated,Critical - P1,Uptime Team,09-04-2026 16:56,3d 19h,FALSE
1151433,Alarm,"ALARM: ""softweb-srishti-rds-oracle-21c-Memory-85% #Alarm"" in Asia Pacific (Mumbai)",Closed,Not Violated,Critical - P1,Uptime Team,09-04-2026 16:57,3d 19h,FALSE
1151434,Alarm,"ALARM: ""ARS-Steels-Prod-APP-1a-CPU-90%-#Alarm"" in Asia Pacific (Mumbai)",Closed,Not Violated,-,Uptime Team,09-04-2026 16:58,3d 19h,FALSE
1151435,Alarm,"ALARM: ""S4-Prod-LTTS-Powai-SSC-VPN-Tunnel-2-#ALARM"" in Asia Pacific (Mumbai)",Closed,Not Violated,Critical - P1,Uptime Team,09-04-2026 17:02,3d 19h,FALSE
1151436,Alarm,"ALARM: ""LTTS-PROD-POWAI-VPN Tunel-1#ALARM"" in Asia Pacific (Mumbai)",Closed,Not Violated,Critical - P1,Uptime Team,09-04-2026 17:02,3d 19h,FALSE
1151437,Alarm,"ALARM: ""ARS-Steels-Prod-APP-1a-CPU-95%-#Alarm"" in Asia Pacific (Mumbai)",Closed,Not Violated,-,Uptime Team,09-04-2026 17:03,3d 19h,FALSE
1151438,Client,Retailair staging domain update,Closed,Not Violated,Medium - P3,Enterprise Windows Team,09-04-2026 17:05,3d 19h,FALSE
1151439,Alarm,"ALARM: ""Duroply-prod-SAPB1-Server1-Memory-85%-#Alarm"" in Asia Pacific (Mumbai)",Closed,Not Violated,Critical - P1,Uptime Team,09-04-2026 17:06,3d 19h,FALSE
1151440,Client,[CRITICAL][AWS CONFIG] NON_COMPLIANT - Volume - vol-0e246b29174082e55,Closed,Not Violated,Medium - P3,Uptime Team,09-04-2026 17:06,3d 19h,FALSE
1151441,Alarm,"ALARM: ""Gemtech-SAP-B1-Server-Window-2022-CPU-85%-#Alarm"" in Asia Pacific (Mumbai)",Closed,Not Violated,Critical - P1,Uptime Team,09-04-2026 17:06,3d 19h,FALSE
1151442,Alarm,"ALARM: ""ARS-Steels-Prod-APP-1a-CPU-90%-#Alarm"" in Asia Pacific (Mumbai)",Closed,Not Violated,-,Uptime Team,09-04-2026 17:07,3d 19h,FALSE
1151443,Alarm,"ALARM: ""Brigosha-Prod-Jenkins-Server-1b-Mem-95%-#Alaram"" in Asia Pacific (Mumbai)",Closed,Not Violated,-,Uptime Team,09-04-2026 17:07,3d 19h,FALSE
1151444,Client,AWS Cost Management: Cost anomaly detected on 2026-04-09T11:37:51.613463568Z,Closed,Not Violated,Medium - P3,Enterprise Windows Team,09-04-2026 17:08,3d 19h,FALSE
1151445,Alarm,"ALARM: ""Brigosha-Prod-Jenkins-Server-1b-Mem-85%-#Alaram"" in Asia Pacific (Mumbai)",Closed,Not Violated,-,Uptime Team,09-04-2026 17:08,3d 19h,FALSE
1151447,Client,[CRITICAL][AWS CONFIG] NON_COMPLIANT - Volume - vol-0c6b4b7c31589996b,Closed,Not Violated,Medium - P3,Uptime Team,09-04-2026 17:08,3d 19h,FALSE
1151448,Alarm,"ALARM: ""ARS-Steels-Prod-APP-1a-CPU-95%-#Alarm"" in Asia Pacific (Mumbai)",Closed,Not Violated,-,Uptime Team,09-04-2026 17:09,3d 19h,FALSE
1151449,Alarm,"ALARM: ""Lighthouse-Saasify-Prod-Cent0s-Oracle-DB-1b-CPU-95%-#Alarm"" in Asia Pacific (Mumbai)",Closed,Not Violated,Critical - P1,Uptime Team,09-04-2026 17:12,3d 19h,FALSE
1151450,Alarm,"ALARM: ""Lighthouse-Saasify-Prod-Cent0s-Oracle-DB-1b-CPU-85%-#Alarm"" in Asia Pacific (Mumbai)",Closed,Not Violated,Critical - P1,Uptime Team,09-04-2026 17:12,3d 19h,FALSE
1151451,Alarm,"ALARM: ""Midland-Tableau-Prod-Server-1a-Memory-85%-#Alarm"" in Asia Pacific (Mumbai)",Closed,Not Violated,High - P2,Enterprise Windows Team,09-04-2026 17:14,3d 19h,FALSE
1151453,Alarm,AWS Cost Management: Cost anomaly detected on 2026-04-09T11:46:21.414060135Z,Closed,Not Violated,Medium - P3,Enterprise Windows Team,09-04-2026 17:16,3d 19h,FALSE
1151454,Alarm,AWS Cost Management: Cost anomaly detected on 2026-04-09T11:47:08.842723003Z,Closed,Not Violated,Medium - P3,Enterprise Windows Team,09-04-2026 17:17,3d 19h,FALSE
1151455,Alarm,"ALARM: ""Midland-Tableau-Prod-Server-1a_CPUUtilization_90%_#Alarm"" in Asia Pacific (Mumbai)",Closed,Not Violated,High - P2,Uptime Team,09-04-2026 17:20,3d 19h,FALSE
1151456,Alarm,"ALARM: ""MK-Agro-PRD-CSNG-DBP-01-CPU-85%-#Alarm"" in Asia Pacific (Mumbai)",Closed,Not Violated,Critical - P1,Uptime Team,09-04-2026 17:23,3d 19h,FALSE
1151457,Alarm,"ALARM: ""ORFIL-Live-MeTool-PROD-EC2-CPU-Alert"" in Asia Pacific (Mumbai)",Closed,Not Violated,Critical - P1,Uptime Team,09-04-2026 17:24,3d 19h,FALSE
1151458,Alarm,"ALARM: ""softweb-srishti-rds-oracle-21c-Memory-85% #Alarm"" in Asia Pacific (Mumbai)",Closed,Not Violated,Critical - P1,Uptime Team,09-04-2026 17:27,3d 19h,FALSE
1151459,Alarm,"ALARM: ""Ankura-Hospitals-Prod-HANA-1b-Memory-85%#Alarm"" in Asia Pacific (Mumbai)",Closed,Not Violated,Critical - P1,Uptime Team,09-04-2026 17:28,3d 19h,FALSE
1151460,Alarm,"ALARM: ""Critical-Ankura-Hospitals-Prod-HANA-1b-Memory-95%#Alarm"" in Asia Pacific (Mumbai)",Closed,Not Violated,Critical - P1,Uptime Team,09-04-2026 17:28,3d 19h,FALSE
1151462,Alarm,"ALARM: ""Kims-Hospital-Prod-Web-Server-1b-CPUUtilization-85% #Alarm"" in Asia Pacific (Mumbai)",Closed,Not Violated,-,Uptime Team,09-04-2026 17:30,3d 19h,FALSE
1151463,Alarm,"ALARM: ""SoftWeb-App-pub-server-1b-#CPUUtilization-90%-#ALARM"" in Asia Pacific (Mumbai)",Closed,Not Violated,High - P2,Uptime Team,09-04-2026 17:31,3d 19h,FALSE
1151464,Alarm,Vawsum | https://vawsum.com/ is Down from multiple locations,Closed,Not Violated,-,Uptime Team,09-04-2026 17:32,3d 19h,FALSE
1151465,Alarm,Vawsum | https://vawsum.com/ is Up,Closed,Not Violated,-,Uptime Team,09-04-2026 17:33,3d 19h,FALSE
1151467,Client,AWS Account [701183396421] Console Access For Pradeep,Closed,Not Violated,Medium - P3,SMB Linux Team,09-04-2026 17:35,3d 18h,FALSE
1151468,Alarm,"ALARM: ""Sampark-Spark Activity-Prod-Disk(Root)-85%#Alarm"" in Asia Pacific (Mumbai)",Closed,Not Violated,-,Uptime Team,09-04-2026 17:35,3d 18h,FALSE
1151469,Alarm,Gabriels Technology is Down from multiple locations,Closed,Not Violated,-,Uptime Team,09-04-2026 17:36,3d 18h,FALSE
1151470,Alarm,Gabriels Technology is Up,Closed,Not Violated,-,Uptime Team,09-04-2026 17:37,3d 18h,FALSE
1151471,Alarm,"ALARM: ""Logistos-jenkins-dev-1b-CPU-95%-#Alarm"" in Asia Pacific (Mumbai)",Closed,Not Violated,Critical - P1,Uptime Team,09-04-2026 17:39,3d 18h,FALSE
1151472,Alarm,"ALARM: ""kishorilala-Prod-SAP-B1-1b-Memory-85%#Alarm"" in Asia Pacific (Mumbai)",Closed,Not Violated,Critical - P1,Uptime Team,09-04-2026 17:39,3d 18h,FALSE
1151473,Alarm,"ALARM: ""Logistos-jenkins-dev-1b-CPU-85%-#Alarm"" in Asia Pacific (Mumbai)",Closed,Not Violated,Critical - P1,Uptime Team,09-04-2026 17:39,3d 18h,FALSE
1151474,Client,New Pod requirement on Production,Closed,Response Violation,Medium - P3,DevOps Team,09-04-2026 17:42,3d 18h,FALSE
1151475,Alarm,"ALARM: ""anxiprodb-instace-1-new-16-01-rds#DatabaseConnections"" in Asia Pacific (Sydney)",Closed,Not Violated,Critical - P1,Uptime Team,09-04-2026 17:42,3d 18h,FALSE
1151476,Alarm,"ALARM: ""softweb-srishti-rds-oracle-21c-Memory-85% #Alarm"" in Asia Pacific (Mumbai)",Closed,Not Violated,Critical - P1,Uptime Team,09-04-2026 17:43,3d 18h,FALSE
1151477,Client,Attention required on case 177510886500736: Multiple Domains in SES,Closed,Not Violated,Medium - P3,Uptime Team,09-04-2026 17:43,3d 18h,FALSE
1151478,Client,Unable to Connect the VPN,Closed,Not Violated,Medium - P3,Uptime Team,09-04-2026 17:44,3d 18h,FALSE
1151479,Alarm,"ALARM: ""anxiprodb-instace-1-new-16-01-rds#DatabaseConnections"" in Asia Pacific (Sydney)",Closed,Not Violated,Critical - P1,Uptime Team,09-04-2026 17:45,3d 18h,FALSE
1151480,Client,Extend Server till 10 pm today,Closed,Not Violated,Medium - P3,Uptime Team,09-04-2026 17:46,3d 18h,FALSE
1151481,Alarm,"ALARM: ""Logistos-jenkins-dev-1b-Memory-85%-#Alarm"" in Asia Pacific (Mumbai)",Closed,Not Violated,Critical - P1,Uptime Team,09-04-2026 17:46,3d 18h,FALSE
1151482,Alarm,"ALARM: ""ARS-Steels-Prod-APP-1a-CPU-95%-#Alarm"" in Asia Pacific (Mumbai)",Closed,Not Violated,-,Uptime Team,09-04-2026 17:47,3d 18h,FALSE
1151483,Alarm,"ALARM: ""SURAJLOGISTIX-Prod-App-Pub-1c-Memory-90%#Alarm"" in Asia Pacific (Mumbai)",Closed,Not Violated,-,Uptime Team,09-04-2026 17:49,3d 18h,FALSE
1151484,Alarm,"ALARM: ""ARS-Steels-Prod-APP-1a-CPU-95%-#Alarm"" in Asia Pacific (Mumbai)",Closed,Not Violated,-,Uptime Team,09-04-2026 17:49,3d 18h,FALSE
1151485,Alarm,"ALARM: ""Samriddhi-Jewellers-DB-Memory-85%-#ALARM"" in Asia Pacific (Mumbai)",Closed,Not Violated,Critical - P1,Uptime Team,09-04-2026 17:50,3d 18h,FALSE
1151486,Alarm,"ALARM: ""ARS-Steels-Prod-APP-1a-CPU-90%-#Alarm"" in Asia Pacific (Mumbai)",Closed,Not Violated,-,Uptime Team,09-04-2026 17:52,3d 18h,FALSE
1151487,Alarm,"ALARM: ""anxiprodb-instace-1-new-16-01-rds#DatabaseConnections"" in Asia Pacific (Sydney)",Closed,Not Violated,Critical - P1,Uptime Team,09-04-2026 17:52,3d 18h,FALSE
1151488,Alarm,"ALARM: ""MK-Agro-PRD-CSNG-DBP-01-CPU-85%-#Alarm"" in Asia Pacific (Mumbai)",Closed,Not Violated,Critical - P1,Uptime Team,09-04-2026 17:52,3d 18h,FALSE
1151489,Alarm,"ALARM: ""IKF-Finance-security-group-changes-#Alarm"" in Asia Pacific (Mumbai)",Closed,Not Violated,Critical - P1,Enterprise Windows Team,09-04-2026 17:54,3d 18h,FALSE
1151490,Alarm,"ALARM: ""S4-Prod-LTTS-Powai-SSC-VPN-Tunnel-2-#ALARM"" in Asia Pacific (Mumbai)",Closed,Not Violated,Critical - P1,Uptime Team,09-04-2026 17:56,3d 18h,FALSE
1151492,Alarm,"ALARM: ""S4-Prod-LTTS-Powai-SSC-Status-down"" in Asia Pacific (Mumbai)",Closed,Not Violated,-,Enterprise Linux Team,09-04-2026 17:57,3d 18h,FALSE
1151494,Alarm,"ALARM: ""kfinpwm-narc-prod-rds-CPU-85%-#Alarm"" in Asia Pacific (Mumbai)",Closed,Not Violated,Critical - P1,Uptime Team,09-04-2026 18:01,3d 18h,FALSE
1151495,Alarm,"ALARM: ""kfinpwm-narc-prod-rds-CPU-85%-#Alarm"" in Asia Pacific (Mumbai)",Closed,Not Violated,Critical - P1,Uptime Team,09-04-2026 18:01,3d 18h,FALSE
1151496,Alarm,"ALARM: ""ARS-Steels-Prod-APP-1a-CPU-90%-#Alarm"" in Asia Pacific (Mumbai)",Closed,Not Violated,-,Uptime Team,09-04-2026 18:02,3d 18h,FALSE
1151497,Alarm,"ALARM: ""ARS-Steels-Prod-APP-1a-CPU-95%-#Alarm"" in Asia Pacific (Mumbai)",Closed,Not Violated,-,Uptime Team,09-04-2026 18:02,3d 18h,FALSE
1151498,Alarm,"ALARM: ""Arundhati-Jewellers-DB-1b-CPU-85%-#Alarm"" in Asia Pacific (Mumbai)",Closed,Not Violated,Critical - P1,Uptime Team,09-04-2026 18:02,3d 18h,FALSE
1151499,Alarm,"ALARM: ""Arundhati-Jewellers-DB-1b-CPU-95%-#Alarm"" in Asia Pacific (Mumbai)",Closed,Not Violated,Critical - P1,Uptime Team,09-04-2026 18:02,3d 18h,FALSE
1151500,Alarm,"ALARM: ""KFIN-AIF-Prod-NEO-WebApp-1b-Disk(Root)-85%-#Alarm"" in Asia Pacific (Mumbai)",Closed,Not Violated,Critical - P1,Uptime Team,09-04-2026 18:03,3d 18h,FALSE
1151501,Alarm,"ALARM: ""anxiprodb-instace-1-new-16-01-rds#DatabaseConnections"" in Asia Pacific (Sydney)",Closed,Not Violated,Critical - P1,Uptime Team,09-04-2026 18:03,3d 18h,FALSE
1151502,Alarm,"ALARM: ""hoichoi-aws-aps1-prod-ecs-hoichoi-identity_high_cpu_util_alarm"" in Asia Pacific (Mumbai)",Closed,Not Violated,Critical - P1,Uptime Team,09-04-2026 18:04,3d 18h,FALSE
1151503,Alarm,"ALARM: ""Samriddhi-Jewellers-DB-Memory-85%-#ALARM"" in Asia Pacific (Mumbai)",Awaiting Customer Response,Not Violated,Critical - P1,SMB Windows Team,09-04-2026 18:04,3d 18h,FALSE
1151504,Alarm,"Important notice about your AWS Account regarding VPN connections [AWS Account: 699951450237, VPN Connection: vpn-030db85df18f22a72, Tunnel Outside IP: 13.232.90.192]",Closed,Not Violated,Medium - P3,Uptime Team,09-04-2026 18:06,3d 18h,FALSE
1151505,Alarm,"ALARM: ""Raaxtec-Prod-DB-1b-CPU-85%-#Alarm"" in Asia Pacific (Mumbai)",Closed,Not Violated,Critical - P1,Uptime Team,09-04-2026 18:06,3d 18h,FALSE
1151506,Alarm,"ALARM: ""Absolute-Barbeque-Prod-SAPB1-1b-CPU-85%#Alarm"" in Asia Pacific (Mumbai)",Closed,Not Violated,Critical - P1,Uptime Team,09-04-2026 18:08,3d 18h,FALSE
1151508,Alarm,"ALARM: ""Geetarani-grm-mysql-rds-CPU-85%-Alarm"" in Asia Pacific (Mumbai)",Closed,Not Violated,-,Uptime Team,09-04-2026 18:13,3d 18h,FALSE
1151507,Alarm,"ALARM: ""Geetarani-grm-mysql-rds-CPU-90%-Alarm"" in Asia Pacific (Mumbai)",Closed,Not Violated,-,Uptime Team,09-04-2026 18:13,3d 18h,FALSE
1151509,Alarm,"ALARM: ""Ankura-Hospitals-Prod-HANA-1b-Memory-85%#Alarm"" in Asia Pacific (Mumbai)",Closed,Not Violated,Critical - P1,Uptime Team,09-04-2026 18:14,3d 18h,FALSE
1151510,Alarm,"ALARM: ""Geetarani-grm-mysql-rds-CPU-95%-Alarm"" in Asia Pacific (Mumbai)",Closed,Not Violated,-,Uptime Team,09-04-2026 18:14,3d 18h,FALSE
1151511,Alarm,"ALARM: ""Critical-Ankura-Hospitals-Prod-HANA-1b-Memory-95%#Alarm"" in Asia Pacific (Mumbai)",Closed,Not Violated,Critical - P1,Uptime Team,09-04-2026 18:14,3d 18h,FALSE
1151512,Alarm,"Important notice about your AWS Account regarding VPN connections [AWS Account: 410097949519, VPN Connection: vpn-0751f4047ca445e00, Tunnel Outside IP: 13.233.169.97]",Closed,Not Violated,Medium - P3,Uptime Team,09-04-2026 18:17,3d 18h,FALSE
1151513,Alarm,"ALARM: ""KFIN-AIF-Hex-UAT-1a-CPU-85%-#Alarm"" in Asia Pacific (Mumbai)",Closed,Not Violated,Critical - P1,Uptime Team,09-04-2026 18:18,3d 18h,FALSE
1151514,Alarm,"ALARM: ""anxiprodb-instace-1-new-16-01-rds#DatabaseConnections"" in Asia Pacific (Sydney)",Closed,Not Violated,Critical - P1,Uptime Team,09-04-2026 18:22,3d 18h,FALSE
1151515,Alarm,"ALARM: ""LuxIndustries-Prod-UBQ-Mysql-DB-1b-CPU-85%-#Alarm"" in Asia Pacific (Mumbai)",Closed,Not Violated,Critical - P1,Uptime Team,09-04-2026 18:23,3d 18h,FALSE
1151516,Client,Workmates Backup - No successful backups reminder,Closed,Not Violated,Medium - P3,SMB Linux Team,09-04-2026 18:23,3d 18h,FALSE
1151517,Alarm,"ALARM: ""Genupathlab-ITDOSE-DB-1b-FreeSpace-Disk(D)-15%-#Alarm"" in Asia Pacific (Mumbai)",Closed,Not Violated,Critical - P1,Uptime Team,09-04-2026 18:24,3d 18h,FALSE
1151518,Alarm,"ALARM: ""Genupathlab-ITDOSE-DB-1b-FreeSpace-Disk(D)-15%-#Alarm"" in Asia Pacific (Mumbai)",Closed,Not Violated,Critical - P1,Uptime Team,09-04-2026 18:24,3d 18h,FALSE
1151519,Client,for server continuation till 11 pm by today,Closed,Not Violated,Medium - P3,Uptime Team,09-04-2026 18:26,3d 18h,FALSE
1151520,Alarm,"ALARM: ""Trakkerz & ERP (CMS-New-Windows)-Disk(D)-85%#Alarm"" in Asia Pacific (Mumbai)",Closed,Not Violated,Critical - P1,Uptime Team,09-04-2026 18:27,3d 18h,FALSE
1151521,Alarm,"ALARM: ""Logistos-jenkins-dev-1b-CPU-85%-#Alarm"" in Asia Pacific (Mumbai)",Closed,Not Violated,Critical - P1,Uptime Team,09-04-2026 18:27,3d 18h,FALSE
1151522,Alarm,"ALARM: ""Logistos-jenkins-dev-1b-CPU-95%-#Alarm"" in Asia Pacific (Mumbai)",Closed,Not Violated,Critical - P1,Uptime Team,09-04-2026 18:28,3d 18h,FALSE
1151523,Client,Post-Discussion Summary and Next Steps,Awaiting Customer Response,Not Violated,Medium - P3,Enterprise Linux Team,09-04-2026 18:29,3d 18h,TRUE
1151525,Alarm,"ALARM: ""anxiprodb-instace-1-new-16-01-rds#DatabaseConnections"" in Asia Pacific (Sydney)",Closed,Not Violated,Critical - P1,Uptime Team,09-04-2026 18:30,3d 18h,FALSE
1151526,Alarm,"ALARM: ""Absolute-Barbeque-Prod-SAPB1-1b-CPU-85%#Alarm"" in Asia Pacific (Mumbai)",Closed,Not Violated,Critical - P1,Uptime Team,09-04-2026 18:32,3d 18h,FALSE
1151527,Client,Retailair staging domain update,Closed,Not Violated,Medium - P3,Enterprise Windows Team,09-04-2026 18:33,3d 18h,FALSE
1151528,Alarm,"ALARM: ""Logistos-jenkins-dev-1b-Memory-85%-#Alarm"" in Asia Pacific (Mumbai)",Closed,Not Violated,Critical - P1,Uptime Team,09-04-2026 18:34,3d 17h,FALSE
1151529,Alarm,"ALARM: ""Kims-Hospital-KSRVDMSPRD-Server-2b-Disk(/sapdb)-85%-#Alarm"" in Asia Pacific (Hyderabad)",Closed,Not Violated,-,Uptime Team,09-04-2026 18:34,3d 17h,FALSE
1151530,Alarm,"ALARM: ""Drivers4Me-UAT-DB-1b-C.P.U-85%#Alarm"" in Asia Pacific (Mumbai)",Closed,Not Violated,Critical - P1,Uptime Team,09-04-2026 18:36,3d 17h,FALSE
1151531,Alarm,"ALARM: ""anxiprodb-instace-1-new-16-01-rds#DatabaseConnections"" in Asia Pacific (Sydney)",Closed,Not Violated,Critical - P1,Uptime Team,09-04-2026 18:39,3d 17h,FALSE
1151532,Alarm,"ALARM: ""SoftWeb-App-pub-server-1b-Disk(D)-85%-#ALARM"" in Asia Pacific (Mumbai)",Closed,Not Violated,-,Uptime Team,09-04-2026 18:39,3d 17h,FALSE
1151534,Alarm,"ALARM: ""Absolute-Barbeque-Prod-SAPB1-1b-CPU-85%#Alarm"" in Asia Pacific (Mumbai)",Closed,Not Violated,Critical - P1,Uptime Team,09-04-2026 18:42,3d 17h,FALSE
1151537,Alarm,"ALARM: ""LeeNee-Rama-Overseas-Prod-App-1b-Disk(C)-VolumeAvgThroughput#Alarm"" in Asia Pacific (Mumbai)",Closed,Not Violated,Critical - P1,Uptime Team,09-04-2026 18:46,3d 17h,FALSE
1151538,Client,Attention required on case 177485483800054: Guidance on RDS Reserved Instances and Organization Account Setup,Closed,Not Violated,Medium - P3,Uptime Team,09-04-2026 18:46,3d 17h,FALSE
1151539,Alarm,"ALARM: ""Drivers4Me-UAT-DB-1b-C.P.U-85%#Alarm"" in Asia Pacific (Mumbai)",Closed,Not Violated,Critical - P1,Uptime Team,09-04-2026 18:49,3d 17h,FALSE
1151542,Alarm,"ALARM: ""Softweb-GPS-Prod-(APP-DB)-1b-Disk(/)-95%-#Alarm"" in Asia Pacific (Mumbai)",Closed,Not Violated,-,Uptime Team,09-04-2026 18:51,3d 17h,FALSE
1151543,Alarm,"ALARM: ""KFIN-AIF-Hex-UAT-1a-CPU-85%-#Alarm"" in Asia Pacific (Mumbai)",Closed,Not Violated,Critical - P1,Uptime Team,09-04-2026 18:52,3d 17h,FALSE
1151545,Alarm,"ALARM: ""Drivers4Me-UAT-DB-1b-C.P.U-85%#Alarm"" in Asia Pacific (Mumbai)",Closed,Not Violated,Critical - P1,Uptime Team,09-04-2026 18:53,3d 17h,FALSE
1151546,Client,Today Tasks | 9-4-2026,Closed,Not Violated,Medium - P3,-,09-04-2026 18:55,3d 17h,FALSE
1151547,Alarm,"ALARM: ""Absolute-Barbeque-Prod-SAPB1-1b-CPU-85%#Alarm"" in Asia Pacific (Mumbai)",Closed,Not Violated,Critical - P1,Uptime Team,09-04-2026 18:56,3d 17h,FALSE
1151550,Client,Workmates-MSP360-Reports,Closed,Not Violated,Medium - P3,SMB Linux Team,09-04-2026 19:01,3d 17h,FALSE
1151551,Alarm,Shifa Hospitals is Down from multiple locations,Closed,Not Violated,-,Uptime Team,09-04-2026 19:03,3d 17h,FALSE
1151552,Alarm,"ALARM: ""AMPL-Audit-Prod-App-Server-1b-Disk(Root)-85%-#Alarm"" in Asia Pacific (Mumbai)",Closed,Not Violated,-,Uptime Team,09-04-2026 19:04,3d 17h,FALSE
1151553,Alarm,"ALARM: ""AFPL-Prod-Seceon-CCE-Pub-1b-Memory-85%-#Alarms"" in Asia Pacific (Mumbai)",Closed,Not Violated,-,Uptime Team,09-04-2026 19:06,3d 17h,FALSE
1151555,Alarm,"ALARM: ""S4-Prod-LTTS-Powai-SSC-VPN-Tunnel-2-#ALARM"" in Asia Pacific (Mumbai)",Closed,Not Violated,Critical - P1,Uptime Team,09-04-2026 19:06,3d 17h,FALSE
1151556,Alarm,Vawsum | https://vawsum.com/ is Down from multiple locations,Closed,Not Violated,-,Uptime Team,09-04-2026 19:06,3d 17h,FALSE
1151557,Alarm,"ALARM: ""S4-Prod-LTTS-Powai-SSC-Status-down"" in Asia Pacific (Mumbai)",Closed,Not Violated,-,Uptime Team,09-04-2026 19:07,3d 17h,FALSE
1151558,Alarm,"ALARM: ""Logistos-jenkins-dev-1b-StatusCheckFailed-Instance-#Alarm"" in Asia Pacific (Mumbai)",Closed,Not Violated,Critical - P1,Uptime Team,09-04-2026 19:08,3d 17h,FALSE
1151559,Alarm,"ALARM: ""KFIN-AIF-Hex-UAT-1a-Memory-85%-#Alarm"" in Asia Pacific (Mumbai)",Closed,Not Violated,Critical - P1,Uptime Team,09-04-2026 19:10,3d 17h,FALSE
1151562,Client,AWS Cost Management: Cost anomaly detected on 2026-04-09T13:41:15.482578184Z,Closed,Not Violated,Medium - P3,SMB Linux Team,09-04-2026 19:11,3d 17h,FALSE
1151564,Alarm,"ALARM: ""anxiprodb-instace-1-new-16-01-rds#DatabaseConnections"" in Asia Pacific (Sydney)",Closed,Not Violated,Critical - P1,Uptime Team,09-04-2026 19:16,3d 17h,FALSE
1151565,Alarm,Argus News is Down from multiple locations,Closed,Not Violated,-,Uptime Team,09-04-2026 19:17,3d 17h,FALSE
1151566,Alarm,Argus News is Up,Closed,Not Violated,-,Uptime Team,09-04-2026 19:17,3d 17h,FALSE
1151567,Alarm,Vawsum | https://vawsum.com/ is Up,Closed,Not Violated,-,Uptime Team,09-04-2026 19:17,3d 17h,FALSE
1151570,Alarm,"ALARM: ""OPHWC-DEV-QAS-HANA-Pvt-1b-Memory-85%-#Alarm"" in Asia Pacific (Mumbai)",Closed,Not Violated,Critical - P1,Uptime Team,09-04-2026 19:19,3d 17h,FALSE
1151574,Alarm,"ALARM: ""anxiprodb-instace-1-new-16-01-rds#DatabaseConnections"" in Asia Pacific (Sydney)",Closed,Not Violated,Critical - P1,Uptime Team,09-04-2026 19:29,3d 17h,FALSE
1151577,Alarm,"ALARM: ""Absolute-Barbeque-Prod-SAPB1-1b-CPU-85%#Alarm"" in Asia Pacific (Mumbai)",Closed,Not Violated,Critical - P1,Uptime Team,09-04-2026 19:31,3d 17h,FALSE
1151578,Alarm,"ALARM: ""anxiprodb-instace-1-new-16-01-rds#DatabaseConnections"" in Asia Pacific (Sydney)",Closed,Not Violated,Critical - P1,Uptime Team,09-04-2026 19:33,3d 16h,FALSE
1151579,Alarm,"ALARM: ""Magpet-Prod-SAP-New-Pub-NEW-CPU-85%-#Alarm"" in Asia Pacific (Mumbai)",Closed,Not Violated,-,Uptime Team,09-04-2026 19:36,3d 16h,FALSE
1151580,Alarm,Workmates Core2Cloud is Down from multiple locations,Closed,Not Violated,-,Uptime Team,09-04-2026 19:45,3d 16h,FALSE
1151581,Alarm,Workmates Core2Cloud is Up,Closed,Not Violated,-,Uptime Team,09-04-2026 19:45,3d 16h,FALSE
1151582,Alarm,"ALARM: ""ETEdge-TG-MySQL-1b-CPU-Utilization-85%-#Alarm"" in Asia Pacific (Mumbai)",Closed,Not Violated,Critical - P1,Uptime Team,09-04-2026 19:47,3d 16h,FALSE
1151583,Alarm,"ALARM: ""IWMBUZZ-PROD-WPS-ADMIN-Memory-85%-#Alarm"" in Asia Pacific (Mumbai)",Closed,Not Violated,Critical - P1,Uptime Team,09-04-2026 19:48,3d 16h,FALSE
1151584,Alarm,"ALARM: ""GangesJute-Prod-App-1b-New-CPU-85%-#Alarm"" in Asia Pacific (Mumbai)",Closed,Not Violated,Critical - P1,Uptime Team,09-04-2026 19:56,3d 16h,FALSE
1151585,Alarm,"ALARM: ""HoiChoi-x-CWM-x-ProdRevAmp-hoichoi-aws-aps1-prod-ecs-hoichoi-th..."" in Asia Pacific (Mumbai)",Closed,Not Violated,Critical - P1,Uptime Team,09-04-2026 19:58,3d 16h,FALSE
1151587,Alarm,AWS Notification Message,Closed,Not Violated,Medium - P3,Uptime Team,09-04-2026 20:00,3d 16h,FALSE
1151588,Alarm,AWS Notification Message,Closed,Not Violated,Medium - P3,Uptime Team,09-04-2026 20:00,3d 16h,FALSE
1151589,Alarm,AWS Notification Message,Closed,Not Violated,Medium - P3,Uptime Team,09-04-2026 20:00,3d 16h,FALSE
1151591,Client,AWS Cost Management: Cost anomaly detected on 2026-04-09T14:32:50.493997071Z,Closed,Not Violated,Medium - P3,SMB Linux Team,09-04-2026 20:03,3d 16h,FALSE
1151592,Alarm,AWS Cost Management: Cost anomaly detected on 2026-04-09T14:33:02.084084521Z,Closed,Not Violated,Medium - P3,Enterprise Windows Team,09-04-2026 20:03,3d 16h,FALSE
1151593,Alarm,AWS Cost Management: Cost anomaly detected on 2026-04-09T14:33:10.616919651Z,Closed,Not Violated,Medium - P3,SMB Linux Team,09-04-2026 20:03,3d 16h,FALSE
1151596,Alarm,"ALARM: ""anxiprodb-instace-1-new-16-01-rds#DatabaseConnections"" in Asia Pacific (Sydney)",Closed,Not Violated,Critical - P1,Uptime Team,09-04-2026 20:11,3d 16h,FALSE
1151597,Alarm,"ALARM: ""BDG-Metal-Prod-DB-1b-Disk(D:)-90%#Alarm"" in Asia Pacific (Mumbai)",Closed,Not Violated,-,Uptime Team,09-04-2026 20:14,3d 16h,FALSE
1151600,Alarm,"ALARM: ""HoiChoi-x-CWM-x-ProdRevAmp-hoichoi-aws-aps1-prod-ecs-hoichoi-th..."" in Asia Pacific (Mumbai)",Closed,Not Violated,Critical - P1,Uptime Team,09-04-2026 20:24,3d 16h,FALSE
1151601,Alarm,"ALARM: ""Arjava-Advisor-ClickHouse-DB-1b-Disk(Root)-85%-#Alarm"" in Asia Pacific (Mumbai)",Closed,Not Violated,Critical - P1,Uptime Team,09-04-2026 20:25,3d 16h,FALSE
1151602,Alarm,"ALARM: ""S4-Prod-LTTS-Powai-SSC-VPN-Tunnel-2-#ALARM"" in Asia Pacific (Mumbai)",Closed,Not Violated,Critical - P1,Uptime Team,09-04-2026 20:25,3d 16h,FALSE
1151603,Alarm,"ALARM: ""S4-Prod-LTTS-Powai-SSC-Status-down"" in Asia Pacific (Mumbai)",Closed,Not Violated,-,Uptime Team,09-04-2026 20:26,3d 16h,FALSE
1151604,Alarm,"ALARM: ""GangesJute-Prod-App-1b-New-CPU-85%-#Alarm"" in Asia Pacific (Mumbai)",Closed,Not Violated,Critical - P1,Uptime Team,09-04-2026 20:27,3d 16h,FALSE
1151606,Alarm,"ALARM: ""RS-SS-PROD-API-1-AP-1b-CPU-85%-#Alarm"" in Asia Pacific (Mumbai)",Closed,Not Violated,Critical - P1,Uptime Team,09-04-2026 20:33,3d 16h,FALSE
1151607,Alarm,"ALARM: ""BB-CMT-App2-UAT-1b-CPU-85%-#Alarm"" in Asia Pacific (Mumbai)",Closed,Not Violated,Critical - P1,Uptime Team,09-04-2026 20:40,3d 15h,FALSE
1151608,Alarm,"ALARM: ""SS-RS-PROD-API-5-AP-1b-CPU-85%-#Alarm"" in Asia Pacific (Mumbai)",Closed,Not Violated,Critical - P1,Uptime Team,09-04-2026 20:42,3d 15h,FALSE
1151609,Alarm,"ALARM: ""S4-LTTS-Dev-NW_PO-Memory(available)-30%#Alarm"" in Asia Pacific (Mumbai)",Closed,Not Violated,Critical - P1,Uptime Team,09-04-2026 20:43,3d 15h,FALSE
1151612,Alarm,"ALARM: ""Prod - ws.dlevels.com - app webservices-CPU-95%-#Alarm"" in Asia Pacific (Mumbai)",Closed,Not Violated,Critical - P1,Uptime Team,09-04-2026 20:44,3d 15h,FALSE
1151613,Alarm,"ALARM: ""Prod - ws.dlevels.com - app webservices-CPU-85%-#Alarm"" in Asia Pacific (Mumbai)",Closed,Not Violated,Critical - P1,Uptime Team,09-04-2026 20:45,3d 15h,FALSE
1151614,Alarm,"ALARM: ""Kims-Hospital-KSRVPRDDB-Server-2b-Memory-90%-#Alarm"" in Asia Pacific (Hyderabad)",Closed,Not Violated,-,Uptime Team,09-04-2026 20:45,3d 15h,FALSE
1151615,Alarm,"ALARM: ""SS-RS-PROD-API-7-AP-1b-CPU-85%-#Alarm"" in Asia Pacific (Mumbai)",Closed,Not Violated,Critical - P1,Uptime Team,09-04-2026 20:51,3d 15h,FALSE
1151616,Alarm,"ALARM: ""SS-RS-PROD-API-5-AP-1b-CPU-85%-#Alarm"" in Asia Pacific (Mumbai)",Closed,Not Violated,Critical - P1,Uptime Team,09-04-2026 20:52,3d 15h,FALSE
1151617,Alarm,"ALARM: ""anxiprodb-instace-1-new-16-01-rds#DatabaseConnections"" in Asia Pacific (Sydney)",Closed,Not Violated,Critical - P1,Uptime Team,09-04-2026 20:55,3d 15h,FALSE
1151618,Alarm,"ALARM: ""SS-RS-PROD-API-6-AP-1b-CPU-85%-#Alarm"" in Asia Pacific (Mumbai)",Closed,Not Violated,Critical - P1,Uptime Team,09-04-2026 20:56,3d 15h,FALSE
1151619,Alarm,"ALARM: ""SS-RS-PROD-API-3-AP-1b-CPU_Utlization#Alarm"" in Asia Pacific (Mumbai)",Closed,Not Violated,Critical - P1,Uptime Team,09-04-2026 20:56,3d 15h,FALSE
1151620,Alarm,"ALARM: ""SS-RS-PROD-API-7-AP-1b-CPU-85%-#Alarm"" in Asia Pacific (Mumbai)",Closed,Not Violated,Critical - P1,Uptime Team,09-04-2026 20:57,3d 15h,FALSE
1151623,Client,Workmates-MSP360-Reports,Closed,Not Violated,Medium - P3,Uptime Team,09-04-2026 21:00,3d 15h,FALSE
1151624,Client,Workmates-MSP360-Reports,Closed,Not Violated,Medium - P3,Uptime Team,09-04-2026 21:01,3d 15h,FALSE
1151625,Client,Workmates-MSP360-Reports,Closed,Not Violated,Medium - P3,Uptime Team,09-04-2026 21:01,3d 15h,FALSE
1151626,Client,Workmates-MSP360-Reports,Closed,Not Violated,Medium - P3,Enterprise Windows Team,09-04-2026 21:02,3d 15h,FALSE
1151627,Alarm,"ALARM: ""BB-APM-SyntheticMonitoring1-UAT-1b-CPU-95%-#Alarm#"" in Asia Pacific (Mumbai)",Closed,Not Violated,Critical - P1,Uptime Team,09-04-2026 21:03,3d 15h,FALSE
1151628,Client,Workmates-MSP360-Reports,Closed,Not Violated,Medium - P3,Uptime Team,09-04-2026 21:03,3d 15h,FALSE
1151629,Alarm,"ALARM: ""KFIN-AIF-Prod-Ikigai-AM-1b-CPU-85%-#Alarm"" in Asia Pacific (Mumbai)",Closed,Not Violated,Critical - P1,Uptime Team,09-04-2026 21:03,3d 15h,FALSE
1151630,Client,Workmates-MSP360-Reports,Closed,Not Violated,Medium - P3,Uptime Team,09-04-2026 21:03,3d 15h,FALSE
1151631,Alarm,"ALARM: ""hoichoi-aws-aps1-prod-ecs-hoichoi-identity_high_cpu_util_alarm"" in Asia Pacific (Mumbai)",Closed,Not Violated,Critical - P1,Uptime Team,09-04-2026 21:04,3d 15h,FALSE
1151632,Alarm,"ALARM: ""SS-RS-PROD-API-7-AP-1b-CPU-85%-#Alarm"" in Asia Pacific (Mumbai)",Closed,Not Violated,Critical - P1,Uptime Team,09-04-2026 21:06,3d 15h,FALSE
1151633,Alarm,"ALARM: ""hoichoi-aws-aps1-prod-ecs-hoichoi-backend_high_cpu_util_alarm"" in Asia Pacific (Mumbai)",Closed,Not Violated,Critical - P1,Uptime Team,09-04-2026 21:07,3d 15h,FALSE
1151636,Alarm,"ALARM: ""anxiprodb-instace-1-new-16-01-rds#DatabaseConnections"" in Asia Pacific (Sydney)",Closed,Not Violated,Critical - P1,Uptime Team,09-04-2026 21:11,3d 15h,FALSE
1151637,Client,Workmates-MSP360-Reports,Closed,Not Violated,Medium - P3,SMB Linux Team,09-04-2026 21:13,3d 15h,FALSE
1151640,Alarm,"ALARM: ""anxiprodb-instace-1-new-16-01-rds#DatabaseConnections"" in Asia Pacific (Sydney)",Closed,Not Violated,Critical - P1,Uptime Team,09-04-2026 21:16,3d 15h,FALSE
1151641,Client,Workmates-MSP360-Reports,Closed,Not Violated,Medium - P3,SMB Linux Team,09-04-2026 21:16,3d 15h,FALSE
1151642,Alarm,"Status Check Alarm: ""BB-CMT-App2-UAT-1b-StatusCheckFailed_Instance-#Alarm"" in Asia Pacific (Mumbai)",Closed,Not Violated,Critical - P1,SMB Linux Team,09-04-2026 21:20,3d 15h,FALSE
1151645,Alarm,"ALARM: ""Genupathlab-ITDOSE-DB-1b-FreeSpace-Disk(D)-15%-#Alarm"" in Asia Pacific (Mumbai)",Closed,Not Violated,Critical - P1,Uptime Team,09-04-2026 21:22,3d 15h,FALSE
1151646,Alarm,"ALARM: ""Genupathlab-ITDOSE-DB-1b-FreeSpace-Disk(D)-15%-#Alarm"" in Asia Pacific (Mumbai)",Closed,Not Violated,Critical - P1,Uptime Team,09-04-2026 21:22,3d 15h,FALSE
1151647,Client,Workmates Backup - No successful backups reminder,Closed,Not Violated,Medium - P3,SMB Linux Team,09-04-2026 21:23,3d 15h,FALSE
1151648,Client,Workmates Backup - No successful backups reminder,Closed,Not Violated,Medium - P3,SMB Linux Team,09-04-2026 21:23,3d 15h,FALSE
1151650,Alarm,"ALARM: ""PragatiMilk-S4HANA-Prod-DB-1b-Memory-85%-#Alarm"" in Asia Pacific (Mumbai)",Closed,Not Violated,Critical - P1,Uptime Team,09-04-2026 21:25,3d 15h,FALSE
1151651,Alarm,"ALARM: ""ETEdge-TG-Etnowgbs-cdn-ENSA4TPDNYD15-5xxErrorRate-Alarm"" in US East (N. Virginia)",Closed,Not Violated,Critical - P1,Uptime Team,09-04-2026 21:26,3d 15h,FALSE
1151652,Alarm,"ALARM: ""softweb-srishti-rds-oracle-21c-CPU-85% #Alarm"" in Asia Pacific (Mumbai)",Closed,Not Violated,Critical - P1,Uptime Team,09-04-2026 21:27,3d 15h,FALSE
1151653,Alarm,"ALARM: ""SS-RS-PROD-API-7-AP-1b-CPU-85%-#Alarm"" in Asia Pacific (Mumbai)",Closed,Not Violated,Critical - P1,Uptime Team,09-04-2026 21:27,3d 15h,FALSE
1151654,Alarm,"ALARM: ""HoiChoi-x-CWM-x-ProdRevAmp-hoichoi-aws-aps1-prod-ecs-hoichoi-th..."" in Asia Pacific (Mumbai)",Closed,Not Violated,Critical - P1,Uptime Team,09-04-2026 21:29,3d 15h,FALSE
1151656,Alarm,"ALARM: ""anxiprodb-instace-1-new-16-01-rds#DatabaseConnections"" in Asia Pacific (Sydney)",Closed,Not Violated,Critical - P1,Uptime Team,09-04-2026 21:31,3d 15h,FALSE
1151657,Alarm,IKF Finance is Down from multiple locations,Closed,Not Violated,-,Uptime Team,09-04-2026 21:33,3d 15h,FALSE
1151658,Alarm,"ALARM: ""Nanda Feeds-Prod-Tally-1b-Disk(E)-15%#Alarm"" in Asia Pacific (Mumbai)",Closed,Not Violated,Critical - P1,Uptime Team,09-04-2026 21:34,3d 14h,FALSE
1151661,Alarm,"ALARM: ""kfinpwm-hex-prod-rds-Low-FreeableMemory-15%-#Alarm"" in Asia Pacific (Mumbai)",Closed,Not Violated,Critical - P1,Uptime Team,09-04-2026 21:40,3d 14h,FALSE
1151662,Alarm,"ALARM: ""kfinpwm-hex-prod-rds-Low-FreeableMemory-15%-#Alarm"" in Asia Pacific (Mumbai)",Closed,Not Violated,Critical - P1,Uptime Team,09-04-2026 21:41,3d 14h,FALSE
1151664,Alarm,"ALARM: ""S4-LTTS-Dev-NW_PO-Memory(available)-30%#Alarm"" in Asia Pacific (Mumbai)",Closed,Not Violated,Critical - P1,Uptime Team,09-04-2026 21:46,3d 14h,FALSE
1151665,Alarm,"ALARM: ""ABM-Prod-App+PGSQL-DB-1a-CPU-85%-#Alarm"" in Asia Pacific (Mumbai)",Closed,Not Violated,Critical - P1,Uptime Team,09-04-2026 21:51,3d 14h,FALSE
1151666,Alarm,"ALARM: ""ABM-Prod-App+PGSQL-DB-1a-CPU-85%-#Alarm"" in Asia Pacific (Mumbai)",Closed,Not Violated,Critical - P1,Uptime Team,09-04-2026 21:52,3d 14h,FALSE
1151667,Client,Workmates Backup - No successful backups reminder,Closed,Response Violation,Medium - P3,Enterprise Windows Team,09-04-2026 21:53,3d 14h,FALSE
1151669,Alarm,"ALARM: ""IKF-FInance-OMNI-APP-9090-TG-HealthyHostCount"" in Asia Pacific (Mumbai)",Closed,Not Violated,Critical - P1,Enterprise Windows Team,09-04-2026 21:56,3d 14h,FALSE
1151671,Alarm,"ALARM: ""softweb-srishti-rds-oracle-21c-Memory-85% #Alarm"" in Asia Pacific (Mumbai)",Closed,Not Violated,Critical - P1,Uptime Team,09-04-2026 21:56,3d 14h,FALSE
1151672,Alarm,IKF FINANCE is Down from multiple locations,Closed,Not Violated,-,Enterprise Windows Team,09-04-2026 21:56,3d 14h,FALSE
1151673,Alarm,"ALARM: ""AFPL-Prod-Seceon-CCE-Pub-1b-Memory-85%-#Alarms"" in Asia Pacific (Mumbai)",Closed,Not Violated,-,Uptime Team,09-04-2026 21:57,3d 14h,FALSE
1151675,Alarm,IKF is Down from multiple locations,Closed,Not Violated,-,Enterprise Windows Team,09-04-2026 21:57,3d 14h,FALSE
1151676,Alarm,"ALARM: ""PragatiMilk-S4HANA-Prod-DB-1b-Memory-85%-#Alarm"" in Asia Pacific (Mumbai)",Closed,Not Violated,Critical - P1,Uptime Team,09-04-2026 22:01,3d 14h,FALSE
1151677,Alarm,ATU Website is Down from multiple locations,Closed,Not Violated,-,Uptime Team,09-04-2026 22:02,3d 14h,FALSE
1151678,Client,Workmates-MSP360-Reports,Closed,Not Violated,Medium - P3,Uptime Team,09-04-2026 22:04,3d 14h,FALSE
1151679,Alarm,"ALARM: ""RICB-MyBusinessProfile-TG-UnhealthyHost-#Alarm"" in Asia Pacific (Mumbai)",Closed,Not Violated,Critical - P1,Uptime Team,09-04-2026 22:05,3d 14h,FALSE
1151680,Alarm,RICB is Down from multiple locations,Closed,Not Violated,-,Uptime Team,09-04-2026 22:05,3d 14h,FALSE
1151681,Alarm,Lux Industries | https://luxind.in/login is Down from multiple locations,Closed,Not Violated,-,Uptime Team,09-04-2026 22:06,3d 14h,FALSE
1151682,Alarm,"ALARM: ""SS-RS-PROD-API-7-AP-1b-CPU-85%-#Alarm"" in Asia Pacific (Mumbai)",Closed,Not Violated,Critical - P1,Uptime Team,09-04-2026 22:06,3d 14h,FALSE
1151683,Alarm,ATU Website is Up,Closed,Not Violated,-,Uptime Team,09-04-2026 22:08,3d 14h,FALSE
1151684,Alarm,"ALARM: ""AFPL-Prod-Seceon-CCE-Pub-1b-Memory-85%-#Alarms"" in Asia Pacific (Mumbai)",Closed,Not Violated,-,Uptime Team,09-04-2026 22:10,3d 14h,FALSE
1151688,Alarm,ATU Website is Down from multiple locations,Closed,Not Violated,-,DevOps Team,09-04-2026 22:14,3d 14h,FALSE
1151693,Alarm,"ALARM: ""Absolute-Barbeque-Prod-Hana-1b-MemoryUtilization-85%#Alarm"" in Asia Pacific (Mumbai)",Closed,Not Violated,Critical - P1,Uptime Team,09-04-2026 22:16,3d 14h,FALSE
1151694,Alarm,"ALARM: ""anxiprodb-instace-1-new-16-01-rds#DatabaseConnections"" in Asia Pacific (Sydney)",Closed,Not Violated,Critical - P1,Uptime Team,09-04-2026 22:18,3d 14h,FALSE
1151695,Alarm,"ALARM: ""ETEdge-TG-Etnowgbs-cdn-ENSA4TPDNYD15-5xxErrorRate-Alarm"" in US East (N. Virginia)",Closed,Not Violated,Critical - P1,Uptime Team,09-04-2026 22:19,3d 14h,FALSE
1151699,Alarm,"ALARM: ""NewTownSchool_JIE-Prod-DB-1b-New-2-CPU-70%-utilized-#Alarm"" in Asia Pacific (Mumbai)",Closed,Not Violated,Critical - P1,Uptime Team,09-04-2026 22:36,3d 13h,FALSE
1151702,Alarm,"ALARM: ""S4-LTTS-Dev-NW_PO-Memory(available)-30%#Alarm"" in Asia Pacific (Mumbai)",Closed,Not Violated,Critical - P1,Uptime Team,09-04-2026 22:46,3d 13h,FALSE
1151705,Alarm,ATU Website is Up,Closed,Not Violated,-,Uptime Team,09-04-2026 22:57,3d 13h,FALSE
1151706,Alarm,"ALARM: ""IWMBUZZ-PROD-WPS-ADMIN-Memory-85%-#Alarm"" in Asia Pacific (Mumbai)",Closed,Not Violated,Critical - P1,Uptime Team,09-04-2026 22:59,3d 13h,FALSE
1151707,Alarm,Lux Industries | https://luxindustries.co.in/luxadtracker/login is Down from multiple locations,Closed,Not Violated,-,Uptime Team,09-04-2026 23:01,3d 13h,FALSE
1151708,Alarm,Lux Industries | https://luxdms.in/promoClaims/Login is Down from multiple locations,Closed,Not Violated,-,Uptime Team,09-04-2026 23:01,3d 13h,FALSE
1151711,Alarm,IKF FINANCE is Up,Closed,Not Violated,-,Uptime Team,09-04-2026 23:07,3d 13h,FALSE
1151712,Alarm,IKF is Up,Closed,Not Violated,-,Uptime Team,09-04-2026 23:07,3d 13h,FALSE
1151713,Alarm,"ALARM: ""kims-app-db2-CPU-85%-#Alarm"" in Asia Pacific (Hyderabad)",Closed,Not Violated,Critical - P1,Uptime Team,09-04-2026 23:08,3d 13h,FALSE
1151714,Alarm,"ALARM: ""Trakkerz & ERP (CMS-New-Windows)-Disk(D)-95%#Alarm"" in Asia Pacific (Mumbai)",Closed,Not Violated,Critical - P1,Uptime Team,09-04-2026 23:09,3d 13h,FALSE
1151715,Alarm,"ALARM: ""Midland-Tableau-Prod-Server-1a-Memory-85%-#Alarm"" in Asia Pacific (Mumbai)",Closed,Not Violated,High - P2,Uptime Team,09-04-2026 23:12,3d 13h,FALSE
1151716,Client,SH-ES-NS-09-04-2026,Closed,Not Violated,Medium - P3,Uptime Team,09-04-2026 23:12,3d 13h,FALSE
1151722,Alarm,"ALARM: ""softweb-srishti-rds-oracle-21c-Memory-85% #Alarm"" in Asia Pacific (Mumbai)",Closed,Not Violated,Critical - P1,Uptime Team,09-04-2026 23:28,3d 13h,FALSE
1151725,Alarm,Argus News is Down from multiple locations,Closed,Not Violated,-,Uptime Team,09-04-2026 23:32,3d 13h,FALSE
1151726,Alarm,Argus News is Up,Closed,Not Violated,-,Uptime Team,09-04-2026 23:33,3d 13h,FALSE
1151732,Alarm,"ALARM: ""SoftWeb-App-pub-server-1b-Disk(D)-85%-#ALARM"" in Asia Pacific (Mumbai)",Closed,Not Violated,-,Uptime Team,09-04-2026 23:39,3d 12h,FALSE
1151733,Alarm,Supportelders is Down from multiple locations,Closed,Not Violated,-,Uptime Team,09-04-2026 23:40,3d 12h,FALSE
1151734,Alarm,Support Elders is Down from multiple locations,Closed,Not Violated,-,Uptime Team,09-04-2026 23:41,3d 12h,FALSE
1151737,Alarm,Supportelders is Up,Closed,Not Violated,-,Uptime Team,09-04-2026 23:43,3d 12h,FALSE
1151738,Alarm,Support Elders is Up,Closed,Not Violated,-,Uptime Team,09-04-2026 23:44,3d 12h,FALSE
1151740,Alarm,"ALARM: ""S4-LTTS-Dev-NW_PO-Memory(available)-30%#Alarm"" in Asia Pacific (Mumbai)",Closed,Not Violated,Critical - P1,Uptime Team,09-04-2026 23:51,3d 12h,FALSE
1151744,Alarm,Bankify is Down from multiple locations,Closed,Not Violated,-,Uptime Team,09-04-2026 23:56,3d 12h,FALSE
1151745,Alarm,Bankify is Down from multiple locations,Closed,Not Violated,-,Uptime Team,09-04-2026 23:56,3d 12h,FALSE
1151746,Alarm,"ALARM: ""ABM-Prod-App+PGSQL-DB-1a-CPU-85%-#Alarm"" in Asia Pacific (Mumbai)",Closed,Not Violated,Critical - P1,Uptime Team,09-04-2026 23:56,3d 12h,FALSE
1151747,Alarm,Bankify is Up,Closed,Not Violated,-,Uptime Team,09-04-2026 23:56,3d 12h,FALSE
1151749,Alarm,Bankify is Down from multiple locations,Closed,Not Violated,-,Uptime Team,09-04-2026 23:56,3d 12h,FALSE
1151751,Alarm,"ALARM: ""ABM-Prod-App+PGSQL-DB-1a-CPU-85%-#Alarm"" in Asia Pacific (Mumbai)",Closed,Not Violated,Critical - P1,Uptime Team,09-04-2026 23:57,3d 12h,FALSE
1151752,Alarm,Bankify 7pay is Down from multiple locations,Closed,Not Violated,-,Uptime Team,09-04-2026 23:57,3d 12h,FALSE
1151758,Alarm,Bankify is Down from multiple locations,Closed,Not Violated,-,Uptime Team,09-04-2026 23:57,3d 12h,FALSE
1151759,Alarm,"ALARM: ""hoichoi-aws-aps1-prod-ecs-hoichoi-analytics_high_cpu_util_alarm"" in Asia Pacific (Mumbai)",Closed,Not Violated,Critical - P1,Uptime Team,09-04-2026 23:58,3d 12h,FALSE
1151760,Alarm,Bankify is Down from multiple locations,Closed,Not Violated,-,Uptime Team,09-04-2026 23:58,3d 12h,FALSE
1151761,Client,Workmates-MSP360-Reports,Closed,Not Violated,Medium - P3,SMB Linux Team,10-04-2026 00:01,3d 12h,FALSE
1151762,Alarm,"ALARM: ""Support Elders-Prod-Web-1a-CPU-85%-#Alarm"" in Asia Pacific (Mumbai)",Closed,Not Violated,Critical - P1,Uptime Team,10-04-2026 00:02,3d 12h,FALSE
1151763,Alarm,Argus News is Down from multiple locations,Closed,Not Violated,-,Uptime Team,10-04-2026 00:02,3d 12h,FALSE
1151764,Client,[ALERT] [firing] Bankify-PodRestart - Namespace: prod-app - Resource: Pod: od-scheduler-8498f5cd6-9zqh7 ,Closed,Not Violated,Medium - P3,DevOps Team,10-04-2026 00:03,3d 12h,FALSE
1151765,Alarm,"ALARM: ""Bazoki-Prod-DB-1b-CPU-85%-#Alarm"" in Asia Pacific (Mumbai)",Closed,Not Violated,Critical - P1,Uptime Team,10-04-2026 00:04,3d 12h,FALSE
1151766,Alarm,Argus News is Up,Closed,Not Violated,-,Uptime Team,10-04-2026 00:04,3d 12h,FALSE
1151767,Alarm,Arundhati Jewellers is Down from multiple locations,Closed,Not Violated,-,Uptime Team,10-04-2026 00:05,3d 12h,FALSE
1151768,Alarm,"ALARM: ""AnnapurnaPay-Prod-pvt-Jenkins-Server-CPU-85%-#Alarm"" in Asia Pacific (Mumbai)",Closed,Not Violated,Critical - P1,Uptime Team,10-04-2026 00:05,3d 12h,FALSE
1151769,Alarm,Arundhati Jewellers is Down from multiple locations,Closed,Not Violated,-,Uptime Team,10-04-2026 00:05,3d 12h,FALSE
1151770,Alarm,"ALARM: ""AnnapurnaPay-Prod-pvt-Jenkins-Server-CPU-85%-#Alarm"" in Asia Pacific (Mumbai)",Closed,Not Violated,Critical - P1,Uptime Team,10-04-2026 00:05,3d 12h,FALSE
1151773,Alarm,"ALARM: ""HoiChoi-x-CWM-x-ProdRevAmp-hoichoi-aws-aps1-prod-ecs-hoichoi-th..."" in Asia Pacific (Mumbai)",Closed,Not Violated,Critical - P1,Uptime Team,10-04-2026 00:07,3d 12h,FALSE
1151774,Alarm,"ALARM: ""AnnapurnaPay-Prod-pvt-Jenkins-Server-CPU-95%-#Alarm"" in Asia Pacific (Mumbai)",Closed,Not Violated,Critical - P1,Uptime Team,10-04-2026 00:07,3d 12h,FALSE
1151775,Alarm,"ALARM: ""AnnapurnaPay-Prod-pvt-Jenkins-Server-CPU-95%-#Alarm"" in Asia Pacific (Mumbai)",Closed,Not Violated,Critical - P1,Uptime Team,10-04-2026 00:07,3d 12h,FALSE
1151776,Alarm,Bankify is Down from multiple locations,Closed,Not Violated,-,Uptime Team,10-04-2026 00:07,3d 12h,FALSE
1151777,Alarm,"ALARM: ""kfinpwm-narc-prod-rds-CPU-85%-#Alarm"" in Asia Pacific (Mumbai)",Closed,Not Violated,Critical - P1,Uptime Team,10-04-2026 00:07,3d 12h,FALSE
1151778,Alarm,"ALARM: ""kfinpwm-narc-prod-rds-CPU-85%-#Alarm"" in Asia Pacific (Mumbai)",Closed,Not Violated,Critical - P1,Uptime Team,10-04-2026 00:07,3d 12h,FALSE
1151779,Alarm,Argus News is Down from multiple locations,Closed,Not Violated,-,Uptime Team,10-04-2026 00:07,3d 12h,FALSE
1151780,Alarm,Argus News is Up,Closed,Not Violated,-,Uptime Team,10-04-2026 00:08,3d 12h,FALSE
1151781,Client,Time entry 9 April,Closed,Not Violated,Medium - P3,-,10-04-2026 00:08,3d 12h,FALSE
1151782,Alarm,"ALARM: ""HoiChoi-x-CWM-x-ProdRevAmp-hoichoi-aws-aps1-prod-ecs-hoichoi-th..."" in Asia Pacific (Mumbai)",Closed,Not Violated,Critical - P1,Uptime Team,10-04-2026 00:09,3d 12h,FALSE
1151783,Alarm,Bankify 7pay is Down from multiple locations,Closed,Not Violated,-,Uptime Team,10-04-2026 00:09,3d 12h,FALSE
1151784,Alarm,Bankify 7pay is Down from multiple locations,Closed,Not Violated,-,Uptime Team,10-04-2026 00:09,3d 12h,FALSE
1151785,Alarm,"ALARM: ""SoftWeb-App-pub-server-1b-Disk(D)-85%-#ALARM"" in Asia Pacific (Mumbai)",Closed,Not Violated,-,Uptime Team,10-04-2026 00:09,3d 12h,FALSE
1151786,Alarm,Bankify 7pay is Down from multiple locations,Closed,Not Violated,-,Uptime Team,10-04-2026 00:09,3d 12h,FALSE
1151790,Alarm,"ALARM: ""HoiChoi-x-CWM-x-ProdRevAmp-hoichoi-aws-aps1-prod-ecs-hoichoi-th..."" in Asia Pacific (Mumbai)",Closed,Not Violated,Critical - P1,Uptime Team,10-04-2026 00:13,3d 12h,FALSE
1151791,Alarm,"ALARM: ""Support Elders-Prod-Web-1a-CPU-85%-#Alarm"" in Asia Pacific (Mumbai)",Closed,Not Violated,Critical - P1,Uptime Team,10-04-2026 00:13,3d 12h,FALSE
1151793,Alarm,"ALARM: ""AnnapurnaPay-Prod-pvt-Jenkins-Server-CPU-95%-#Alarm"" in Asia Pacific (Mumbai)",Closed,Not Violated,-,Uptime Team,10-04-2026 00:14,3d 12h,FALSE
1151794,Alarm,"ALARM: ""AnnapurnaPay-Prod-pvt-Jenkins-Server-CPU-95%-#Alarm"" in Asia Pacific (Mumbai)",Closed,Not Violated,-,Uptime Team,10-04-2026 00:14,3d 12h,FALSE
1151795,Alarm,"ALARM: ""hoichoi-aws-aps1-prod-ecs-hoichoi-analytics_high_cpu_util_alarm"" in Asia Pacific (Mumbai)",Closed,Not Violated,Critical - P1,Uptime Team,10-04-2026 00:15,3d 12h,FALSE
1151799,Client,Workmates Backup - No successful backups reminder,Closed,Not Violated,Medium - P3,Enterprise Windows Team,10-04-2026 00:23,3d 12h,FALSE
1151808,Alarm,"ALARM: ""softweb-srishti-rds-oracle-21c-Memory-85% #Alarm"" in Asia Pacific (Mumbai)",Closed,Not Violated,Critical - P1,Uptime Team,10-04-2026 00:28,3d 12h,FALSE
1151813,Alarm,"ALARM: ""hoichoi-aws-aps1-prod-ecs-hoichoi-analytics_high_cpu_util_alarm"" in Asia Pacific (Mumbai)",Closed,Not Violated,Critical - P1,Uptime Team,10-04-2026 00:36,3d 11h,FALSE
1151814,Alarm,"ALARM: ""softweb-srishti-rds-oracle-21c-Memory-85% #Alarm"" in Asia Pacific (Mumbai)",Closed,Not Violated,Critical - P1,Uptime Team,10-04-2026 00:36,3d 11h,FALSE
1151816,Client,Remove from URL Monitoring ,Closed,Not Violated,Medium - P3,Uptime Team,10-04-2026 00:37,3d 11h,FALSE
1151819,Alarm,"ALARM: ""SoftWeb-App-pub-server-1b-Disk(D)-85%-#ALARM"" in Asia Pacific (Mumbai)",Closed,Not Violated,-,Uptime Team,10-04-2026 00:44,3d 11h,FALSE
1151824,Alarm,"ALARM: ""SoftWeb-App-pub-server-1b-Disk(D)-85%-#ALARM"" in Asia Pacific (Mumbai)",Closed,Not Violated,-,Uptime Team,10-04-2026 00:59,3d 11h,FALSE
1151827,Alarm,"ALARM: ""KFIN-AIF-Prod-Ikigai-AM-1b-CPU-85%-#Alarm"" in Asia Pacific (Mumbai)",Closed,Not Violated,Critical - P1,Uptime Team,10-04-2026 01:03,3d 11h,FALSE
1151828,Alarm,Bankify 7pay is Down from multiple locations,Closed,Not Violated,-,Uptime Team,10-04-2026 01:04,3d 11h,FALSE
1151829,Alarm,"ALARM: ""Bazoki-Prod-DB-1b-CPU-85%-#Alarm"" in Asia Pacific (Mumbai)",Closed,Not Violated,Critical - P1,Uptime Team,10-04-2026 01:04,3d 11h,FALSE
1151830,Alarm,Bankify is Down from multiple locations,Closed,Not Violated,-,Uptime Team,10-04-2026 01:05,3d 11h,FALSE
1151831,Alarm,"ALARM: ""HoiChoi-x-CWM-x-ProdRevAmp-hoichoi-aws-aps1-prod-ecs-hoichoi-th..."" in Asia Pacific (Mumbai)",Closed,Not Violated,Critical - P1,Uptime Team,10-04-2026 01:06,3d 11h,FALSE
1151834,Alarm,"ALARM: ""Innovel-Tally-Sarala-server-Pub-1b-CPU-85%-#Alarm"" in Asia Pacific (Mumbai)",Closed,Not Violated,-,Uptime Team,10-04-2026 01:07,3d 11h,FALSE
1151835,Alarm,Kims is Down from multiple locations,Closed,Not Violated,-,Uptime Team,10-04-2026 01:09,3d 11h,FALSE
1151836,Alarm,"ALARM: ""HoiChoi-x-CWM-x-ProdRevAmp-hoichoi-aws-aps1-prod-ecs-hoichoi-th..."" in Asia Pacific (Mumbai)",Closed,Not Violated,Critical - P1,Uptime Team,10-04-2026 01:10,3d 11h,FALSE
1151837,Alarm,Kims is Up,Closed,Not Violated,-,Uptime Team,10-04-2026 01:10,3d 11h,FALSE
1151839,Alarm,"ALARM: ""Lalchand-Jewellers-App2-Prod-1b-CPU-85%-#ALARM"" in Asia Pacific (Mumbai)",Closed,Not Violated,Critical - P1,Uptime Team,10-04-2026 01:17,3d 11h,FALSE
1151840,Alarm,"ALARM: ""Lalchand-Jewellers-App1-Prod-1b-CPU-85%-#ALARM"" in Asia Pacific (Mumbai)",Closed,Not Violated,Critical - P1,Uptime Team,10-04-2026 01:17,3d 11h,FALSE
1151841,Alarm,"ALARM: ""KhimjiJwellers-Prod-server2-App-1b-CPU-85%-#Alarm"" in Asia Pacific (Mumbai)",Closed,Not Violated,Critical - P1,Uptime Team,10-04-2026 01:18,3d 11h,FALSE
1151842,Alarm,"ALARM: ""Eleve-Diamonds-REPORTING-PROD-CPU-85%-#ALARM"" in Asia Pacific (Mumbai)",Closed,Not Violated,Critical - P1,Uptime Team,10-04-2026 01:18,3d 11h,FALSE
1151843,Alarm,"ALARM: ""Lalchand-Jewellers-ALB-TG-8443-UnhealthyHostCount-#ALARM"" in Asia Pacific (Mumbai)",Closed,Not Violated,Critical - P1,Uptime Team,10-04-2026 01:18,3d 11h,FALSE
1151844,Alarm,Khimji is Down from multiple locations,Closed,Not Violated,-,Uptime Team,10-04-2026 01:18,3d 11h,FALSE
1151845,Alarm,Khimji is Up,Closed,Not Violated,-,Uptime Team,10-04-2026 01:19,3d 11h,FALSE
1151846,Client,Workmates Backup - No successful backups reminder,Closed,Not Violated,Medium - P3,SMB Linux Team,10-04-2026 01:23,3d 11h,FALSE
1151847,Alarm,"ALARM: ""kfinpwm-narc-prod-rds-FreeStorageSpace-15%-#Alarm"" in Asia Pacific (Mumbai)",Closed,Not Violated,Critical - P1,Uptime Team,10-04-2026 01:27,3d 11h,FALSE
1151848,Alarm,"ALARM: ""kfinpwm-narc-prod-rds-FreeStorageSpace-15%-#Alarm"" in Asia Pacific (Mumbai)",Closed,Not Violated,Critical - P1,Uptime Team,10-04-2026 01:27,3d 11h,FALSE
1151852,Alarm,"ALARM: ""anxiprodb-instace-1-new-16-01-rds#DatabaseConnections"" in Asia Pacific (Sydney)",Closed,Not Violated,Critical - P1,Uptime Team,10-04-2026 01:38,3d 10h,FALSE
1151853,Alarm,"ALARM: ""sai-paramount-db-readreplicalag-#Alarm"" in Asia Pacific (Mumbai)",Closed,Not Violated,Critical - P1,Uptime Team,10-04-2026 01:39,3d 10h,FALSE
1151854,Alarm,"Important notice about your AWS Account regarding VPN connections [AWS Account: 523436346760, VPN Connection: vpn-01bdceabcb83691bd, Tunnel Outside IP: 15.206.46.178]",Closed,Not Violated,Medium - P3,Uptime Team,10-04-2026 01:43,3d 10h,FALSE
1151855,Alarm,"ALARM: ""softweb-srishti-rds-oracle-21c-Memory-85% #Alarm"" in Asia Pacific (Mumbai)",Closed,Not Violated,Critical - P1,Uptime Team,10-04-2026 01:45,3d 10h,FALSE
1151856,Alarm,"ALARM: ""Verma-Jewellers-Prod-DB-1b-Memory-85%-#ALARM"" in Asia Pacific (Mumbai)",Closed,Not Violated,Critical - P1,Uptime Team,10-04-2026 01:46,3d 10h,FALSE
1151857,Alarm,"ALARM: ""Kims-Hospital-KSRVPRDDB-Server-2b-Memory-90%-#Alarm"" in Asia Pacific (Hyderabad)",Closed,Not Violated,-,Uptime Team,10-04-2026 01:56,3d 10h,FALSE
1151858,Alarm,Khimji is Down from multiple locations,Closed,Not Violated,-,Uptime Team,10-04-2026 02:04,3d 10h,FALSE
1151859,Alarm,Khimji is Down from multiple locations,Closed,Not Violated,-,Uptime Team,10-04-2026 02:04,3d 10h,FALSE
1151860,Alarm,Khimji is Down from multiple locations,Closed,Not Violated,-,Uptime Team,10-04-2026 02:04,3d 10h,FALSE
1151866,Alarm,"ALARM: ""SriAlankar-Jwellers-App2-1b-CPU-85%-#Alarm"" in Asia Pacific (Mumbai)",Closed,Not Violated,Critical - P1,Uptime Team,10-04-2026 02:17,3d 10h,FALSE
1151867,Alarm,"Important notice about your AWS Account regarding VPN connections [AWS Account: 121795248749, VPN Connection: vpn-05230135aaa3c9f59, Tunnel Outside IP: 13.232.0.167]",Closed,Not Violated,Medium - P3,Uptime Team,10-04-2026 02:18,3d 10h,FALSE
1151868,Alarm,"ALARM: ""HiraPanna-Prod-DB-1b-Memory-85%-#Alarm"" in Asia Pacific (Mumbai)",Closed,Not Violated,Critical - P1,Uptime Team,10-04-2026 02:20,3d 10h,FALSE
1151869,Alarm,"ALARM: ""HiraPanna-Prod-DB-1b-Disk(Root)-85%-#Alarm"" in Asia Pacific (Mumbai)",Closed,Not Violated,Critical - P1,Uptime Team,10-04-2026 02:21,3d 10h,FALSE
1151870,Alarm,"ALARM: ""Verma-Jewellers-Prod-DB-1b-Memory-95%-#ALARM"" in Asia Pacific (Mumbai)",Closed,Not Violated,Critical - P1,Uptime Team,10-04-2026 02:22,3d 10h,FALSE
1151871,Alarm,"ALARM: ""Verma-Jewellers-Prod-DB-1b-Memory-85%-#ALARM"" in Asia Pacific (Mumbai)",Closed,Not Violated,Critical - P1,Uptime Team,10-04-2026 02:22,3d 10h,FALSE
1151872,Alarm,Khimji is Up,Closed,Not Violated,-,Uptime Team,10-04-2026 02:25,3d 10h,FALSE
1151873,Alarm,Khimji is Up,Closed,Not Violated,-,Uptime Team,10-04-2026 02:25,3d 10h,FALSE
1151874,Alarm,Khimji is Up,Closed,Not Violated,-,Uptime Team,10-04-2026 02:25,3d 10h,FALSE
1151875,Alarm,"ALARM: ""AMPL-eFIMO-Prod-RDB-1b-Disk(H)-85%-#Alarm"" in Asia Pacific (Mumbai)",Awaiting Customer Response,Not Violated,-,SMB Windows Team,10-04-2026 02:27,3d 10h,FALSE
1151880,Alarm,"ALARM: ""NewTownSchool_JIE-Prod-DB-1b-New-2-CPU-70%-utilized-#Alarm"" in Asia Pacific (Mumbai)",Closed,Not Violated,Critical - P1,Uptime Team,10-04-2026 02:36,3d 9h,FALSE
1151881,Alarm,"ALARM: ""NewTownSchool_JIE-Prod-DB-1b-New-2-CPU-95%-utilized-#Alarm"" in Asia Pacific (Mumbai)",Closed,Not Violated,Critical - P1,Uptime Team,10-04-2026 02:36,3d 9h,FALSE
1151882,Alarm,"ALARM: ""NewTownSchool_JIE-Prod-DB-1b-New-2-CPU-85%-utilized-#Alarm"" in Asia Pacific (Mumbai)",Closed,Not Violated,Critical - P1,Uptime Team,10-04-2026 02:36,3d 9h,FALSE
1151883,Alarm,"ALARM: ""ETEdge-TG-CDN-INSIGHTS-ET3TON8I54DZP-5xxErrorRate-Alarm"" in US East (N. Virginia)",Closed,Not Violated,Critical - P1,Uptime Team,10-04-2026 02:40,3d 9h,FALSE
1151884,Alarm,"ALARM: ""SoftWeb-DB-Pvt-1b-#CPUUtilization-95%-#ALARM"" in Asia Pacific (Mumbai)",Closed,Not Violated,-,Uptime Team,10-04-2026 02:46,3d 9h,FALSE
1151885,Alarm,"ALARM: ""ABM-Prod-App+PGSQL-DB-1a-CPU-85%-#Alarm"" in Asia Pacific (Mumbai)",Closed,Not Violated,Critical - P1,Uptime Team,10-04-2026 02:48,3d 9h,FALSE
1151886,Alarm,"ALARM: ""ABM-Prod-App+PGSQL-DB-1a-CPU-85%-#Alarm"" in Asia Pacific (Mumbai)",Closed,Not Violated,Critical - P1,Uptime Team,10-04-2026 02:49,3d 9h,FALSE
1151889,Alarm,"ALARM: ""kfintech-arim-rds-uat-free_memory-15%-#Alarm"" in Asia Pacific (Malaysia)",Closed,Not Violated,Critical - P1,Uptime Team,10-04-2026 03:02,3d 9h,FALSE
1151893,Alarm,"ALARM: ""KhimjiJwellers-Prod-DB-1b-/Backup-85%-#Alarm"" in Asia Pacific (Mumbai)",Closed,Not Violated,Critical - P1,Uptime Team,10-04-2026 03:11,3d 9h,FALSE
1151894,Alarm,"ALARM: ""SoftWeb-DB-Pvt-1b-#CPUUtilization-95%-#ALARM"" in Asia Pacific (Mumbai)",Closed,Not Violated,-,Uptime Team,10-04-2026 03:16,3d 9h,FALSE
1151895,Alarm,"ALARM: ""SoftWeb-DB-Pvt-1b-#CPUUtilization-95%-#ALARM"" in Asia Pacific (Mumbai)",Closed,Not Violated,Critical - P1,Uptime Team,10-04-2026 03:21,3d 9h,FALSE
1151896,Alarm,"ALARM: ""HiraPanna-Prod-DB-1b-StatusCheckFailed_Instance-#Alarm"" in Asia Pacific (Mumbai)",Closed,Not Violated,Critical - P1,Uptime Team,10-04-2026 03:25,3d 9h,FALSE
1151897,Alarm,"ALARM: ""SoftWeb-DB-Pvt-1b-#CPUUtilization-95%-#ALARM"" in Asia Pacific (Mumbai)",Closed,Not Violated,Critical - P1,Uptime Team,10-04-2026 03:26,3d 9h,FALSE
1151901,Alarm,"ALARM: ""HiraPanna-Prod-DB-1b-Disk(Root)-85%-#Alarm"" in Asia Pacific (Mumbai)",Closed,Not Violated,Critical - P1,Uptime Team,10-04-2026 03:33,3d 9h,FALSE
1151902,Alarm,"ALARM: ""softweb-srishti-rds-oracle-21c-Memory-85% #Alarm"" in Asia Pacific (Mumbai)",Closed,Not Violated,Critical - P1,Uptime Team,10-04-2026 03:33,3d 9h,FALSE
1151903,Client,"Verified SAP Users List – S/4HANA, Ariba, SuccessFactors & More",Closed,Not Violated,Medium - P3,Uptime Team,10-04-2026 03:35,3d 8h,FALSE
1151905,Alarm,"ALARM: ""kfintech-arim-rds-uat-free_memory-15%-#Alarm"" in Asia Pacific (Malaysia)",Closed,Not Violated,Critical - P1,Uptime Team,10-04-2026 03:38,3d 8h,FALSE
1151906,Alarm,"ALARM: ""Softweb-GPS-Prod-(APP-DB)-1b-Disk(/)-95%-#Alarm"" in Asia Pacific (Mumbai)",Closed,Not Violated,-,Uptime Team,10-04-2026 03:48,3d 8h,FALSE
1151907,Alarm,"ALARM: ""kfinpwm-hex-prod-rds-Low-FreeableMemory-15%-#Alarm"" in Asia Pacific (Mumbai)",Closed,Not Violated,Critical - P1,Uptime Team,10-04-2026 04:03,3d 8h,FALSE
1151908,Alarm,"ALARM: ""kfinpwm-hex-prod-rds-Low-FreeableMemory-15%-#Alarm"" in Asia Pacific (Mumbai)",Closed,Not Violated,Critical - P1,Uptime Team,10-04-2026 04:03,3d 8h,FALSE
1151909,Alarm,"ALARM: ""SoftWeb-DB-Pvt-1b-#CPUUtilization-95%-#ALARM"" in Asia Pacific (Mumbai)",Closed,Not Violated,-,Uptime Team,10-04-2026 04:11,3d 8h,FALSE
1151910,Alarm,"ALARM: ""KhimjiJwellers-Prod-DB-1b-Memory-85%-Alarm"" in Asia Pacific (Mumbai)",Closed,Not Violated,Critical - P1,Uptime Team,10-04-2026 04:13,3d 8h,FALSE
1151911,Alarm,"ALARM: ""SoftWeb-DB-Pvt-1b-#CPUUtilization-95%-#ALARM"" in Asia Pacific (Mumbai)",Closed,Not Violated,Critical - P1,Uptime Team,10-04-2026 04:16,3d 8h,FALSE
1151912,Alarm,Argus News is Down from multiple locations,Closed,Not Violated,-,Uptime Team,10-04-2026 04:16,3d 8h,FALSE
1151913,Alarm,Argus News is Up,Closed,Not Violated,-,Uptime Team,10-04-2026 04:17,3d 8h,FALSE
1151914,Alarm,"ALARM: ""Verma-Jewellers-Prod-ERP-1b-CPU-85%-#ALARM"" in Asia Pacific (Mumbai)",Closed,Not Violated,Critical - P1,Uptime Team,10-04-2026 04:17,3d 8h,FALSE
1151915,Alarm,"ALARM: ""JAY-PRECISION-Prod-SAPB1-1b-VolumeWriteBytes-85%#Alarm"" in Asia Pacific (Mumbai)",Closed,Not Violated,Critical - P1,Uptime Team,10-04-2026 04:18,3d 8h,FALSE
1151916,Alarm,"ALARM: ""SoftWeb-DB-Pvt-1b-#CPUUtilization-95%-#ALARM"" in Asia Pacific (Mumbai)",Closed,Not Violated,Critical - P1,Uptime Team,10-04-2026 04:21,3d 8h,FALSE
1151918,Alarm,Bankify is Up,Closed,Not Violated,-,Uptime Team,10-04-2026 04:34,3d 7h,FALSE
1151919,Alarm,Bankify is Up,Closed,Not Violated,-,Uptime Team,10-04-2026 04:34,3d 7h,FALSE
1151920,Alarm,Bankify is Up,Closed,Not Violated,-,Uptime Team,10-04-2026 04:34,3d 7h,FALSE
1151921,Alarm,Bankify is Up,Closed,Not Violated,-,Uptime Team,10-04-2026 04:34,3d 7h,FALSE
1151922,Alarm,Bankify is Up,Closed,Not Violated,-,Uptime Team,10-04-2026 04:34,3d 7h,FALSE
1151923,Alarm,Bankify 7pay is Up,Closed,Not Violated,-,Uptime Team,10-04-2026 04:35,3d 7h,FALSE
1151924,Alarm,Bankify 7pay is Up,Closed,Not Violated,-,Uptime Team,10-04-2026 04:35,3d 7h,FALSE
1151925,Alarm,Bankify 7pay is Up,Closed,Not Violated,-,Uptime Team,10-04-2026 04:35,3d 7h,FALSE
1151927,Alarm,Bankify 7pay is Up,Closed,Not Violated,-,Uptime Team,10-04-2026 04:35,3d 7h,FALSE
1151926,Alarm,Bankify is Up,Closed,Not Violated,-,Uptime Team,10-04-2026 04:35,3d 7h,FALSE
1151928,Alarm,Bankify 7pay is Up,Closed,Not Violated,-,Uptime Team,10-04-2026 04:36,3d 7h,FALSE
1151929,Alarm,"ALARM: ""DE-invest-d-14th-May-CPU-95%-#Alarm"" in Asia Pacific (Mumbai)",Closed,Not Violated,Critical - P1,Uptime Team,10-04-2026 04:36,3d 7h,FALSE
1151930,Alarm,"ALARM: ""KFIN-AIF-Prod-NEO-WebApp-1b-Disk(Root)-85%-#Alarm"" in Asia Pacific (Mumbai)",Closed,Not Violated,Critical - P1,Uptime Team,10-04-2026 04:40,3d 7h,FALSE
1151931,Alarm,"ALARM: ""Absolute-Barbeque-Prod-Hana-1b-Disk-(/)-85%#Alarm"" in Asia Pacific (Mumbai)",Closed,Not Violated,Critical - P1,Uptime Team,10-04-2026 04:40,3d 7h,FALSE
1151932,Alarm,"ALARM: ""ComfortLady-Prod-HanaDB-1b-Disk(/hana/shared)-85%-#Alarm"" in Asia Pacific (Mumbai)",Closed,Not Violated,Critical - P1,Uptime Team,10-04-2026 04:42,3d 7h,FALSE
1151933,Alarm,"ALARM: ""Absolute-Barbeque-Prod-Hana-1b-Disk-(/)-95%#Alarm"" in Asia Pacific (Mumbai)",Closed,Not Violated,Critical - P1,Uptime Team,10-04-2026 04:42,3d 7h,FALSE
1151934,Alarm,"ALARM: ""Trakkerz & ERP (CMS-New-Windows)-Disk(D)-85%#Alarm"" in Asia Pacific (Mumbai)",Awaiting Customer Response,Not Violated,Medium - P3,Enterprise Linux Team,10-04-2026 04:54,3d 7h,FALSE
1151935,Alarm,Argus News is Down from multiple locations,Closed,Not Violated,-,Uptime Team,10-04-2026 04:57,3d 7h,FALSE
1151936,Alarm,Argus News is Up,Closed,Not Violated,-,Uptime Team,10-04-2026 04:59,3d 7h,FALSE
1151937,Alarm,"ALARM: ""SoftWeb-App-pub-server-1b-Disk(D)-85%-#ALARM"" in Asia Pacific (Mumbai)",Closed,Not Violated,-,Uptime Team,10-04-2026 04:59,3d 7h,FALSE
1151938,Alarm,****Success : Daily Backup****KFIN-Database-Backup-Upload-Notification,Closed,Not Violated,Medium - P3,Uptime Team,10-04-2026 05:01,3d 7h,FALSE
1151939,Alarm,Arundhati Jewellers is Up,Closed,Not Violated,-,Uptime Team,10-04-2026 05:04,3d 7h,FALSE
1151940,Alarm,"ALARM: ""Cnergee-Prod-MYSQL-1b-Memory-95%(Critical)-#Alarm"" in Asia Pacific (Mumbai)",Closed,Not Violated,-,Uptime Team,10-04-2026 05:06,3d 7h,FALSE
1151941,Alarm,Arundhati Jewellers is Up,Closed,Not Violated,-,Uptime Team,10-04-2026 05:10,3d 7h,FALSE
1151942,Alarm,"ALARM: ""SoftwebGloster-Prod-App-1b-CPU-85%-#Alarm"" in Asia Pacific (Mumbai)",Closed,Not Violated,Critical - P1,Uptime Team,10-04-2026 05:26,3d 7h,FALSE
1151943,Alarm,"ALARM: ""anxiprodb-instace-1-new-16-01-rds#DatabaseConnections"" in Asia Pacific (Sydney)",Closed,Not Violated,Critical - P1,Uptime Team,10-04-2026 05:29,3d 7h,FALSE
1151945,Alarm,"ALARM: ""softweb-srishti-rds-oracle-21c-Memory-85% #Alarm"" in Asia Pacific (Mumbai)",Closed,Not Violated,Critical - P1,Uptime Team,10-04-2026 05:30,3d 7h,FALSE
1151946,Client,[ALERT] [resolved] Bankify-PodRestart - Namespace: prod-app - Resource: Pod: od-scheduler-8498f5cd6-lfsf9 ,Closed,Not Violated,Medium - P3,DevOps Team,10-04-2026 05:33,3d 6h,FALSE
1151947,Alarm,"ALARM: ""Kims-Hospital-Prod-Web-Server-1b-CPUUtilization-85% #Alarm"" in Asia Pacific (Mumbai)",Closed,Not Violated,-,Uptime Team,10-04-2026 05:35,3d 6h,FALSE
1151948,Alarm,"Important notice about your AWS Account regarding VPN connections [AWS Account: 024488762401, VPN Connection: vpn-07fde591d9acce8f9, Tunnel Outside IP: 65.1.178.214]",Closed,Not Violated,Medium - P3,Uptime Team,10-04-2026 05:42,3d 6h,FALSE
1151949,Alarm,AWS Budgets Report: Annapurna-Efimo-Budget Report,Closed,Not Violated,Medium - P3,SMB Windows Team,10-04-2026 05:45,3d 6h,FALSE
1151950,Alarm,URGENT Action Required - Your certificate renewal,Closed,Not Violated,Medium - P3,Enterprise Linux Team,10-04-2026 05:55,3d 6h,FALSE
1151951,Alarm,"ALARM: ""S4-LTTS-QA-Application-StatusCheckFailed_Instance"" in Asia Pacific (Mumbai)",Closed,Not Violated,Critical - P1,Uptime Team,10-04-2026 05:57,3d 6h,FALSE
1151952,Alarm,"ALARM: ""SoftwebGloster-Prod-App-1b-Disk(C:)-85%-#Alarm"" in Asia Pacific (Mumbai)",Closed,Not Violated,Critical - P1,Uptime Team,10-04-2026 05:59,3d 6h,FALSE
1151953,Alarm,Lux Industries | https://luxdms.in/promoClaims/Login is Up,Closed,Not Violated,-,Uptime Team,10-04-2026 06:04,3d 6h,FALSE
1151954,Alarm,"ALARM: ""Midland-Tableau-Prod-Server-1a_CPUUtilization_90%_#Alarm"" in Asia Pacific (Mumbai)",Closed,Not Violated,High - P2,Uptime Team,10-04-2026 06:07,3d 6h,FALSE
1151955,Alarm,"ALARM: ""Cnergee-Prod-MYSQL-1b-Memory-95%(Critical)-#Alarm"" in Asia Pacific (Mumbai)",Closed,Not Violated,-,Uptime Team,10-04-2026 06:09,3d 6h,FALSE
1151958,Alarm,AWS Cost Management: Cost anomaly(ies) summary for account: Super Smelters Limited (022038146149) [2026-04-09],Closed,Not Violated,Medium - P3,SMB Linux Team,10-04-2026 06:22,3d 6h,FALSE
1151959,Alarm,"ALARM: ""Arundhati-Jewellers-DB-1b-Disk(/)-85%-#Alarm"" in Asia Pacific (Mumbai)",Closed,Not Violated,Critical - P1,Uptime Team,10-04-2026 06:25,3d 6h,FALSE
1151960,Alarm,"ALARM: ""KhimjiJwellers-Prod-DB-1b-CPU-85%-Alarm"" in Asia Pacific (Mumbai)",Closed,Not Violated,Critical - P1,Uptime Team,10-04-2026 06:26,3d 6h,FALSE
1151963,Alarm,"ALARM: ""KhimjiJwellers-Prod-DB-1b-CPU-85%-Alarm"" in Asia Pacific (Mumbai)",Closed,Not Violated,Critical - P1,Uptime Team,10-04-2026 06:30,3d 6h,FALSE
1151964,Alarm,"ALARM: ""SoftwebGloster-Prod-App-1b-CPU-85%-#Alarm"" in Asia Pacific (Mumbai)",Closed,Not Violated,Critical - P1,Uptime Team,10-04-2026 06:33,3d 6h,FALSE
1151965,Alarm,"ALARM: ""Arukus-PROD-APP-CPU-85% #Alarm"" in Asia Pacific (Mumbai)",Closed,Not Violated,Critical - P1,Uptime Team,10-04-2026 06:33,3d 6h,FALSE
1151966,Alarm,"ALARM: ""anxiprodb-instace-1-new-16-01-rds#DatabaseConnections"" in Asia Pacific (Sydney)",Closed,Not Violated,Critical - P1,Uptime Team,10-04-2026 06:35,3d 5h,FALSE
1151967,Alarm,"ALARM: ""PragatiMilk-Prod-VPN-1b-StatusCheckFailed_Instance-#Alarm"" in Asia Pacific (Mumbai)",Closed,Not Violated,Critical - P1,Uptime Team,10-04-2026 06:36,3d 5h,FALSE
1151969,Alarm,"ALARM: ""SoftwebGloster-Prod-App-1b-CPU-85%-#Alarm"" in Asia Pacific (Mumbai)",Closed,Not Violated,Critical - P1,Uptime Team,10-04-2026 06:40,3d 5h,FALSE
1151970,Alarm,"ALARM: ""RCB-FAN-APP-Prod-Jenkins-Pvt-1b-CPU-85%-#Alarm"" in Asia Pacific (Mumbai)",Closed,Not Violated,-,Uptime Team,10-04-2026 06:41,3d 5h,FALSE
1151972,Alarm,"ALARM: ""anxiprodb-instace-1-new-16-01-rds#DatabaseConnections"" in Asia Pacific (Sydney)",Closed,Not Violated,Critical - P1,Uptime Team,10-04-2026 06:44,3d 5h,FALSE
1151975,Alarm,"ALARM: ""anxiprodb-instace-1-new-16-01-rds#DatabaseConnections"" in Asia Pacific (Sydney)",Closed,Not Violated,Critical - P1,Uptime Team,10-04-2026 06:48,3d 5h,FALSE
1151977,Alarm,"ALARM: ""S4-Prod-LTTS-Powai-SSC-VPN-Tunnel-2-#ALARM"" in Asia Pacific (Mumbai)",Closed,Not Violated,Critical - P1,Uptime Team,10-04-2026 06:56,3d 5h,FALSE
1151978,Alarm,"ALARM: ""S4-Prod-LTTS-Powai-SSC-Status-down"" in Asia Pacific (Mumbai)",Closed,Not Violated,-,Uptime Team,10-04-2026 06:56,3d 5h,FALSE
1151979,Alarm,"ALARM: ""LTTS-PROD-POWAI-VPN Tunel-1#ALARM"" in Asia Pacific (Mumbai)",Closed,Not Violated,Critical - P1,Uptime Team,10-04-2026 06:56,3d 5h,FALSE
1151980,Alarm,"ALARM: ""Trackfour-New-Windows-Server-CPU-85%-#Alarm"" in Asia Pacific (Mumbai)",Closed,Not Violated,-,Uptime Team,10-04-2026 06:56,3d 5h,FALSE
1151982,Alarm,"ALARM: ""Klikk CloudFront E2LYSWMQ79ANFL 5xx error- #Alarm"" in US East (N. Virginia)",Closed,Not Violated,Critical - P1,Uptime Team,10-04-2026 06:57,3d 5h,FALSE
1151985,Alarm,"ALARM: ""softweb-srishti-rds-oracle-21c-Memory-85% #Alarm"" in Asia Pacific (Mumbai)",Closed,Not Violated,Critical - P1,Uptime Team,10-04-2026 06:59,3d 5h,FALSE
1151987,Alarm,"ALARM: ""BDG-Metal-Prod-DB-1b-Disk(D:)-90%#Alarm"" in Asia Pacific (Mumbai)",Closed,Not Violated,-,Uptime Team,10-04-2026 07:02,3d 5h,FALSE
1151989,Alarm,"ALARM: ""BDG-Metal-Prod-App-1b-Disk(C:)85%#Alarm"" in Asia Pacific (Mumbai)",Closed,Not Violated,High - P2,Uptime Team,10-04-2026 07:04,3d 5h,FALSE
1151991,Alarm,RICB is Up,Closed,Not Violated,-,Uptime Team,10-04-2026 07:04,3d 5h,FALSE
1151992,Alarm,Lux Industries | https://luxind.in/login is Up,Closed,Not Violated,-,Uptime Team,10-04-2026 07:05,3d 5h,FALSE
1151993,Alarm,"ALARM: ""ETEdge-TG-Etnowgbs-cdn-ENSA4TPDNYD15-5xxErrorRate-Alarm"" in US East (N. Virginia)",Closed,Not Violated,Critical - P1,Uptime Team,10-04-2026 07:05,3d 5h,FALSE
1151994,Alarm,"ALARM: ""SoftwebGloster-Prod-App-1b-CPU-85%-#Alarm"" in Asia Pacific (Mumbai)",Closed,Not Violated,Critical - P1,Uptime Team,10-04-2026 07:06,3d 5h,FALSE
1151998,Alarm,Gabriels Technology is Down from multiple locations,Closed,Not Violated,-,Uptime Team,10-04-2026 07:13,3d 5h,FALSE
1151999,Alarm,Gabriels Technology is Up,Closed,Not Violated,-,Uptime Team,10-04-2026 07:14,3d 5h,FALSE
1152001,Alarm,"ALARM: ""Trackfour-New-Windows-Server-CPU-85%-#Alarm"" in Asia Pacific (Mumbai)",Closed,Not Violated,-,Uptime Team,10-04-2026 07:17,3d 5h,FALSE
1152003,Alarm,"ALARM: ""SoftwebGloster-Prod-App-1b-CPU-85%-#Alarm"" in Asia Pacific (Mumbai)",Closed,Not Violated,Critical - P1,Uptime Team,10-04-2026 07:21,3d 5h,FALSE
1152004,Client,SH-NS-MS-10-04-26,Closed,Not Violated,Medium - P3,Uptime Team,10-04-2026 07:25,3d 5h,FALSE
1152005,Alarm,"ALARM: ""AMPL-eFIMO-Prod-RDB-1b-CPU-90%-#Alarm"" in Asia Pacific (Mumbai)",Closed,Not Violated,-,Uptime Team,10-04-2026 07:26,3d 5h,FALSE
1152007,Alarm,"ALARM: ""softweb-srishti-rds-oracle-21c-Memory-85% #Alarm"" in Asia Pacific (Mumbai)",Closed,Not Violated,Critical - P1,Uptime Team,10-04-2026 07:29,3d 5h,FALSE
1152011,Alarm,"ALARM: ""AMPL-eFIMO-Prod-RDB-1b-CPU-95%-#Alarm"" in Asia Pacific (Mumbai)",Closed,Not Violated,-,Uptime Team,10-04-2026 07:36,3d 4h,FALSE
1152012,Alarm,"ALARM: ""AMPL-eFIMO-Prod-RDB-1b-CPU-90%-#Alarm"" in Asia Pacific (Mumbai)",Closed,Not Violated,-,Uptime Team,10-04-2026 07:36,3d 4h,FALSE
1152014,Alarm,"ALARM: ""softweb-srishti-rds-oracle-21c-Memory-85% #Alarm"" in Asia Pacific (Mumbai)",Closed,Not Violated,Critical - P1,Uptime Team,10-04-2026 07:43,3d 4h,FALSE
1152016,Alarm,"ALARM: ""kfintech-arim-rds-uat-free_memory-15%-#Alarm"" in Asia Pacific (Malaysia)",Closed,Not Violated,Critical - P1,Uptime Team,10-04-2026 07:52,3d 4h,FALSE
1152017,Alarm,Your Savings Plan(s) are nearing their expiration date,Closed,Not Violated,Medium - P3,SMB Linux Team,10-04-2026 07:52,3d 4h,FALSE
1152018,Alarm,Reservation Expiration Alert : You have 1 reservation(s) set to expire 30 days later,Closed,Not Violated,-,SMB Linux Team,10-04-2026 07:52,3d 4h,FALSE
1152019,Alarm,"ALARM: ""softweb-srishti-rds-oracle-21c-Memory-85% #Alarm"" in Asia Pacific (Mumbai)",Closed,Not Violated,Critical - P1,Uptime Team,10-04-2026 07:59,3d 4h,FALSE
1152020,Alarm,SAP Backup Status Report,Closed,Not Violated,Medium - P3,Enterprise Windows Team,10-04-2026 08:00,3d 4h,FALSE
1152021,Alarm,Lux Industries | https://luxindustries.co.in/luxadtracker/login is Up,Closed,Not Violated,-,Uptime Team,10-04-2026 08:01,3d 4h,FALSE
1152023,Alarm,IKF Finance is Up,Closed,Not Violated,-,Uptime Team,10-04-2026 08:04,3d 4h,FALSE
1152025,Alarm,"ALARM: ""Gemtech-SAP-B1-Server-Window-2022-CPU-85%-#Alarm"" in Asia Pacific (Mumbai)",Closed,Not Violated,Critical - P1,Uptime Team,10-04-2026 08:07,3d 4h,FALSE
1152026,Alarm,"ALARM: ""Gemtech-SAP-B1-Server-Window-2022-CPU-95%-#Alarm"" in Asia Pacific (Mumbai)",Closed,Not Violated,Critical - P1,Uptime Team,10-04-2026 08:07,3d 4h,FALSE
1152028,Alarm,"ALARM: ""AMPL-eFIMO-Prod-RDB-1b-CPU-90%-#Alarm"" in Asia Pacific (Mumbai)",Closed,Not Violated,-,Uptime Team,10-04-2026 08:13,3d 4h,FALSE
1152030,Alarm,Argus News is Down from multiple locations,Closed,Not Violated,-,Uptime Team,10-04-2026 08:26,3d 4h,FALSE
1152031,Alarm,Argus News is Up,Closed,Not Violated,-,Uptime Team,10-04-2026 08:26,3d 4h,FALSE
1152034,Alarm,"ALARM: ""Trakkerz & ERP (CMS-New-Windows)-Disk(D)-85%#Alarm"" in Asia Pacific (Mumbai)",Closed,Not Violated,-,Uptime Team,10-04-2026 08:31,3d 4h,FALSE
1152036,Alarm,"ALARM: ""Absolute-Barbeque-Prod-SAPB1-1b-Disk(E:)-85%#Alarm"" in Asia Pacific (Mumbai)",Closed,Not Violated,Critical - P1,Uptime Team,10-04-2026 08:35,3d 3h,FALSE
1152037,Alarm,"ALARM: ""anxiprodb-instace-1-new-16-01-CPU#Alarm"" in Asia Pacific (Sydney)",Closed,Not Violated,Critical - P1,Uptime Team,10-04-2026 08:39,3d 3h,FALSE
1152038,Alarm,"ALARM: ""AFPL-Prod-Seceon-CCE-Pub-1b-Memory-85%-#Alarms"" in Asia Pacific (Mumbai)",Closed,Not Violated,-,Uptime Team,10-04-2026 08:40,3d 3h,FALSE
1152040,Alarm,"ALARM: ""softweb-srishti-rds-oracle-21c-Memory-85% #Alarm"" in Asia Pacific (Mumbai)",Closed,Not Violated,Critical - P1,Uptime Team,10-04-2026 08:42,3d 3h,FALSE
1152041,Alarm,"ALARM: ""ETEdge-TG-Etnowgbs-cdn-ENSA4TPDNYD15-5xxErrorRate-Alarm"" in US East (N. Virginia)",Closed,Not Violated,Critical - P1,Uptime Team,10-04-2026 08:43,3d 3h,FALSE
1152043,Alarm,"ALARM: ""kfintech-arim-rds-uat-free_memory-15%-#Alarm"" in Asia Pacific (Malaysia)",Closed,Not Violated,Critical - P1,Uptime Team,10-04-2026 08:52,3d 3h,FALSE
1152044,Alarm,"ALARM: ""KFIN-AIF-Prod-Bandhan-1b-DiskUtilization-85%-Alarm"" in Asia Pacific (Mumbai)",Closed,Not Violated,Critical - P1,Uptime Team,10-04-2026 08:57,3d 3h,FALSE
1152045,Alarm,Argus News is Down from multiple locations,Closed,Not Violated,-,Uptime Team,10-04-2026 08:57,3d 3h,FALSE
1152046,Alarm,Argus News is Up,Closed,Not Violated,-,Uptime Team,10-04-2026 08:58,3d 3h,FALSE
1152047,Alarm,AWS Notification Message,Closed,Not Violated,Medium - P3,Uptime Team,10-04-2026 09:00,3d 3h,FALSE
1152048,Alarm,AWS Notification Message,Closed,Not Violated,Medium - P3,Uptime Team,10-04-2026 09:00,3d 3h,FALSE
1152049,Alarm,AWS Notification Message,Closed,Not Violated,Medium - P3,Uptime Team,10-04-2026 09:00,3d 3h,FALSE
1152050,Alarm,"ALARM: ""LuxIndustries-Prod-BotSrv-1b-Disk-D:-85%-#Alarm"" in Asia Pacific (Mumbai)",Closed,Not Violated,Critical - P1,Uptime Team,10-04-2026 09:02,3d 3h,FALSE
1152051,Alarm,Shifa Hospitals is Up,Closed,Not Violated,-,Uptime Team,10-04-2026 09:02,3d 3h,FALSE
1152052,Alarm,"ALARM: ""MK-Agro-PRD-SSFA-DBP-01-CPU-85%-#Alarm"" in Asia Pacific (Mumbai)",Closed,Not Violated,Critical - P1,Uptime Team,10-04-2026 09:04,3d 3h,FALSE
1152053,Alarm,"ALARM: ""IWMBUZZ-PROD-WPS-ADMIN-Memory-85%-#Alarm"" in Asia Pacific (Mumbai)",Closed,Not Violated,Critical - P1,Uptime Team,10-04-2026 09:05,3d 3h,FALSE
1152055,Alarm,"ALARM: ""MBM-Group-Prod-App-1b-CPU-85%-#ALARM"" in Asia Pacific (Mumbai)",Closed,Not Violated,Critical - P1,Uptime Team,10-04-2026 09:10,3d 3h,FALSE
1152056,Alarm,"ALARM: ""Gemtech-SAP-B1-Server-Window-2022-CPU-85%-#Alarm"" in Asia Pacific (Mumbai)",Closed,Not Violated,Critical - P1,Uptime Team,10-04-2026 09:11,3d 3h,FALSE
1152057,Alarm,"ALARM: ""hoichoi-aws-aps1-prod-ecs-hoichoi-backend_high_memory_util_alarm"" in Asia Pacific (Mumbai)",Closed,Not Violated,Critical - P1,Uptime Team,10-04-2026 09:11,3d 3h,FALSE
1152058,Alarm,"ALARM: ""RICB-Oracle-DB-1b-CPU-85%-#Alarm"" in Asia Pacific (Mumbai)",Closed,Not Violated,Critical - P1,Uptime Team,10-04-2026 09:17,3d 3h,FALSE
1152059,Alarm,"ALARM: ""MK-Agro-PRD-SSFA-DBP-01-CPU-85%-#Alarm"" in Asia Pacific (Mumbai)",Closed,Not Violated,Critical - P1,Uptime Team,10-04-2026 09:20,3d 3h,FALSE
1152060,Alarm,"ALARM: ""SoftWeb-DB-Pvt-1b-#CPUUtilization-95%-#ALARM"" in Asia Pacific (Mumbai)",Closed,Not Violated,-,Uptime Team,10-04-2026 09:22,3d 3h,FALSE
1152061,Alarm,"ALARM: ""NewTownSchool_Agorae-Prod-VPN-1b-50%-CPU #Alarm"" in Asia Pacific (Mumbai)",Closed,Not Violated,Critical - P1,Uptime Team,10-04-2026 09:25,3d 3h,FALSE
1152062,Alarm,"ALARM: ""SoftWeb-DB-Pvt-1b-#CPUUtilization-95%-#ALARM"" in Asia Pacific (Mumbai)",Closed,Not Violated,-,Uptime Team,10-04-2026 09:27,3d 3h,FALSE
1152063,Alarm,"ALARM: ""MK-Agro-PRD-SSFA-DBP-01-CPU-85%-#Alarm"" in Asia Pacific (Mumbai)",Closed,Not Violated,Critical - P1,Uptime Team,10-04-2026 09:29,3d 3h,FALSE
1152064,Alarm,"ALARM: ""kfinpwm-hex-prod-rds-Low-FreeableMemory-15%-#Alarm"" in Asia Pacific (Mumbai)",Closed,Not Violated,Critical - P1,Uptime Team,10-04-2026 09:29,3d 3h,FALSE
1152065,Alarm,"ALARM: ""kfinpwm-hex-prod-rds-Low-FreeableMemory-15%-#Alarm"" in Asia Pacific (Mumbai)",Closed,Not Violated,Critical - P1,Uptime Team,10-04-2026 09:29,3d 3h,FALSE
1152068,Alarm,"ALARM: ""RICB-Oracle-DB-1b-CPU-95%-#Alarm"" in Asia Pacific (Mumbai)",Closed,Not Violated,Critical - P1,Uptime Team,10-04-2026 09:32,3d 3h,FALSE
1152069,Alarm,"ALARM: ""ABM-Technomatrix-Prod-Web/DB-1a-New-Disk(C)-85%-#Alarm"" in Asia Pacific (Mumbai)",Closed,Not Violated,Critical - P1,Uptime Team,10-04-2026 09:35,3d 2h,FALSE
1152070,Alarm,"ALARM: ""ABM-Technomatrix-Prod-Web/DB-1a-New-Disk(C)-85%-#Alarm"" in Asia Pacific (Mumbai)",Closed,Not Violated,Critical - P1,Uptime Team,10-04-2026 09:35,3d 2h,FALSE
1152071,Client,FW: Multiple Vulnerabilities in OpenSSL,Awaiting Customer Response,Not Violated,Medium - P3,Enterprise Windows Team,10-04-2026 09:36,3d 2h,FALSE
1152072,Client,Urgent: Midland-Arukus-PROD-APP Not Working,Closed,Not Violated,Critical - P1,Enterprise Windows Team,10-04-2026 09:37,3d 2h,TRUE
1152073,Alarm,"ALARM: ""RICB-Oracle-DB-1b-CPU-95%-#Alarm"" in Asia Pacific (Mumbai)",Closed,Not Violated,Critical - P1,Uptime Team,10-04-2026 09:40,3d 2h,FALSE
1152074,Alarm,"ALARM: ""Bazoki-HTTPCode_Target_5XX_Count-ALB-Count-2#Alarms"" in Asia Pacific (Mumbai)",Closed,Not Violated,Critical - P1,Enterprise Linux Team,10-04-2026 09:42,3d 2h,FALSE
1152075,Alarm,"ALARM: ""Dev_DevOps_test-Prod-Memory-85%#Alarm"" in Asia Pacific (Mumbai)",Closed,Not Violated,Critical - P1,Uptime Team,10-04-2026 09:44,3d 2h,FALSE
1152076,Alarm,"ALARM: ""Arukus-PROD-APP-StatusCheckFailed_Instance #Alarm"" in Asia Pacific (Mumbai)",Closed,Not Violated,Critical - P1,Uptime Team,10-04-2026 09:47,3d 2h,FALSE
1152077,Alarm,"Warning: ""Arukus-PROD-APP-StatusCheckFailed_Instance #Alarm"" in Asia Pacific (Mumbai)",Closed,Not Violated,Critical - P1,Uptime Team,10-04-2026 09:48,3d 2h,FALSE
1152079,Client,TS Plus Credentials error,Closed,Response Violation,Medium - P3,Uptime Team,10-04-2026 09:49,3d 2h,TRUE
1152080,Client,Pritunl Additional Users - Sri Alankar Jewellers,Closed,Not Violated,Medium - P3,Uptime Team,10-04-2026 09:49,3d 2h,FALSE
1152082,Alarm,"ALARM: ""KhimjiJwellers-ERP-App+MSSQLDB-Server-1b-CPU-85%-#Alarm"" in Asia Pacific (Mumbai)",Closed,Not Violated,-,Uptime Team,10-04-2026 09:51,3d 2h,FALSE
1152083,Alarm,"ALARM: ""Bazoki-Prod-DB-1b-CPU-85%-#Alarm"" in Asia Pacific (Mumbai)",Closed,Not Violated,Critical - P1,Uptime Team,10-04-2026 09:51,3d 2h,FALSE
1152084,Alarm,"ALARM: ""KhimjiJwellers-ERP-App+MSSQLDB-Server-1b-CPU-95%-#Alarm"" in Asia Pacific (Mumbai)",Closed,Not Violated,-,Uptime Team,10-04-2026 09:52,3d 2h,FALSE
1152085,Alarm,"ALARM: ""RICB-Oracle-DB-1b-CPU-85%-#Alarm"" in Asia Pacific (Mumbai)",Closed,Not Violated,Critical - P1,Uptime Team,10-04-2026 09:57,3d 2h,FALSE
1152086,Client,FW: Upgrade Required – SAP Server Running on EOL Windows Server 2012,Closed,Not Violated,Medium - P3,Enterprise Linux Team,10-04-2026 10:00,3d 2h,FALSE
1152087,Alarm,"ALARM: ""anxiprodb-instace-1-new-16-01-rds#DatabaseConnections"" in Asia Pacific (Sydney)",Closed,Not Violated,Critical - P1,Uptime Team,10-04-2026 10:03,3d 2h,FALSE
1152088,Client,Time Entry,Closed,Not Violated,High - P2,-,10-04-2026 10:04,3d 2h,FALSE
1152089,Alarm,"ALARM: ""brigosha-prod-aurora-serverless-mysql8-instance-1-ReadIOPS(>500..."" in Asia Pacific (Mumbai)",Closed,Not Violated,Critical - P1,Uptime Team,10-04-2026 10:06,3d 2h,FALSE
1152090,Alarm,"ALARM: ""brigosha-prod-aurora-serverless-mysql8-ReadIOPS(>500)-#Alarm"" in Asia Pacific (Mumbai)",Closed,Not Violated,Critical - P1,Uptime Team,10-04-2026 10:06,3d 2h,FALSE
1152095,Alarm,"ALARM: ""Dev_DevOps_test-Prod-CPU-95%#Alarm"" in Asia Pacific (Mumbai)",Closed,Not Violated,Critical - P1,Uptime Team,10-04-2026 10:11,3d 2h,FALSE
1152096,Alarm,"ALARM: ""Dev_DevOps_test-Prod-CPU-85%#Alarm"" in Asia Pacific (Mumbai)",Closed,Not Violated,Critical - P1,Uptime Team,10-04-2026 10:12,3d 2h,FALSE
1152097,Alarm,"ALARM: ""kfinpwm-hex-prod-rds-Low-FreeableMemory-15%-#Alarm"" in Asia Pacific (Mumbai)",Closed,Not Violated,Critical - P1,Uptime Team,10-04-2026 10:13,3d 2h,FALSE
1152098,Alarm,"ALARM: ""kfinpwm-hex-prod-rds-Low-FreeableMemory-15%-#Alarm"" in Asia Pacific (Mumbai)",Closed,Not Violated,Critical - P1,Uptime Team,10-04-2026 10:13,3d 2h,FALSE
1152099,Alarm,"ALARM: ""RICB-Oracle-DB-1b-CPU-85%-#Alarm"" in Asia Pacific (Mumbai)",Closed,Not Violated,Critical - P1,Uptime Team,10-04-2026 10:16,3d 2h,FALSE
1152100,Alarm,"ALARM: ""RICB-Oracle-DB-1b-CPU-95%-#Alarm"" in Asia Pacific (Mumbai)",Closed,Not Violated,Critical - P1,Uptime Team,10-04-2026 10:16,3d 2h,FALSE
1152103,Alarm,"ALARM: ""RICB-Oracle-DB-1b-CPU-95%-#Alarm"" in Asia Pacific (Mumbai)",Closed,Not Violated,Critical - P1,Uptime Team,10-04-2026 10:22,3d 2h,FALSE
1152104,Alarm,"ALARM: ""Bazoki-Prod-DB-1b-CPU-85%-#Alarm"" in Asia Pacific (Mumbai)",Closed,Not Violated,Critical - P1,Uptime Team,10-04-2026 10:26,3d 2h,FALSE
1152105,Alarm,"ALARM: ""Trackfour-New-Windows-Server-CPU-85%-#Alarm"" in Asia Pacific (Mumbai)",Closed,Not Violated,-,Uptime Team,10-04-2026 10:26,3d 2h,FALSE
1152106,Alarm,"ALARM: ""Kims-Hospital-Prod-Web-Server-1b-CPUUtilization-85% #Alarm"" in Asia Pacific (Mumbai)",Closed,Not Violated,-,Uptime Team,10-04-2026 10:27,3d 2h,FALSE
1152107,Alarm,"ALARM: ""RICB-Oracle-DB-1b-CPU-95%-#Alarm"" in Asia Pacific (Mumbai)",Closed,Not Violated,Critical - P1,Uptime Team,10-04-2026 10:27,3d 2h,FALSE
1152109,Alarm,"ALARM: ""Bazoki-Prod-DB-1b-CPU-85%-#Alarm"" in Asia Pacific (Mumbai)",Closed,Not Violated,Critical - P1,Uptime Team,10-04-2026 10:31,3d 2h,FALSE
1152110,Alarm,"RE: ALARM: ""kfinpwm-hex-prod-rds-Low-FreeableMemory-15%-#Alarm"" in Asia Pacific (Mumbai)",Closed,Not Violated,-,Enterprise Windows Team,10-04-2026 10:38,3d 1h,FALSE
1152112,Alarm,"ALARM: ""LeeNee-Haldia-Prod-SapB1&DB-1b-New-Disk(D)-15%-#Alarm"" in Asia Pacific (Mumbai)",Awaiting Customer Response,Not Violated,Critical - P1,SMB Linux Team,10-04-2026 10:39,3d 1h,FALSE
1152113,Alarm,AWS Cost Management: Cost anomaly detected on 2026-04-10T05:11:25.612971115Z,Closed,Not Violated,Medium - P3,Enterprise Windows Team,10-04-2026 10:41,3d 1h,FALSE
1152114,Alarm,AWS Cost Management: Cost anomaly detected on 2026-04-10T05:11:31.915964605Z,Closed,Not Violated,Medium - P3,Enterprise Windows Team,10-04-2026 10:41,3d 1h,FALSE
1152115,Alarm,"ALARM: ""softweb-srishti-rds-oracle-21c-Memory-85% #Alarm"" in Asia Pacific (Mumbai)",Closed,Not Violated,Critical - P1,Uptime Team,10-04-2026 10:42,3d 1h,FALSE
1152117,Alarm,"ALARM: ""Kims-Hospital-KSRVPRDDB-Server-2b-Disk(/hana/shared)-85%-#Alarm"" in Asia Pacific (Hyderabad)",Closed,Not Violated,-,Uptime Team,10-04-2026 10:46,3d 1h,FALSE
1152118,Alarm,"ALARM: ""Nandu'sFood-Staging-Web-1c-CPU-95%-#Alarm"" in Asia Pacific (Mumbai)",Closed,Not Violated,-,Uptime Team,10-04-2026 10:46,3d 1h,FALSE
1152119,Alarm,"ALARM: ""Kims-Hospital-Prod-Web-Server-1b-CPUUtilization-85% #Alarm"" in Asia Pacific (Mumbai)",Closed,Not Violated,-,Uptime Team,10-04-2026 10:48,3d 1h,FALSE
1152120,Alarm,"ALARM: ""RICB-Oracle-DB-1b-CPU-85%-#Alarm"" in Asia Pacific (Mumbai)",Closed,Not Violated,Critical - P1,Uptime Team,10-04-2026 10:52,3d 1h,FALSE
1152121,Alarm,"ALARM: ""JayamSolution-Prod-DB-1b-Memory-85%-Alarm"" in Asia Pacific (Mumbai)",Closed,Not Violated,-,Uptime Team,10-04-2026 10:52,3d 1h,FALSE
1152122,Client,Request to restart old server,Closed,Not Violated,Medium - P3,Uptime Team,10-04-2026 10:53,3d 1h,FALSE
1152123,Alarm,"ALARM: ""RICB-Oracle-DB-1b-CPU-95%-#Alarm"" in Asia Pacific (Mumbai)",Closed,Not Violated,Critical - P1,Uptime Team,10-04-2026 10:53,3d 1h,FALSE
1152124,Client,Request to Keep Pre-Live Server Up,Closed,Not Violated,Medium - P3,Uptime Team,10-04-2026 10:58,3d 1h,FALSE
1152125,Alarm,"ALARM: ""Bazoki-Prod-DB-1b-CPU-85%-#Alarm"" in Asia Pacific (Mumbai)",Closed,Not Violated,Critical - P1,Uptime Team,10-04-2026 11:01,3d 1h,FALSE
1152126,Client,Notice on zistaeducation.com admin,Waiting On Third Party,Not Violated,Medium - P3,Enterprise Linux Team,10-04-2026 11:03,3d 1h,FALSE
1152127,Alarm,"ALARM: ""BDG-Metal-Prod-App-1b-C.P.U-85%#Alarm"" in Asia Pacific (Mumbai)",Closed,Not Violated,High - P2,Uptime Team,10-04-2026 11:06,3d 1h,FALSE
1152128,Client,FW: Invoice - INV-2026270135 from Workmates Core2Cloud Solution Ltd,Awaiting Customer Response,Not Violated,Medium - P3,SMB Linux Team,10-04-2026 11:06,3d 1h,FALSE
1152129,Client,Recommendation to Migrate Mail Services to AWS SES,Internal Dependency,Not Violated,Medium - P3,Enterprise Linux Team,10-04-2026 11:07,3d 1h,FALSE
1152131,Alarm,"ALARM: ""Innovel-Tally-server-Pub-1b-cpu-85%-alarm"" in Asia Pacific (Mumbai)",Closed,Not Violated,-,Uptime Team,10-04-2026 11:09,3d 1h,FALSE
1152130,Client,Certificate verification issue in zupayapi.zupay.tech,Resolved,Response Violation,Medium - P3,DevOps Team,10-04-2026 11:09,3d 1h,TRUE
1152132,Alarm,"ALARM: ""ARS-Steels-Prod-APP-1a-CPU-95%-#Alarm"" in Asia Pacific (Mumbai)",Closed,Not Violated,-,Uptime Team,10-04-2026 11:10,3d 1h,FALSE
1152133,Alarm,"ALARM: ""ARS-Steels-Prod-APP-1a-CPU-90%-#Alarm"" in Asia Pacific (Mumbai)",Closed,Not Violated,-,Uptime Team,10-04-2026 11:12,3d 1h,FALSE
1152134,Alarm,"ALARM: ""GnsqGlobal-Prod-APP-DB-Server-1b-CPU-Utilization-95% #Alarm"" in Asia Pacific (Mumbai)",Closed,Not Violated,-,Uptime Team,10-04-2026 11:12,3d 1h,FALSE
1152135,Alarm,"ALARM: ""Kims-Hospital-Prod-Web-Server-1b-CPUUtilization-85% #Alarm"" in Asia Pacific (Mumbai)",Closed,Not Violated,-,Uptime Team,10-04-2026 11:12,3d 1h,FALSE
1152136,Alarm,"ALARM: ""LeeNee-Haldia-Prod-SapB1&DB-1b-New-Memory-85%-#Alarm"" in Asia Pacific (Mumbai)",Closed,Not Violated,Critical - P1,Uptime Team,10-04-2026 11:12,3d 1h,FALSE
1152137,Alarm,Argus News is Down from multiple locations,Closed,Not Violated,-,Uptime Team,10-04-2026 11:15,3d 1h,FALSE
1152138,Alarm,"ALARM: ""Magpet-Prod-SAP-New-Pub-1a-OLD-Disk(D)-85%-#Alarm"" in Asia Pacific (Mumbai)",Closed,Not Violated,-,Uptime Team,10-04-2026 11:15,3d 1h,FALSE
1152139,Alarm,"ALARM: ""Magpet-Prod-SAP-New-Pub-1a-OLD-Disk(C)-85%-#Alarm"" in Asia Pacific (Mumbai)",Closed,Not Violated,-,Uptime Team,10-04-2026 11:15,3d 1h,FALSE
1152140,Alarm,"ALARM: ""BDG-Metal-Prod-App-1b-C.P.U-85%#Alarm"" in Asia Pacific (Mumbai)",Closed,Not Violated,High - P2,Uptime Team,10-04-2026 11:15,3d 1h,FALSE
1152141,Alarm,Argus News is Up,Closed,Not Violated,-,Uptime Team,10-04-2026 11:16,3d 1h,FALSE
1152142,Alarm,"ALARM: ""Bazoki-Prod-DB-1b-CPU-85%-#Alarm"" in Asia Pacific (Mumbai)",Closed,Not Violated,Critical - P1,Uptime Team,10-04-2026 11:16,3d 1h,FALSE
1152143,Alarm,"ALARM: ""Arundhati-Jewellers-ALB-5XX-#Alarm"" in Asia Pacific (Mumbai)",Closed,Not Violated,Critical - P1,Uptime Team,10-04-2026 11:17,3d 1h,FALSE
1152144,Alarm,"ALARM: ""LeeNee-Haldia-Prod-SapB1&DB-1b-New-Memory-85%-#Alarm"" in Asia Pacific (Mumbai)",Closed,Not Violated,Critical - P1,Uptime Team,10-04-2026 11:17,3d 1h,FALSE
1152145,Client,Re:Access Required,Closed,Not Violated,Medium - P3,Enterprise Windows Team,10-04-2026 11:18,3d 1h,FALSE
1152146,Client,AWS Cost Management: Cost anomaly detected on 2026-04-10T05:49:58.334933147Z,Closed,Not Violated,Medium - P3,SMB Linux Team,10-04-2026 11:20,3d 1h,FALSE
1152147,Client,AWS Cost Management: Cost anomaly detected on 2026-04-10T05:50:02.117838252Z,Closed,Not Violated,Medium - P3,SMB Linux Team,10-04-2026 11:20,3d 1h,FALSE
1152148,Alarm,AWS Cost Management: Cost anomaly detected on 2026-04-10T05:50:08.839553916Z,Closed,Not Violated,Medium - P3,SMB Linux Team,10-04-2026 11:20,3d 1h,FALSE
1152149,Client,AWS Cost Management: Cost anomaly detected on 2026-04-10T05:50:18.233771121Z,Closed,Not Violated,Medium - P3,SMB Linux Team,10-04-2026 11:20,3d 1h,FALSE
1152150,Alarm,"ALARM: ""PragtiMilk-Prod-Web-1b-CPU-85%-#Alarm"" in Asia Pacific (Mumbai)",Closed,Not Violated,Critical - P1,Uptime Team,10-04-2026 11:21,3d 1h,FALSE
1152151,Alarm,"ALARM: ""RICB-Oracle-DB-1b-CPU-85%-#Alarm"" in Asia Pacific (Mumbai)",Closed,Not Violated,Critical - P1,Uptime Team,10-04-2026 11:23,3d 1h,FALSE
1152152,Alarm,"ALARM: ""ARS-Steels-Prod-APP-1a-CPU-90%-#Alarm"" in Asia Pacific (Mumbai)",Closed,Not Violated,-,Uptime Team,10-04-2026 11:24,3d 1h,FALSE
1152153,Alarm,"ALARM: ""PragtiMilk-Prod-Web-1b-CPU-85%-#Alarm"" in Asia Pacific (Mumbai)",Closed,Not Violated,Critical - P1,Uptime Team,10-04-2026 11:25,3d 1h,FALSE
1152154,Alarm,"ALARM: ""Ankura-Hospitals-Prod-SAPB1-1b-CPU-85%#Alarm"" in Asia Pacific (Mumbai)",Closed,Not Violated,Critical - P1,Uptime Team,10-04-2026 11:26,3d 1h,FALSE
1152155,Alarm,"ALARM: ""Critical-Ankura-Hospitals-Prod-SAPB1-1b-CPU-95%#ALARM"" in Asia Pacific (Mumbai)",Closed,Not Violated,-,Uptime Team,10-04-2026 11:26,3d 1h,FALSE
1152156,Alarm,"ALARM: ""ARS-Steels-Prod-APP-1a-CPU-95%-#Alarm"" in Asia Pacific (Mumbai)",Closed,Not Violated,-,Uptime Team,10-04-2026 11:27,3d 1h,FALSE
1152157,Alarm,"ALARM: ""RICB-Oracle-DB-1b-CPU-95%-#Alarm"" in Asia Pacific (Mumbai)",Closed,Not Violated,Critical - P1,Uptime Team,10-04-2026 11:27,3d 1h,FALSE
1152158,Alarm,"ALARM: ""kims-app-db1-CPU-90%-#Alarm"" in Asia Pacific (Hyderabad)",Closed,Not Violated,Critical - P1,Uptime Team,10-04-2026 11:28,3d 1h,FALSE
1152159,Client,AWS Cost Management: Cost anomaly detected on 2026-04-10T06:00:12.482639662Z,Closed,Not Violated,Medium - P3,SMB Linux Team,10-04-2026 11:30,3d 1h,FALSE
1152161,Alarm,"ALARM: ""softweb-srishti-rds-oracle-21c-Memory-85% #Alarm"" in Asia Pacific (Mumbai)",Closed,Not Violated,Critical - P1,Uptime Team,10-04-2026 11:31,3d 1h,FALSE
1152162,Client,Devloper access to git on dev env,Closed,Not Violated,Medium - P3,DevOps Team,10-04-2026 11:31,3d 1h,FALSE
1152163,Alarm,"ALARM: ""Innovel-Energy-SAP-B1-1b-CPU-85%-#Alarm"" in Asia Pacific (Mumbai)",Awaiting Customer Response,Not Violated,Medium - P3,SMB Windows Team,10-04-2026 11:32,3d 1h,FALSE
1152164,Alarm,"ALARM: ""Kims-Hospital-Prod-Web-Server-1b-CPUUtilization-85% #Alarm"" in Asia Pacific (Mumbai)",Closed,Not Violated,-,Uptime Team,10-04-2026 11:32,3d 1h,FALSE
1152165,Alarm,"ALARM: ""Bazoki-Prod-DB-1b-CPU-85%-#Alarm"" in Asia Pacific (Mumbai)",Closed,Not Violated,Critical - P1,Uptime Team,10-04-2026 11:32,3d 1h,FALSE
1152166,Alarm,"ALARM: ""Eleve-Diamonds-ALB-4XX-#ALARM"" in Asia Pacific (Mumbai)",Closed,Not Violated,Critical - P1,Uptime Team,10-04-2026 11:32,3d 1h,FALSE
1152167,Client,(No Subject),Awaiting Customer Response,Not Violated,Medium - P3,Enterprise Linux Team,10-04-2026 11:33,3d 1h,FALSE
1152168,Alarm,"ALARM: ""KFIN-AIF-Prod-Ikigai-AM-1b-CPU-85%-#Alarm"" in Asia Pacific (Mumbai)",Closed,Not Violated,Critical - P1,Uptime Team,10-04-2026 11:33,3d 0h,FALSE
1152169,Alarm,"ALARM: ""Ankura-Hospitals-Prod-SAPB1-1b-CPU-85%#Alarm"" in Asia Pacific (Mumbai)",Closed,Not Violated,Critical - P1,Uptime Team,10-04-2026 11:36,3d 0h,FALSE
1152170,Alarm,"ALARM: ""kims-app-db1-CPU-90%-#Alarm"" in Asia Pacific (Hyderabad)",Closed,Not Violated,Critical - P1,Uptime Team,10-04-2026 11:38,3d 0h,FALSE
1152171,Client,Request for Server Creation on AWS,Waiting On Third Party,Not Violated,Medium - P3,Enterprise Linux Team,10-04-2026 11:39,3d 0h,FALSE
1152172,Alarm,"ALARM: ""Ankura-Hospitals-Prod-SAPB1-1b-CPU-85%#Alarm"" in Asia Pacific (Mumbai)",Closed,Not Violated,Critical - P1,Uptime Team,10-04-2026 11:41,3d 0h,FALSE
1152173,Alarm,"ALARM: ""Ankura-Hospitals-Prod-SAPB1-1b-Memory-85%#ALARM"" in Asia Pacific (Mumbai)",Closed,Not Violated,Critical - P1,Uptime Team,10-04-2026 11:43,3d 0h,FALSE
1152174,Alarm,"ALARM: ""RICB-Oracle-DB-1b-CPU-85%-#Alarm"" in Asia Pacific (Mumbai)",Closed,Not Violated,Critical - P1,Uptime Team,10-04-2026 11:43,3d 0h,FALSE
1152176,Alarm,"ALARM: ""KFIN-AIF-Prod-Bandhan-1b-DiskUtilization-85%-Alarm"" in Asia Pacific (Mumbai)",Awaiting Customer Response,Not Violated,Critical - P1,Enterprise Windows Team,10-04-2026 11:46,3d 0h,FALSE
1152177,Alarm,"ALARM: ""BDG-Metal-Prod-App-1b-C.P.U-85%#Alarm"" in Asia Pacific (Mumbai)",Closed,Not Violated,High - P2,Uptime Team,10-04-2026 11:46,3d 0h,FALSE
1152179,Alarm,"ALARM: ""Innovel-Energy-SAP-B1-1b-CPU-85%-#Alarm"" in Asia Pacific (Mumbai)",Closed,Not Violated,Critical - P1,Uptime Team,10-04-2026 11:47,3d 0h,FALSE
1152180,Alarm,"ALARM: ""hoichoi-aws-aps1-prod-ecs-hoichoi-backend_high_cpu_util_alarm"" in Asia Pacific (Mumbai)",Closed,Not Violated,Critical - P1,Uptime Team,10-04-2026 11:50,3d 0h,FALSE
1152181,Alarm,"ALARM: ""Ajmera-Prod-SAPB1-1b-Memory-95%Alarm"" in Asia Pacific (Mumbai)",Closed,Not Violated,Critical - P1,Uptime Team,10-04-2026 11:50,3d 0h,FALSE
1152182,Alarm,"ALARM: ""kims-app-db2-High-Database-Connections-#Alarm"" in Asia Pacific (Hyderabad)",Closed,Not Violated,Critical - P1,Uptime Team,10-04-2026 11:51,3d 0h,FALSE
1152183,Alarm,"ALARM: ""Innovel-Energy-SAP-B1-1b-CPU-95%-#Alarm"" in Asia Pacific (Mumbai)",Closed,Not Violated,Critical - P1,Uptime Team,10-04-2026 11:51,3d 0h,FALSE
1152184,Alarm,"ALARM: ""ARS-Steels-Prod-APP-1a-CPU-95%-#Alarm"" in Asia Pacific (Mumbai)",Closed,Not Violated,-,Uptime Team,10-04-2026 11:52,3d 0h,FALSE
1152185,Alarm,"ALARM: ""kims-app-db2-CPU-85%-#Alarm"" in Asia Pacific (Hyderabad)",Closed,Not Violated,Critical - P1,Uptime Team,10-04-2026 11:53,3d 0h,FALSE
1152186,Client,Workmates Backup - No successful backups reminder,Closed,Not Violated,Medium - P3,SMB Linux Team,10-04-2026 11:53,3d 0h,FALSE
1152187,Alarm,"ALARM: ""KFIN-AIF-Hex-UAT-1a-CPU-85%-#Alarm"" in Asia Pacific (Mumbai)",Closed,Not Violated,Critical - P1,Uptime Team,10-04-2026 11:55,3d 0h,FALSE
1152188,Alarm,"ALARM: ""Lnsel-Biswa-Bangla-Prod-App-DB-1b-Cpu#Alarm85%"" in Asia Pacific (Mumbai)",Closed,Not Violated,Critical - P1,Uptime Team,10-04-2026 11:57,3d 0h,FALSE
1152189,Alarm,"ALARM: ""Kims-Hospital-Prod-Web-Server-1b-CPUUtilization-85% #Alarm"" in Asia Pacific (Mumbai)",Closed,Not Violated,-,Uptime Team,10-04-2026 11:57,3d 0h,FALSE
1152190,Alarm,"ALARM: ""softweb-srishti-rds-oracle-21c-Memory-85% #Alarm"" in Asia Pacific (Mumbai)",Closed,Not Violated,Critical - P1,Uptime Team,10-04-2026 11:57,3d 0h,FALSE
1152191,Alarm,"ALARM: ""RICB-Oracle-DB-1b-CPU-85%-#Alarm"" in Asia Pacific (Mumbai)",Closed,Not Violated,Critical - P1,Uptime Team,10-04-2026 11:59,3d 0h,FALSE
1152192,Alarm,"ALARM: ""softweb-srishti-rds-oracle-21c-Memory-85% #Alarm"" in Asia Pacific (Mumbai)",Closed,Not Violated,Critical - P1,Uptime Team,10-04-2026 12:00,3d 0h,FALSE
1152193,Alarm,"ALARM: ""Innovel-Energy-SAP-B1-1b-CPU-95%-#Alarm"" in Asia Pacific (Mumbai)",Closed,Not Violated,Critical - P1,Uptime Team,10-04-2026 12:01,3d 0h,FALSE
1152194,Alarm,"ALARM: ""Dynamic-Equitties-dl-websites-Prod-1b-New-CPUUtilization-85%-#A..."" in Asia Pacific (Mumbai)",Closed,Not Violated,Critical - P1,Uptime Team,10-04-2026 12:02,3d 0h,FALSE
1152195,Alarm,"ALARM: ""Lighthouse-Saasify-Prod-Cent0s-Oracle-DB-1b-CPU-85%-#Alarm"" in Asia Pacific (Mumbai)",Closed,Not Violated,Critical - P1,Uptime Team,10-04-2026 12:02,3d 0h,FALSE
1152196,Alarm,"ALARM: ""softweb-srishti-rds-oracle-21c-CPU-85% #Alarm"" in Asia Pacific (Mumbai)",Closed,Not Violated,Critical - P1,Uptime Team,10-04-2026 12:02,3d 0h,FALSE
1152197,Alarm,"ALARM: ""ETEdge-TG-Etnowgbs-cdn-ENSA4TPDNYD15-5xxErrorRate-Alarm"" in US East (N. Virginia)",Closed,Not Violated,Critical - P1,Uptime Team,10-04-2026 12:03,3d 0h,FALSE
1152198,Alarm,"ALARM: ""KFIN-AIF-Prod-NEO-WebApp-1b-Disk(Root)-85%-#Alarm"" in Asia Pacific (Mumbai)",Awaiting Customer Response,Not Violated,Critical - P1,Enterprise Windows Team,10-04-2026 12:04,3d 0h,FALSE
1152199,Alarm,"ALARM: ""Dynamic-Equitties-dl-websites-Prod-1b-New-CPUUtilization-85%-#A..."" in Asia Pacific (Mumbai)",Closed,Not Violated,Critical - P1,Uptime Team,10-04-2026 12:05,3d 0h,FALSE
1152200,Client,E drive disable,Awaiting Customer Response,Not Violated,Medium - P3,SMB Linux Team,10-04-2026 12:05,3d 0h,FALSE
1152201,Alarm,"ALARM: ""Midland-Tableau-Prod-Server-1a-Disk(Root)-85%-#Alarm"" in Asia Pacific (Mumbai)",Closed,Not Violated,-,Uptime Team,10-04-2026 12:05,3d 0h,FALSE
1152202,Alarm,"ALARM: ""Arukus-UAT-MySQL-DB-CPU-85%-#Alarm"" in Asia Pacific (Mumbai)",Closed,Not Violated,Critical - P1,Uptime Team,10-04-2026 12:06,3d 0h,FALSE
1152203,Alarm,"ALARM: ""Annapurna-Operations-Prod-App-1b-CPU-85%-#Alarm"" in Asia Pacific (Mumbai)",Closed,Not Violated,Critical - P1,Uptime Team,10-04-2026 12:07,3d 0h,FALSE
1152204,Alarm,"ALARM: ""ARS-Steels-Prod-APP-1a-CPU-90%-#Alarm"" in Asia Pacific (Mumbai)",Closed,Not Violated,-,Uptime Team,10-04-2026 12:07,3d 0h,FALSE
1152205,Alarm,"ALARM: ""KFIN-AIF-Hex-UAT-1a-CPU-85%-#Alarm"" in Asia Pacific (Mumbai)",Closed,Not Violated,Critical - P1,Uptime Team,10-04-2026 12:07,3d 0h,FALSE
1152206,Alarm,"ALARM: ""ARS-Steels-Prod-APP-1a-CPU-95%-#Alarm"" in Asia Pacific (Mumbai)",Closed,Not Violated,-,Uptime Team,10-04-2026 12:07,3d 0h,FALSE
1152207,Alarm,"ALARM: ""RICB-Oracle-DB-1b-CPU-85%-#Alarm"" in Asia Pacific (Mumbai)",Closed,Not Violated,Critical - P1,Uptime Team,10-04-2026 12:08,3d 0h,FALSE
1152208,Alarm,"ALARM: ""GnsqGlobal-Prod-APP-DB-Server-1b-CPU-Utilization-95% #Alarm"" in Asia Pacific (Mumbai)",Closed,Not Violated,-,Uptime Team,10-04-2026 12:12,3d 0h,FALSE
1152212,Alarm,"ALARM: ""Kims-Hospital-Prod-Web-Server-1b-CPUUtilization-85% #Alarm"" in Asia Pacific (Mumbai)",Closed,Not Violated,-,Uptime Team,10-04-2026 12:15,3d 0h,FALSE
1152213,Alarm,"ALARM: ""Lalchand-Jewellers-App2-Prod-1b-CPU-85%-#ALARM"" in Asia Pacific (Mumbai)",Closed,Not Violated,Critical - P1,Uptime Team,10-04-2026 12:15,3d 0h,FALSE
1152214,Alarm,"ALARM: ""Lalchand-Jewellers-App2-Prod-1b-CPU-95%-#ALARM"" in Asia Pacific (Mumbai)",Closed,Not Violated,Critical - P1,Uptime Team,10-04-2026 12:16,3d 0h,FALSE
1152215,Alarm,"ALARM: ""kims-app-db1-CPU-90%-#Alarm"" in Asia Pacific (Hyderabad)",Closed,Not Violated,Critical - P1,Uptime Team,10-04-2026 12:17,3d 0h,FALSE
1152217,Alarm,"ALARM: ""RICB-Oracle-DB-1b-CPU-85%-#Alarm"" in Asia Pacific (Mumbai)",Closed,Not Violated,Critical - P1,Uptime Team,10-04-2026 12:18,3d 0h,FALSE
1152216,Alarm,"ALARM: ""Ankura-Hospitals-Prod-SAPB1-1b-Memory-85%#ALARM"" in Asia Pacific (Mumbai)",Closed,Not Violated,Critical - P1,Uptime Team,10-04-2026 12:18,3d 0h,FALSE
1152218,Alarm,"ALARM: ""GnsqGlobal-Prod-APP-DB-Server-1b-CPU-Utilization-95% #Alarm"" in Asia Pacific (Mumbai)",Closed,Not Violated,-,Uptime Team,10-04-2026 12:22,3d 0h,FALSE
1152219,Alarm,"ALARM: ""Eleve-Diamonds-ALB-4XX-#ALARM"" in Asia Pacific (Mumbai)",Closed,Not Violated,Critical - P1,Uptime Team,10-04-2026 12:23,3d 0h,FALSE
1152220,Alarm,"ALARM: ""Innovel-Energy-SAP-B1-1b-CPU-85%-#Alarm"" in Asia Pacific (Mumbai)",Closed,Not Violated,Critical - P1,Uptime Team,10-04-2026 12:24,3d 0h,FALSE
1152221,Alarm,"ALARM: ""anxiprodb-instace-1-new-16-01-rds#DatabaseConnections"" in Asia Pacific (Sydney)",Closed,Not Violated,Critical - P1,Uptime Team,10-04-2026 12:25,3d 0h,FALSE
1152222,Alarm,"ALARM: ""RICB-Oracle-DB-1b-CPU-95%-#Alarm"" in Asia Pacific (Mumbai)",Closed,Not Violated,Critical - P1,Uptime Team,10-04-2026 12:25,3d 0h,FALSE
1152223,Alarm,"ALARM: ""Innovel-Energy-SAP-B1-1b-CPU-85%-#Alarm"" in Asia Pacific (Mumbai)",Closed,Not Violated,Critical - P1,Uptime Team,10-04-2026 12:27,3d 0h,FALSE
1152224,Alarm,"ALARM: ""Kims-Hospital-Prod-Web-Server-1b-CPUUtilization-85% #Alarm"" in Asia Pacific (Mumbai)",Closed,Not Violated,-,Uptime Team,10-04-2026 12:27,3d 0h,FALSE
1152225,Alarm,"ALARM: ""softweb-srishti-rds-oracle-21c-Memory-85% #Alarm"" in Asia Pacific (Mumbai)",Closed,Not Violated,Critical - P1,Uptime Team,10-04-2026 12:28,3d 0h,FALSE
1152226,Alarm,"ALARM: ""Lalchand-Jewellers-App2-Prod-1b-CPU-85%-#ALARM"" in Asia Pacific (Mumbai)",Closed,Not Violated,Critical - P1,Uptime Team,10-04-2026 12:29,3d 0h,FALSE
1152228,Alarm,"ALARM: ""Vawsum-Prime-UAT-APP-1a-CPUUtilization-85%-#Alarm"" in Asia Pacific (Mumbai)",Closed,Not Violated,Critical - P1,Uptime Team,10-04-2026 12:31,3d 0h,FALSE
1152229,Alarm,"ALARM: ""Lalchand-Jewellers-App2-Prod-1b-CPU-95%-#ALARM"" in Asia Pacific (Mumbai)",Closed,Not Violated,Critical - P1,Uptime Team,10-04-2026 12:31,3d 0h,FALSE
1152230,Client,Re:Regarding Guard Duty Findings (Phishing & Trojan),Closed,Not Violated,Medium - P3,DevOps Team,10-04-2026 12:32,3d 0h,FALSE
1152231,Alarm,"ALARM: ""TSS_MsSql_Server-30-01-2024-new-Prod-Memory-85%#Alarm"" in Asia Pacific (Mumbai)",Closed,Not Violated,Critical - P1,Uptime Team,10-04-2026 12:32,3d 0h,FALSE
1152232,Alarm,"ALARM: ""Kfin-rm-portal-prod-CPU-85%-#Alarm"" in Asia Pacific (Mumbai)",Closed,Not Violated,Critical - P1,Uptime Team,10-04-2026 12:32,3d 0h,FALSE
1152233,Alarm,"ALARM: ""Kims-Hospital-Prod-Web-Server-1b-CPUUtilization-85% #Alarm"" in Asia Pacific (Mumbai)",Closed,Not Violated,-,Uptime Team,10-04-2026 12:33,3d 0h,FALSE
1152234,Client,Fwd: Invoice - INV-2026270195 from Workmates Core2Cloud Solution Ltd,Closed,Not Violated,Medium - P3,Enterprise Windows Team,10-04-2026 12:33,3d 0h,FALSE
1152235,Client,Fwd: Invoice - INV-2026270196 from Workmates Core2Cloud Solution Ltd,Closed,Not Violated,Medium - P3,Enterprise Windows Team,10-04-2026 12:36,2d 23h,FALSE
1152236,Alarm,"ALARM: ""Innovel-Energy-SAP-B1-1b-CPU-85%-#Alarm"" in Asia Pacific (Mumbai)",Closed,Not Violated,Critical - P1,Uptime Team,10-04-2026 12:37,2d 23h,FALSE
1152237,Alarm,"ALARM: ""kims-app-db1-CPU-90%-#Alarm"" in Asia Pacific (Hyderabad)",Closed,Not Violated,Critical - P1,Uptime Team,10-04-2026 12:37,2d 23h,FALSE
1152238,Alarm,"ALARM: ""ARS-Steels-Prod-APP-1a-CPU-95%-#Alarm"" in Asia Pacific (Mumbai)",Closed,Not Violated,-,Uptime Team,10-04-2026 12:38,2d 23h,FALSE
1152239,Alarm,"ALARM: ""Ankura-Hospitals-Prod-SAPB1-1b-CPU-85%#Alarm"" in Asia Pacific (Mumbai)",Closed,Not Violated,Critical - P1,Uptime Team,10-04-2026 12:41,2d 23h,FALSE
1152240,Alarm,"ALARM: ""kishorilala-Prod-SAP-B1-1b-Memory-85%#Alarm"" in Asia Pacific (Mumbai)",Closed,Not Violated,Critical - P1,Uptime Team,10-04-2026 12:41,2d 23h,FALSE
1152241,Alarm,"ALARM: ""ARS-Steels-Prod-APP-1a-CPU-90%-#Alarm"" in Asia Pacific (Mumbai)",Closed,Not Violated,Critical - P1,Uptime Team,10-04-2026 12:41,2d 23h,FALSE
1152242,Client,Need to create user for AWS,Closed,Not Violated,Medium - P3,DevOps Team,10-04-2026 12:46,2d 23h,FALSE
1152243,Client,Re: VPN ID Reset Request,Closed,Not Violated,Medium - P3,Uptime Team,10-04-2026 12:46,2d 23h,FALSE
1152244,Alarm,"ALARM: ""ARS-Steels-Prod-APP-1a-CPU-95%-#Alarm"" in Asia Pacific (Mumbai)",Closed,Not Violated,-,Uptime Team,10-04-2026 12:47,2d 23h,FALSE
1152245,Alarm,"ALARM: ""GnsqGlobal-Prod-APP-DB-Server-1b-CPU-Utilization-95% #Alarm"" in Asia Pacific (Mumbai)",Closed,Not Violated,Critical - P1,Uptime Team,10-04-2026 12:48,2d 23h,FALSE
1152246,Alarm,"ALARM: ""Dynamic-Equitties-dl-websites-Prod-1b-New-CPUUtilization-85%-#A..."" in Asia Pacific (Mumbai)",Closed,Not Violated,Critical - P1,Uptime Team,10-04-2026 12:52,2d 23h,FALSE
1152247,Alarm,"ALARM: ""GnsqGlobal-Prod-APP-DB-Server-1b-CPU-Utilization-95% #Alarm"" in Asia Pacific (Mumbai)",Closed,Not Violated,Critical - P1,Uptime Team,10-04-2026 12:52,2d 23h,FALSE
1152249,Alarm,"ALARM: ""hoichoi-aws-aps1-prod-ecs-hoichoi-analytics_high_cpu_util_alarm"" in Asia Pacific (Mumbai)",Closed,Not Violated,Critical - P1,Uptime Team,10-04-2026 12:55,2d 23h,FALSE
1152250,Client,Need to Delete the s3 bucket | Popularshoe | 499832264730,Internal Dependency,Not Violated,Medium - P3,-,10-04-2026 12:57,2d 23h,FALSE
1152251,Alarm,"ALARM: ""HoiChoi-x-CWM-x-ProdRevAmp-hoichoi-aws-aps1-prod-ecs-hoichoi-an..."" in Asia Pacific (Mumbai)",Closed,Not Violated,Critical - P1,Uptime Team,10-04-2026 12:57,2d 23h,FALSE
1152252,Alarm,"ALARM: ""IWMBUZZ-PROD-WPS-ADMIN-Memory-85%-#Alarm"" in Asia Pacific (Mumbai)",Closed,Not Violated,Critical - P1,Uptime Team,10-04-2026 12:58,2d 23h,FALSE
1152253,Alarm,"ALARM: ""ARS-Steels-Prod-APP-1a-CPU-95%-#Alarm"" in Asia Pacific (Mumbai)",Closed,Not Violated,-,Uptime Team,10-04-2026 12:58,2d 23h,FALSE
1152254,Alarm,"ALARM: ""hoichoi-aws-aps1-prod-ecs-hoichoi-analytics_high_memory_util_alarm"" in Asia Pacific (Mumbai)",Closed,Not Violated,Critical - P1,Uptime Team,10-04-2026 13:00,2d 23h,FALSE
1152255,Client,Billing change,Internal Dependency,Not Violated,Medium - P3,SMB Linux Team,10-04-2026 13:00,2d 23h,FALSE
1152256,Alarm,"ALARM: ""Duroply-prod-SAPB1-Server1-Memory-85%-#Alarm"" in Asia Pacific (Mumbai)",Closed,Not Violated,Critical - P1,Uptime Team,10-04-2026 13:00,2d 23h,FALSE
1152257,Client,Managed Service Report - August 2025,Internal Dependency,Not Violated,Medium - P3,Enterprise Windows Team,10-04-2026 13:00,2d 23h,FALSE
1152258,Client,Private Bucket,Closed,Not Violated,Medium - P3,Enterprise Windows Team,10-04-2026 13:01,2d 23h,FALSE
1152259,Client,Re:[## 1115991 ##] Infomatics - Vinar Ispat | AWS Infrastructure Implementation & Discussion,Closed,Not Violated,Medium - P3,Uptime Team,10-04-2026 13:02,2d 23h,FALSE
1152260,Client,Re:[## 1102202 ##] Infomatics-HSPL | AWS Infrastructure Implementation & Discussion,Closed,Not Violated,Medium - P3,Uptime Team,10-04-2026 13:02,2d 23h,FALSE
1152263,Client,Printing issue,Closed,Not Violated,Medium - P3,Enterprise Windows Team,10-04-2026 13:05,2d 23h,FALSE
1152264,Alarm,"ALARM: ""hoichoi-aws-aps1-prod-ecs-hoichoi-analytics_high_cpu_util_alarm"" in Asia Pacific (Mumbai)",Closed,Not Violated,Critical - P1,Uptime Team,10-04-2026 13:06,2d 23h,FALSE
1152266,Alarm,"ALARM: ""kims-app-db1-CPU-90%-#Alarm"" in Asia Pacific (Hyderabad)",Closed,Not Violated,Critical - P1,Uptime Team,10-04-2026 13:06,2d 23h,FALSE
1152267,Client,RE: KIMS IAM User Details,Awaiting Customer Response,Not Violated,Medium - P3,Enterprise Windows Team,10-04-2026 13:07,2d 23h,FALSE
1152268,Alarm,In10Media is Down from multiple locations,Closed,Not Violated,-,Uptime Team,10-04-2026 13:12,2d 23h,FALSE
1152269,Alarm,In10Media is Up,Closed,Not Violated,-,Uptime Team,10-04-2026 13:13,2d 23h,FALSE
1152270,Alarm,"ALARM: ""Vawsum-Prime-UAT-APP-1a-CPUUtilization-85%-#Alarm"" in Asia Pacific (Mumbai)",Closed,Not Violated,Critical - P1,Uptime Team,10-04-2026 13:13,2d 23h,FALSE
1152271,Alarm,[ALERT][PodOOMKilled][FIRING] ProdToorey | ns=prodlangfuse,Internal Dependency,Not Violated,Medium - P3,DevOps Team,10-04-2026 13:14,2d 23h,FALSE
1152272,Alarm,"ALARM: ""hexa-aif-MF-TG-7443-UnHealthyHostCount-#Alarm"" in Asia Pacific (Mumbai)",Closed,Not Violated,Critical - P1,Uptime Team,10-04-2026 13:14,2d 23h,FALSE
1152273,Alarm,[ALERT][PodRestart][FIRING] ProdToorey | ns=prodtoorey,Internal Dependency,Not Violated,Medium - P3,DevOps Team,10-04-2026 13:15,2d 23h,FALSE
1152274,Alarm,[ALERT][PodRestart][FIRING] ProdToorey | ns=prodlangfuse,Internal Dependency,Not Violated,-,DevOps Team,10-04-2026 13:15,2d 23h,FALSE
1152275,Alarm,[ALERT][PodRestart][FIRING] ProdToorey | ns=prodmonitoring,Closed,Not Violated,-,DevOps Team,10-04-2026 13:15,2d 23h,FALSE
1152276,Alarm,"ALARM: ""LTTS-PROD-POWAI-VPN Tunel-1#ALARM"" in Asia Pacific (Mumbai)",Closed,Not Violated,Critical - P1,Uptime Team,10-04-2026 13:15,2d 23h,FALSE
1152277,Alarm,"ALARM: ""S4-Prod-LTTS-Powai-SSC-VPN-Tunnel-2-#ALARM"" in Asia Pacific (Mumbai)",Closed,Not Violated,Critical - P1,Uptime Team,10-04-2026 13:16,2d 23h,FALSE
1152278,Alarm,"ALARM: ""KFINAIF-Hex-Prod-CPU-85%-#Alarm"" in Asia Pacific (Mumbai)",Closed,Not Violated,Critical - P1,Uptime Team,10-04-2026 13:16,2d 23h,FALSE
1152279,Alarm,"ALARM: ""KFINAIF-Hex-Prod-CPU-85%-#Alarm"" in Asia Pacific (Mumbai)",Closed,Not Violated,Critical - P1,Uptime Team,10-04-2026 13:16,2d 23h,FALSE
1152280,Alarm,"ALARM: ""Vawsum-Prime-UAT-APP-1a-CPUUtilization-95%-#Alarm"" in Asia Pacific (Mumbai)",Closed,Not Violated,Critical - P1,Uptime Team,10-04-2026 13:17,2d 23h,FALSE
1152281,Alarm,"ALARM: ""S4-Prod-LTTS-Powai-SSC-Status-down"" in Asia Pacific (Mumbai)",Closed,Not Violated,Critical - P1,Uptime Team,10-04-2026 13:17,2d 23h,FALSE
1152282,Alarm,"ALARM: ""kishorilala-Prod-SAP-B1-1b-Memory-85%#Alarm"" in Asia Pacific (Mumbai)",Closed,Not Violated,Critical - P1,Uptime Team,10-04-2026 13:20,2d 23h,FALSE
1152283,Alarm,"ALARM: ""kims-app-db1-CPU-90%-#Alarm"" in Asia Pacific (Hyderabad)",Closed,Not Violated,Critical - P1,Uptime Team,10-04-2026 13:20,2d 23h,FALSE
1152284,Alarm,"ALARM: ""BB-RPD-SC-UAT-1b-CPU-85%-#Alarm"" in Asia Pacific (Mumbai)",Closed,Not Violated,Critical - P1,Uptime Team,10-04-2026 13:21,2d 23h,FALSE
1152285,Alarm,"ALARM: ""hexa-aif-MF-TG-7443-UnHealthyHostCount-#Alarm"" in Asia Pacific (Mumbai)",Closed,Not Violated,Critical - P1,Uptime Team,10-04-2026 13:22,2d 23h,FALSE
1152286,Alarm,"ALARM: ""KFINAIF-Hex-Prod-CPU-85%-#Alarm"" in Asia Pacific (Mumbai)",Closed,Not Violated,Critical - P1,Uptime Team,10-04-2026 13:22,2d 23h,FALSE
1152287,Alarm,"ALARM: ""KFINAIF-Hex-Prod-CPU-85%-#Alarm"" in Asia Pacific (Mumbai)",Closed,Not Violated,Critical - P1,Uptime Team,10-04-2026 13:22,2d 23h,FALSE
1152288,Alarm,"ALARM: ""Dynamic-Equitties-dl-websites-Prod-1b-New-CPUUtilization-85%-#A..."" in Asia Pacific (Mumbai)",Closed,Not Violated,Critical - P1,Uptime Team,10-04-2026 13:24,2d 23h,FALSE
1152289,Alarm,[ALERT][PodRestart][RESOLVED] ProdToorey | ns=prodmonitoring,Closed,Not Violated,-,DevOps Team,10-04-2026 13:25,2d 23h,FALSE
1152292,Alarm,"ALARM: ""softweb-srishti-rds-oracle-21c-Memory-85% #Alarm"" in Asia Pacific (Mumbai)",Closed,Not Violated,Critical - P1,Uptime Team,10-04-2026 13:26,2d 23h,FALSE
1152293,Alarm,"ALARM: ""ComfortLady-HanaDB-Memory-85%-#Alarm"" in Asia Pacific (Mumbai)",Closed,Not Violated,Critical - P1,Uptime Team,10-04-2026 13:27,2d 23h,FALSE
1152294,Alarm,"ALARM: ""ComfortLady-Prod-HanaDB-1b-Memory-85%-#Alarm"" in Asia Pacific (Mumbai)",Closed,Not Violated,Critical - P1,Uptime Team,10-04-2026 13:27,2d 23h,FALSE
1152295,Alarm,"ALARM: ""KFIN-AIF-Hex-UAT-1a-CPU-85%-#Alarm"" in Asia Pacific (Mumbai)",Closed,Not Violated,Critical - P1,Uptime Team,10-04-2026 13:27,2d 23h,FALSE
1152296,Alarm,"ALARM: ""ABM-Prod-App+PGSQL-DB-1a-CPU-85%-#Alarm"" in Asia Pacific (Mumbai)",Closed,Not Violated,Critical - P1,Uptime Team,10-04-2026 13:27,2d 23h,FALSE
1152297,Alarm,"ALARM: ""ABM-Prod-App+PGSQL-DB-1a-CPU-85%-#Alarm"" in Asia Pacific (Mumbai)",Closed,Not Violated,Critical - P1,Uptime Team,10-04-2026 13:28,2d 23h,FALSE
1152299,Alarm,"ALARM: ""CTVN-Prod-DB-1b-CPU-85%-#Alarm"" in Asia Pacific (Mumbai)",Closed,Not Violated,Critical - P1,Uptime Team,10-04-2026 13:32,2d 23h,FALSE
1152300,Alarm,CTVN | https://calcuttatelevisionnetwork.in/ is Down from multiple locations,Closed,Not Violated,-,Uptime Team,10-04-2026 13:35,2d 22h,FALSE
1152301,Alarm,"ALARM: ""CTVN-Prod-DB-1b-CPU-95%-#Alarm"" in Asia Pacific (Mumbai)",Closed,Not Violated,Critical - P1,Uptime Team,10-04-2026 13:35,2d 22h,FALSE
1152302,Client,Removal of ALB || Internal || MSP-Steel,Internal Dependency,Not Violated,Low - P4,-,10-04-2026 13:35,2d 22h,FALSE
1152303,Alarm,CTVN | https://calcuttatelevisionnetwork.in/ is Up,Closed,Not Violated,-,Uptime Team,10-04-2026 13:38,2d 22h,FALSE
1152304,Alarm,"ALARM: ""KFIN-AIF-Hex-UAT-1a-CPU-85%-#Alarm"" in Asia Pacific (Mumbai)",Closed,Not Violated,Critical - P1,Uptime Team,10-04-2026 13:38,2d 22h,FALSE
1152305,Alarm,"ALARM: ""JAY-PRECISION-Prod-MSSQL-CPU-85%#Alarm"" in Asia Pacific (Mumbai)",Closed,Not Violated,Critical - P1,Uptime Team,10-04-2026 13:38,2d 22h,FALSE
1152306,Alarm,"ALARM: ""IWMBUZZ-PROD-WPS-ADMIN-Memory-85%-#Alarm"" in Asia Pacific (Mumbai)",Closed,Not Violated,Critical - P1,Uptime Team,10-04-2026 13:41,2d 22h,FALSE
1152307,Alarm,"ALARM: ""CTVN-Prod-DB-1b-CPU-85%-#Alarm"" in Asia Pacific (Mumbai)",Closed,Not Violated,Critical - P1,Uptime Team,10-04-2026 13:43,2d 22h,FALSE
1152308,Alarm,"ALARM: ""AIF-UAT-mPower-nexedge2-TG443-UnhealthyHostCount#Alarm"" in Asia Pacific (Mumbai)",Closed,Not Violated,Critical - P1,Uptime Team,10-04-2026 13:45,2d 22h,FALSE
1152309,Alarm,"ALARM: ""hoichoi-aws-aps1-prod-ecs-hoichoi-identity_high_cpu_util_alarm"" in Asia Pacific (Mumbai)",Closed,Not Violated,Critical - P1,Uptime Team,10-04-2026 13:47,2d 22h,FALSE
1152310,Alarm,"ALARM: ""CTVN-Prod-DB-1b-CPU-95%-#Alarm"" in Asia Pacific (Mumbai)",Closed,Not Violated,Critical - P1,Uptime Team,10-04-2026 13:47,2d 22h,FALSE
1152311,Alarm,"ALARM: ""kishorilala-Prod-SAP-B1-1b-Memory-85%#Alarm"" in Asia Pacific (Mumbai)",Closed,Not Violated,Critical - P1,Uptime Team,10-04-2026 13:47,2d 22h,FALSE
1152312,Alarm,"ALARM: ""softweb-srishti-rds-oracle-21c-Memory-85% #Alarm"" in Asia Pacific (Mumbai)",Closed,Not Violated,Critical - P1,Uptime Team,10-04-2026 13:47,2d 22h,FALSE
1152315,Alarm,"ALARM: ""softweb-srishti-rds-oracle-21c-CPU-85% #Alarm"" in Asia Pacific (Mumbai)",Closed,Not Violated,Critical - P1,Uptime Team,10-04-2026 13:51,2d 22h,FALSE
1152317,Alarm,Annapurna Finance is Down from multiple locations,Closed,Not Violated,-,Uptime Team,10-04-2026 13:52,2d 22h,FALSE
1152318,Alarm,"ALARM: ""RICB-Oracle-DB-1b-CPU-85%-#Alarm"" in Asia Pacific (Mumbai)",Closed,Not Violated,Critical - P1,Uptime Team,10-04-2026 13:52,2d 22h,FALSE
1152319,Alarm,"ALARM: ""AMPL-Audit-ALB-UnhealthyHostCount-#Alarm"" in Asia Pacific (Mumbai)",Closed,Not Violated,Critical - P1,Uptime Team,10-04-2026 13:54,2d 22h,FALSE
1152321,Alarm,"ALARM: ""AMPL-Audit-Prod-App-Server-1b-StatusCheckFailed_Instance-#Alarm"" in Asia Pacific (Mumbai)",Closed,Not Violated,Critical - P1,Uptime Team,10-04-2026 13:55,2d 22h,FALSE
1152322,Alarm,"ALARM: ""kims-app-db2-High-Database-Connections-#Alarm"" in Asia Pacific (Hyderabad)",Closed,Not Violated,Critical - P1,Uptime Team,10-04-2026 13:56,2d 22h,FALSE
1152323,Alarm,Annapurna Finance is Up,Closed,Not Violated,-,Uptime Team,10-04-2026 13:57,2d 22h,FALSE
1152325,Alarm,"ALARM: ""RICB-Oracle-DB-1b-CPU-85%-#Alarm"" in Asia Pacific (Mumbai)",Closed,Not Violated,Critical - P1,Uptime Team,10-04-2026 13:58,2d 22h,FALSE
1152326,Alarm,"ALARM: ""RICB-Oracle-DB-1b-CPU-95%-#Alarm"" in Asia Pacific (Mumbai)",Closed,Not Violated,Critical - P1,Uptime Team,10-04-2026 13:58,2d 22h,FALSE
1152327,Alarm,"ALARM: ""aws-codedeploy-bitbucket-laravel-eezaamout-UAT-RDS-Freeable-Mem..."" in Asia Pacific (Mumbai)",Closed,Not Violated,Critical - P1,Uptime Team,10-04-2026 14:01,2d 22h,FALSE
1152328,Alarm,"ALARM: ""SriAlankar-Jwellers-App1-1b-CPU-95%-#Alarm"" in Asia Pacific (Mumbai)",Closed,Not Violated,Critical - P1,Uptime Team,10-04-2026 14:01,2d 22h,FALSE
1152329,Alarm,"ALARM: ""RICB-Oracle-DB-1b-CPU-85%-#Alarm"" in Asia Pacific (Mumbai)",Closed,Not Violated,Critical - P1,Uptime Team,10-04-2026 14:03,2d 22h,FALSE
1152330,Alarm,Dynamic Equities | https://www.valuestocks.in/ is Down from multiple locations,Closed,Not Violated,-,Enterprise Linux Team,10-04-2026 14:03,2d 22h,FALSE
1152331,Alarm,"ALARM: ""KFIN-AIF-Prod-Ikigai-AM-1b-CPU-85%-#Alarm"" in Asia Pacific (Mumbai)",Closed,Not Violated,Critical - P1,Uptime Team,10-04-2026 14:06,2d 22h,FALSE
1152334,Alarm,"ALARM: ""Dynamic-Equitties-dl-websites-Prod-1b-New-CPUUtilization-85%-#A..."" in Asia Pacific (Mumbai)",Closed,Not Violated,Critical - P1,Uptime Team,10-04-2026 14:07,2d 22h,FALSE
1152335,Alarm,"ALARM: ""MK-Agro-UAT-SSFA-APP-DB-CPU-85%-#Alarm"" in Asia Pacific (Mumbai)",Closed,Not Violated,Critical - P1,Uptime Team,10-04-2026 14:07,2d 22h,FALSE
1152336,Alarm,"ALARM: ""Dynamic-Equitties-dl-websites-Prod-1b-New-CPUUtilization-95%-#A..."" in Asia Pacific (Mumbai)",Closed,Not Violated,Critical - P1,Uptime Team,10-04-2026 14:07,2d 22h,FALSE
1152337,Client,Need AWS billing for last 3 Months,Awaiting Customer Response,Not Violated,Medium - P3,Enterprise Linux Team,10-04-2026 14:09,2d 22h,FALSE
1152338,Client,Re:Request access for pritunl,Closed,Not Violated,Medium - P3,Uptime Team,10-04-2026 14:09,2d 22h,FALSE
1152342,Alarm,"ALARM: ""CTVN-Prod-DB-1b-CPU-85%-#Alarm"" in Asia Pacific (Mumbai)",Closed,Not Violated,Critical - P1,Uptime Team,10-04-2026 14:12,2d 22h,FALSE
1152343,Client,SFA Api Deployment,Closed,Not Violated,Medium - P3,SMB Linux Team,10-04-2026 14:12,2d 22h,FALSE
1152344,Alarm,"ALARM: ""softweb-srishti-rds-oracle-21c-Memory-85% #Alarm"" in Asia Pacific (Mumbai)",Closed,Not Violated,Critical - P1,Uptime Team,10-04-2026 14:15,2d 22h,FALSE
1152345,Client,BT Partner ADMIN- Production Deployment,Closed,Not Violated,Medium - P3,SMB Linux Team,10-04-2026 14:16,2d 22h,FALSE
1152346,Alarm,"ALARM: ""RICB-Oracle-DB-1b-CPU-95%-#Alarm"" in Asia Pacific (Mumbai)",Closed,Not Violated,Critical - P1,Uptime Team,10-04-2026 14:16,2d 22h,FALSE
1152348,Alarm,"ALARM: ""Duroply-prod-SAPB1-Server1-Memory-85%-#Alarm"" in Asia Pacific (Mumbai)",Closed,Not Violated,Critical - P1,Uptime Team,10-04-2026 14:17,2d 22h,FALSE
1152349,Alarm,"ALARM: ""Eleve-Diamonds-ALB-4XX-#ALARM"" in Asia Pacific (Mumbai)",Closed,Not Violated,Critical - P1,Uptime Team,10-04-2026 14:19,2d 22h,FALSE
1152350,Alarm,"ALARM: ""SoftWeb-App-pub-server-1b-Disk(D)-85%-#ALARM"" in Asia Pacific (Mumbai)",Closed,Not Violated,-,Uptime Team,10-04-2026 14:19,2d 22h,FALSE
1152353,Client,VPN Creation,Closed,Not Violated,Medium - P3,Uptime Team,10-04-2026 14:22,2d 22h,FALSE
1152354,Client,BT Partner API - Production Deployment,Closed,Not Violated,Medium - P3,SMB Linux Team,10-04-2026 14:22,2d 22h,FALSE
1152359,Alarm,"ALARM: ""aws-codedeploy-bitbucket-laravel-eezaamout-UAT-RDS-Freeable-Mem..."" in Asia Pacific (Mumbai)",Closed,Not Violated,Critical - P1,Uptime Team,10-04-2026 14:28,2d 22h,FALSE
1152360,Alarm,"ALARM: ""Duroply-prod-SAPB1-Server1-Memory-85%-#Alarm"" in Asia Pacific (Mumbai)",Closed,Not Violated,Critical - P1,Uptime Team,10-04-2026 14:30,2d 22h,FALSE
1152364,Alarm,"ALARM: ""softweb-srishti-rds-oracle-21c-Memory-85% #Alarm"" in Asia Pacific (Mumbai)",Closed,Not Violated,Critical - P1,Uptime Team,10-04-2026 14:35,2d 21h,FALSE
1152365,Alarm,"ALARM: ""MK-Agro-UAT-SSFA-APP-DB-CPU-85%-#Alarm"" in Asia Pacific (Mumbai)",Closed,Not Violated,Critical - P1,Uptime Team,10-04-2026 14:36,2d 21h,FALSE
1152366,Alarm,"ALARM: ""Annapurna-Operations-Prod-App-1b-CPU-85%-#Alarm"" in Asia Pacific (Mumbai)",Closed,Not Violated,Critical - P1,Uptime Team,10-04-2026 14:37,2d 21h,FALSE
1152367,Alarm,"ALARM: ""ComfortLady-HanaDB-Memory-85%-#Alarm"" in Asia Pacific (Mumbai)",Closed,Not Violated,Critical - P1,Uptime Team,10-04-2026 14:37,2d 21h,FALSE
1152368,Alarm,"ALARM: ""ComfortLady-Prod-HanaDB-1b-Memory-85%-#Alarm"" in Asia Pacific (Mumbai)",Closed,Not Violated,Critical - P1,Uptime Team,10-04-2026 14:37,2d 21h,FALSE
1152370,Alarm,"ALARM: ""RICB-Oracle-DB-1b-CPU-95%-#Alarm"" in Asia Pacific (Mumbai)",Closed,Not Violated,Critical - P1,Uptime Team,10-04-2026 14:38,2d 21h,FALSE
1152372,Alarm,"ALARM: ""GnsqGlobal-Prod-APP-DB-Server-1b-CPU-Utilization-95% #Alarm"" in Asia Pacific (Mumbai)",Closed,Not Violated,-,Uptime Team,10-04-2026 14:42,2d 21h,FALSE
1152373,Alarm,"ALARM: ""ARS-Steels-Prod-APP-1a-CPU-90%-#Alarm"" in Asia Pacific (Mumbai)",Closed,Not Violated,-,Uptime Team,10-04-2026 14:43,2d 21h,FALSE
1152374,Alarm,"ALARM: ""Lalchand-Jewellers-ALB-TG-8443-UnhealthyHostCount-#ALARM"" in Asia Pacific (Mumbai)",Closed,Not Violated,Critical - P1,Uptime Team,10-04-2026 14:44,2d 21h,FALSE
1152375,Alarm,"ALARM: ""kishorilala-Prod-SAP-B1-1b-Memory-85%#Alarm"" in Asia Pacific (Mumbai)",Closed,Not Violated,Critical - P1,Uptime Team,10-04-2026 14:46,2d 21h,FALSE
1152377,Alarm,"ALARM: ""ARS-Steels-Prod-APP-1a-CPU-95%-#Alarm"" in Asia Pacific (Mumbai)",Closed,Not Violated,-,Uptime Team,10-04-2026 14:47,2d 21h,FALSE
1152378,Alarm,"ALARM: ""KFIN-AIF-Hex-UAT-1a-CPU-85%-#Alarm"" in Asia Pacific (Mumbai)",Closed,Not Violated,Critical - P1,Uptime Team,10-04-2026 14:47,2d 21h,FALSE
1152379,Alarm,"ALARM: ""logistos-prod-rds-Mem(95%)-#Alert"" in Asia Pacific (Mumbai)",Closed,Not Violated,Critical - P1,Uptime Team,10-04-2026 14:49,2d 21h,FALSE
1152380,Alarm,"ALARM: ""SoftWeb-App-pub-server-1b-Disk(D)-85%-#ALARM"" in Asia Pacific (Mumbai)",Closed,Not Violated,-,Uptime Team,10-04-2026 14:49,2d 21h,FALSE
1152381,Client,Change of primary contact,Awaiting Customer Response,Not Violated,Medium - P3,-,10-04-2026 14:50,2d 21h,FALSE
1152382,Alarm,"ALARM: ""Lalchand-Jewellers-App1-Prod-1b-CPU-85%-#ALARM"" in Asia Pacific (Mumbai)",Closed,Not Violated,Critical - P1,Uptime Team,10-04-2026 14:50,2d 21h,FALSE
1152383,Alarm,"ALARM: ""logistos-prod-rds-Mem(85%)-#Alert"" in Asia Pacific (Mumbai)",Closed,Not Violated,Critical - P1,Uptime Team,10-04-2026 14:51,2d 21h,FALSE
1152384,Alarm,"ALARM: ""Gemtech-SAP-B1-Server-Window-2022-CPU-85%-#Alarm"" in Asia Pacific (Mumbai)",Closed,Not Violated,Critical - P1,Uptime Team,10-04-2026 14:51,2d 21h,FALSE
1152385,Alarm,"ALARM: ""Innovel-Energy-SAP-B1-1b-CPU-95%-#Alarm"" in Asia Pacific (Mumbai)",Closed,Not Violated,Critical - P1,Uptime Team,10-04-2026 14:51,2d 21h,FALSE
1152386,Alarm,"ALARM: ""Innovel-Energy-SAP-B1-1b-CPU-85%-#Alarm"" in Asia Pacific (Mumbai)",Closed,Not Violated,Critical - P1,Uptime Team,10-04-2026 14:52,2d 21h,FALSE
1152387,Alarm,"ALARM: ""Lalchand-Jewellers-ALB-TG-8443-UnhealthyHostCount-#ALARM"" in Asia Pacific (Mumbai)",Closed,Not Violated,Critical - P1,Uptime Team,10-04-2026 14:52,2d 21h,FALSE
1152388,Alarm,"ALARM: ""Gemtech-SAP-B1-Server-Window-2022-CPU-85%-#Alarm"" in Asia Pacific (Mumbai)",Closed,Not Violated,Critical - P1,Uptime Team,10-04-2026 14:53,2d 21h,FALSE
1152389,Alarm,"ALARM: ""ARS-Steels-Prod-APP-1a-CPU-95%-#Alarm"" in Asia Pacific (Mumbai)",Closed,Not Violated,-,Uptime Team,10-04-2026 14:54,2d 21h,FALSE
1152390,Alarm,"ALARM: ""aws-codedeploy-bitbucket-laravel-eezaamout-UAT-RDS-Freeable-Mem..."" in Asia Pacific (Mumbai)",Closed,Not Violated,Critical - P1,Uptime Team,10-04-2026 14:55,2d 21h,FALSE
1152392,Alarm,"ALARM: ""GnsqGlobal-Prod-APP-DB-Server-1b-CPU-Utilization-95% #Alarm"" in Asia Pacific (Mumbai)",Closed,Not Violated,-,Uptime Team,10-04-2026 14:57,2d 21h,FALSE
1152393,Alarm,"ALARM: ""kishorilala-Prod-SAP-B1-1b-Memory-85%#Alarm"" in Asia Pacific (Mumbai)",Closed,Not Violated,Critical - P1,Uptime Team,10-04-2026 14:58,2d 21h,FALSE
1152395,Alarm,"ALARM: ""Dynamic-Equitties-dl-websites-Prod-1b-New-CPUUtilization-85%-#A..."" in Asia Pacific (Mumbai)",Closed,Not Violated,Critical - P1,Uptime Team,10-04-2026 15:02,2d 21h,FALSE
1152396,Alarm,"ALARM: ""Ankura-Hospitals-Prod-SAPB1-1b-Memory-85%#ALARM"" in Asia Pacific (Mumbai)",Closed,Not Violated,Critical - P1,Uptime Team,10-04-2026 15:02,2d 21h,FALSE
1152399,Alarm,"ALARM: ""MK-Agro-UAT-SSFA-APP-DB-CPU-85%-#Alarm"" in Asia Pacific (Mumbai)",Closed,Not Violated,Critical - P1,Uptime Team,10-04-2026 15:06,2d 21h,FALSE
1152400,Alarm,"ALARM: ""softweb-srishti-rds-oracle-21c-CPU-85% #Alarm"" in Asia Pacific (Mumbai)",Closed,Not Violated,Critical - P1,Uptime Team,10-04-2026 15:06,2d 21h,FALSE
1152401,Client,Loki Logs Issue and EMT Deployment,Resolved,Not Violated,Medium - P3,DevOps Team,10-04-2026 15:06,2d 21h,FALSE
1152403,Client,Amazon Web Services – Email Address Verification Request in region Asia Pacific (Mumbai),Closed,Not Violated,Medium - P3,Uptime Team,10-04-2026 15:07,2d 21h,FALSE
1152405,Alarm,"ALARM: ""RICB-Oracle-DB-1b-CPU-95%-#Alarm"" in Asia Pacific (Mumbai)",Closed,Not Violated,Critical - P1,Uptime Team,10-04-2026 15:08,2d 21h,FALSE
1152406,Alarm,"ALARM: ""aws-codedeploy-bitbucket-laravel-eezaamout-UAT-RDS-Freeable-Mem..."" in Asia Pacific (Mumbai)",Closed,Not Violated,Critical - P1,Uptime Team,10-04-2026 15:08,2d 21h,FALSE
1152408,Alarm,Dynamic Equities | https://www.valuestocks.in/ is Up,Closed,Not Violated,-,Uptime Team,10-04-2026 15:09,2d 21h,FALSE
1152410,Client,AIF | Production server request | Wint Wealth ,Internal Dependency,Response Violation,Medium - P3,Enterprise Windows Team,10-04-2026 15:10,2d 21h,TRUE
1152411,Alarm,"ALARM: ""Ankura-Hospitals-Prod-SAPB1-1b-CPU-85%#Alarm"" in Asia Pacific (Mumbai)",Closed,Not Violated,Critical - P1,Uptime Team,10-04-2026 15:11,2d 21h,FALSE
1152415,Alarm,"ALARM: ""GnsqGlobal-Prod-APP-DB-Server-1b-CPU-Utilization-95% #Alarm"" in Asia Pacific (Mumbai)",Closed,Not Violated,Critical - P1,Uptime Team,10-04-2026 15:12,2d 21h,FALSE
1152416,Alarm,In10Media is Down from multiple locations,Closed,Not Violated,-,Uptime Team,10-04-2026 15:13,2d 21h,FALSE
1152417,Alarm,"ALARM: ""Kims-Hospital-KSRVPRDDB-Server-2b-Memory-90%-#Alarm"" in Asia Pacific (Hyderabad)",Closed,Not Violated,-,Uptime Team,10-04-2026 15:14,2d 21h,FALSE
1152418,Alarm,In10Media is Up,Closed,Not Violated,-,Uptime Team,10-04-2026 15:14,2d 21h,FALSE
1152419,Client,SH-MS-ES  (10-04-2026),Closed,Not Violated,Medium - P3,-,10-04-2026 15:14,2d 21h,FALSE
1152420,Client,SH-MS-ES-10-04-2026,Closed,Not Violated,--Select--,-,10-04-2026 15:14,2d 21h,FALSE
1152421,Alarm,"ALARM: ""aws-codedeploy-bitbucket-laravel-eezaamout-UAT-RDS-Freeable-Mem..."" in Asia Pacific (Mumbai)",Closed,Not Violated,Critical - P1,Uptime Team,10-04-2026 15:15,2d 21h,FALSE
1152422,Client,Request for VPN Connection File,Closed,Not Violated,Medium - P3,Uptime Team,10-04-2026 15:18,2d 21h,FALSE
1152423,Alarm,"ALARM: ""Duroply-prod-SAPB1-Server1-Memory-85%-#Alarm"" in Asia Pacific (Mumbai)",Closed,Not Violated,Critical - P1,Uptime Team,10-04-2026 15:19,2d 21h,FALSE
1152425,Alarm,"ALARM: ""Genupathlab-ITDOSE-DB-1b-FreeSpace-Disk(D)-15%-#Alarm"" in Asia Pacific (Mumbai)",Closed,Not Violated,Critical - P1,Uptime Team,10-04-2026 15:22,2d 21h,FALSE
1152426,Alarm,"ALARM: ""Genupathlab-ITDOSE-DB-1b-FreeSpace-Disk(D)-15%-#Alarm"" in Asia Pacific (Mumbai)",Closed,Not Violated,Critical - P1,Uptime Team,10-04-2026 15:22,2d 21h,FALSE
1152428,Client,ssl problems,Closed,Not Violated,Medium - P3,Enterprise Windows Team,10-04-2026 15:25,2d 21h,FALSE
1152429,Alarm,"ALARM: ""ComfortLady-HanaDB-Memory-85%-#Alarm"" in Asia Pacific (Mumbai)",Closed,Not Violated,Critical - P1,Uptime Team,10-04-2026 15:26,2d 21h,FALSE
1152430,Alarm,"ALARM: ""ComfortLady-Prod-HanaDB-1b-Memory-85%-#Alarm"" in Asia Pacific (Mumbai)",Closed,Not Violated,Critical - P1,Uptime Team,10-04-2026 15:26,2d 21h,FALSE
1152431,Alarm,"ALARM: ""Prod-rds(Addatimes)-cpu-85%-#Alarm"" in Asia Pacific (Mumbai)",Closed,Not Violated,Critical - P1,Uptime Team,10-04-2026 15:30,2d 21h,FALSE
1152434,Alarm,"ALARM: ""GnsqGlobal-Prod-APP-DB-Server-1b-CPU-Utilization-95% #Alarm"" in Asia Pacific (Mumbai)",Closed,Not Violated,-,Uptime Team,10-04-2026 15:32,2d 21h,FALSE
1152436,Alarm,"ALARM: ""Kims-Hospital-Prod-Web-Server-1b-CPUUtilization-85% #Alarm"" in Asia Pacific (Mumbai)",Closed,Not Violated,-,Uptime Team,10-04-2026 15:32,2d 21h,FALSE
1152437,Alarm,Vawsum | https://vawsum.com/ is Down from multiple locations,Closed,Not Violated,-,Uptime Team,10-04-2026 15:33,2d 21h,FALSE
1152438,Alarm,"ALARM: ""kishorilala-Prod-SAP-B1-1b-Memory-85%#Alarm"" in Asia Pacific (Mumbai)",Closed,Not Violated,Critical - P1,Uptime Team,10-04-2026 15:33,2d 20h,FALSE
1152439,Alarm,Vawsum | https://vawsum.com/ is Up,Closed,Not Violated,-,Uptime Team,10-04-2026 15:36,2d 20h,FALSE
1152440,Alarm,"ALARM: ""MK-Agro-UAT-SSFA-APP-DB-CPU-85%-#Alarm"" in Asia Pacific (Mumbai)",Closed,Not Violated,Critical - P1,Uptime Team,10-04-2026 15:36,2d 20h,FALSE
1152441,Alarm,"ALARM: ""AMPL-eFIMO-Prod-RDB-1b-CPU-90%-#Alarm"" in Asia Pacific (Mumbai)",Closed,Not Violated,-,Uptime Team,10-04-2026 15:36,2d 20h,FALSE
1152444,Alarm,"ALARM: ""ARS-Steels-Prod-APP-1a-CPU-90%-#Alarm"" in Asia Pacific (Mumbai)",Closed,Not Violated,-,Uptime Team,10-04-2026 15:37,2d 20h,FALSE
1152445,Alarm,"ALARM: ""ARS-Steels-Prod-APP-1a-CPU-95%-#Alarm"" in Asia Pacific (Mumbai)",Closed,Not Violated,-,Uptime Team,10-04-2026 15:37,2d 20h,FALSE
1152446,Alarm,"ALARM: ""kishorilala-Prod-SAP-B1-1b-Memory-85%#Alarm"" in Asia Pacific (Mumbai)",Closed,Not Violated,Critical - P1,Uptime Team,10-04-2026 15:37,2d 20h,FALSE
1152447,Alarm,"ALARM: ""RDS 02"" in Asia Pacific (Mumbai)",Closed,Not Violated,Critical - P1,Uptime Team,10-04-2026 15:39,2d 20h,FALSE
1152448,Alarm,"ALARM: ""HoiChoi-x-CWM-x-ProdRevAmp-hoichoi-aws-aps1-prod-ecs-hoichoi-th..."" in Asia Pacific (Mumbai)",Closed,Not Violated,Critical - P1,Uptime Team,10-04-2026 15:39,2d 20h,FALSE
1152449,Alarm,In10Media is Down from multiple locations,Closed,Not Violated,-,Uptime Team,10-04-2026 15:39,2d 20h,FALSE
1152450,Alarm,In10Media is Up,Closed,Not Violated,-,Uptime Team,10-04-2026 15:39,2d 20h,FALSE
1152452,Alarm,"ALARM: ""Innovel-Energy-SAP-B1-1b-CPU-85%-#Alarm"" in Asia Pacific (Mumbai)",Closed,Not Violated,Critical - P1,Uptime Team,10-04-2026 15:42,2d 20h,FALSE
1152453,Alarm,"ALARM: ""JPDCL-CTRLS-Site-toSite-VPN-Tunnel1-state-#Alarm"" in Asia Pacific (Mumbai)",Closed,Not Violated,Critical - P1,Uptime Team,10-04-2026 15:42,2d 20h,FALSE
1152454,Alarm,"ALARM: ""JPDCL-CTRLS-Site-toSite-VPN-tunnel state-2-#Alarm"" in Asia Pacific (Mumbai)",Closed,Not Violated,Critical - P1,Uptime Team,10-04-2026 15:42,2d 20h,FALSE
1152456,Alarm,"ALARM: ""ComfortLady-HanaDB-Memory-85%-#Alarm"" in Asia Pacific (Mumbai)",Closed,Not Violated,Critical - P1,Uptime Team,10-04-2026 15:44,2d 20h,FALSE
1152455,Alarm,"ALARM: ""ComfortLady-Prod-HanaDB-1b-Memory-85%-#Alarm"" in Asia Pacific (Mumbai)",Closed,Not Violated,Critical - P1,Uptime Team,10-04-2026 15:44,2d 20h,FALSE
1152457,Alarm,"ALARM: ""S4-Prod-LTTS-Powai-SSC-VPN-Tunnel-2-#ALARM"" in Asia Pacific (Mumbai)",Closed,Not Violated,Critical - P1,Uptime Team,10-04-2026 15:47,2d 20h,FALSE
1152458,Alarm,"ALARM: ""LTTS-PROD-POWAI-VPN Tunel-1#ALARM"" in Asia Pacific (Mumbai)",Closed,Not Violated,Critical - P1,Uptime Team,10-04-2026 15:47,2d 20h,FALSE
1152459,Alarm,"ALARM: ""S4-Prod-LTTS-Powai-SSC-Status-down"" in Asia Pacific (Mumbai)",Closed,Not Violated,-,Uptime Team,10-04-2026 15:48,2d 20h,FALSE
1152460,Alarm,"ALARM: ""aws-codedeploy-bitbucket-laravel-eezaamout-UAT-RDS-Freeable-Mem..."" in Asia Pacific (Mumbai)",Closed,Not Violated,Critical - P1,Uptime Team,10-04-2026 15:48,2d 20h,FALSE
1152461,Alarm,"ALARM: ""JPDCL-CTRLS-Site-toSite-VPN-Tunnel1-state-#Alarm"" in Asia Pacific (Mumbai)",Closed,Not Violated,Critical - P1,Uptime Team,10-04-2026 15:51,2d 20h,FALSE
1152462,Alarm,"ALARM: ""JPDCL-CTRLS-Site-toSite-VPN-tunnel state-2-#Alarm"" in Asia Pacific (Mumbai)",Closed,Not Violated,Critical - P1,Uptime Team,10-04-2026 15:52,2d 20h,FALSE
1152463,Alarm,"ALARM: ""kishorilala-Prod-SAP-B1-1b-Memory-85%#Alarm"" in Asia Pacific (Mumbai)",Closed,Not Violated,Critical - P1,Uptime Team,10-04-2026 15:52,2d 20h,FALSE
1152464,Alarm,Argus News is Down from multiple locations,Closed,Not Violated,-,Uptime Team,10-04-2026 15:53,2d 20h,FALSE
1152465,Alarm,"ALARM: ""ComfortLady-HanaDB-Memory-85%-#Alarm"" in Asia Pacific (Mumbai)",Closed,Not Violated,Critical - P1,Uptime Team,10-04-2026 15:54,2d 20h,FALSE
1152466,Alarm,"ALARM: ""ComfortLady-Prod-HanaDB-1b-Memory-85%-#Alarm"" in Asia Pacific (Mumbai)",Closed,Not Violated,Critical - P1,Uptime Team,10-04-2026 15:54,2d 20h,FALSE
1152468,Alarm,Argus News is Up,Closed,Not Violated,-,Uptime Team,10-04-2026 15:55,2d 20h,FALSE
1152469,Alarm,"ALARM: ""HoiChoi-x-CWM-x-ProdRevAmp-hoichoi-aws-aps1-prod-ecs-hoichoi-th..."" in Asia Pacific (Mumbai)",Closed,Not Violated,Critical - P1,Uptime Team,10-04-2026 15:56,2d 20h,FALSE
1152470,Alarm,"ALARM: ""kishorilala-Prod-SAP-B1-1b-Memory-85%#Alarm"" in Asia Pacific (Mumbai)",Closed,Not Violated,Critical - P1,Uptime Team,10-04-2026 16:01,2d 20h,FALSE
1152471,Alarm,"ALARM: ""aws-codedeploy-bitbucket-laravel-eezaamout-UAT-RDS-Freeable-Mem..."" in Asia Pacific (Mumbai)",Closed,Not Violated,Critical - P1,Uptime Team,10-04-2026 16:02,2d 20h,FALSE
1152472,Client,Recommendation for RI,Awaiting Customer Response,Not Violated,Medium - P3,Uptime Team,10-04-2026 16:02,2d 20h,FALSE
1152474,Client,Requirement,Awaiting Customer Response,Not Violated,Medium - P3,SMB Linux Team,10-04-2026 16:05,2d 20h,FALSE
1152476,Alarm,"ALARM: ""Innovel-Energy-SAP-B1-1b-CPU-85%-#Alarm"" in Asia Pacific (Mumbai)",Closed,Not Violated,Critical - P1,Uptime Team,10-04-2026 16:07,2d 20h,FALSE
1152477,Client,New User,Closed,Not Violated,Medium - P3,Uptime Team,10-04-2026 16:07,2d 20h,FALSE
1152478,Alarm,"ALARM: ""Kims-Hospital-KSRVPRDDB-Server-2b-Memory-90%-#Alarm"" in Asia Pacific (Hyderabad)",Closed,Not Violated,-,Uptime Team,10-04-2026 16:11,2d 20h,FALSE
1152479,Alarm,"Important notice about your AWS Account regarding VPN connections [AWS Account: 796973495311, VPN Connection: vpn-03693b4225cb34391, Tunnel Outside IP: 3.109.196.87]",Closed,Not Violated,Medium - P3,Uptime Team,10-04-2026 16:13,2d 20h,FALSE
1152480,Alarm,"ALARM: ""hoichoi-aws-aps1-prod-ecs-hoichoi-analytics_high_memory_util_alarm"" in Asia Pacific (Mumbai)",Closed,Not Violated,Critical - P1,Uptime Team,10-04-2026 16:13,2d 20h,FALSE
1152481,Alarm,"ALARM: ""RICB-Oracle-DB-1b-CPU-95%-#Alarm"" in Asia Pacific (Mumbai)",Closed,Not Violated,Critical - P1,Uptime Team,10-04-2026 16:14,2d 20h,FALSE
1152482,Alarm,"ALARM: ""LTTS-PROD-POWAI-VPN Tunel-1#ALARM"" in Asia Pacific (Mumbai)",Closed,Not Violated,Critical - P1,Uptime Team,10-04-2026 16:14,2d 20h,FALSE
1152483,Alarm,"ALARM: ""S4-Prod-LTTS-Powai-SSC-VPN-Tunnel-2-#ALARM"" in Asia Pacific (Mumbai)",Closed,Not Violated,Critical - P1,Uptime Team,10-04-2026 16:15,2d 20h,FALSE
1152484,Alarm,"ALARM: ""AMPL-eFIMO-UAT-DB-1b-Disk(I)-85%-#Alarm"" in Asia Pacific (Mumbai)",Closed,Not Violated,Critical - P1,Uptime Team,10-04-2026 16:17,2d 20h,FALSE
1152485,Alarm,"ALARM: ""softweb-srishti-rds-oracle-21c-CPU-85% #Alarm"" in Asia Pacific (Mumbai)",Closed,Not Violated,Critical - P1,Uptime Team,10-04-2026 16:19,2d 20h,FALSE
1152486,Alarm,"ALARM: ""SkipperLimited-Prod-DB-1a-CPU-90%-#Alarm"" in Asia Pacific (Mumbai)",Closed,Not Violated,Critical - P1,Uptime Team,10-04-2026 16:21,2d 20h,FALSE
1152487,Client,not able to login to the console,Closed,Response Violation,Medium - P3,Enterprise Linux Team,10-04-2026 16:23,2d 20h,TRUE
1152488,Alarm,"ALARM: ""softweb-srishti-rds-oracle-21c-Memory-85% #Alarm"" in Asia Pacific (Mumbai)",Closed,Not Violated,Critical - P1,Uptime Team,10-04-2026 16:23,2d 20h,FALSE
1152489,Alarm,"ALARM: ""RICB-Oracle-DB-1b-CPU-95%-#Alarm"" in Asia Pacific (Mumbai)",Closed,Not Violated,Critical - P1,Uptime Team,10-04-2026 16:23,2d 20h,FALSE
1152490,Alarm,"ALARM: ""aws-codedeploy-bitbucket-laravel-eezaamout-UAT-RDS-Freeable-Mem..."" in Asia Pacific (Mumbai)",Closed,Not Violated,Critical - P1,Uptime Team,10-04-2026 16:26,2d 20h,FALSE
1152491,Alarm,"ALARM: ""HoiChoi-x-CWM-x-ProdRevAmp-hoichoi-aws-aps1-prod-ecs-hoichoi-th..."" in Asia Pacific (Mumbai)",Closed,Not Violated,Critical - P1,Uptime Team,10-04-2026 16:26,2d 20h,FALSE
1152492,Alarm,"ALARM: ""Kims-Hospital-KSRVDMSPRD-Server-2b-CPU-85%-#Alarm"" in Asia Pacific (Hyderabad)",Closed,Not Violated,-,Uptime Team,10-04-2026 16:26,2d 20h,FALSE
1152493,Alarm,"ALARM: ""kishorilala-Prod-SAP-B1-1b-Memory-85%#Alarm"" in Asia Pacific (Mumbai)",Closed,Not Violated,Critical - P1,Uptime Team,10-04-2026 16:29,2d 20h,FALSE
1152494,Alarm,"ALARM: ""ETEdge-TG-Etnowgbs-cdn-ENSA4TPDNYD15-5xxErrorRate-Alarm"" in US East (N. Virginia)",Closed,Not Violated,Critical - P1,Uptime Team,10-04-2026 16:30,2d 20h,FALSE
1152495,Alarm,"ALARM: ""SoftWeb-DB-Pvt-1b-#CPUUtilization-95%-#ALARM"" in Asia Pacific (Mumbai)",Closed,Not Violated,Critical - P1,Uptime Team,10-04-2026 16:31,2d 20h,FALSE
1152498,Alarm,"ALARM: ""RICB-Oracle-DB-1b-CPU-85%-#Alarm"" in Asia Pacific (Mumbai)",Closed,Not Violated,Critical - P1,Uptime Team,10-04-2026 16:36,2d 19h,FALSE
1152499,Alarm,"ALARM: ""NewTownSchool_JIE-Prod-DB-1b-New-2-CPU-70%-utilized-#Alarm"" in Asia Pacific (Mumbai)",Closed,Not Violated,Critical - P1,Uptime Team,10-04-2026 16:36,2d 19h,FALSE
1152500,Alarm,"ALARM: ""Gemtech-SAP-B1-Server-Window-2022-CPU-85%-#Alarm"" in Asia Pacific (Mumbai)",Closed,Not Violated,Critical - P1,Uptime Team,10-04-2026 16:36,2d 19h,FALSE
1152501,Alarm,"ALARM: ""ETEdge-TG-Etnowgbs-cdn-ENSA4TPDNYD15-5xxErrorRate-Alarm"" in US East (N. Virginia)",Closed,Not Violated,Critical - P1,Uptime Team,10-04-2026 16:36,2d 19h,FALSE
1152504,Client,Monitoring disable,In Progress,Not Violated,Medium - P3,-,10-04-2026 16:37,2d 19h,FALSE
1152506,Client,Request to Modify Backup Storage and Retention Policy,Awaiting Customer Response,Not Violated,Medium - P3,SMB Linux Team,10-04-2026 16:40,2d 19h,FALSE
1152507,Alarm,POPOLIVE is Down from multiple locations,Closed,Not Violated,-,Enterprise Windows Team,10-04-2026 16:40,2d 19h,FALSE
1152508,Alarm,Mimo Skylive is Down from multiple locations,Closed,Not Violated,-,Enterprise Windows Team,10-04-2026 16:41,2d 19h,FALSE
1152509,Client,Re:Cert-In Vulnerability Notes - Docker Engine and Open SSL,In Progress,Not Violated,Medium - P3,DevOps Team,10-04-2026 16:41,2d 19h,FALSE
1152510,Alarm,"ALARM: ""BDG-Metal-Prod-DB-1b-C.P.U-85%#Alarm"" in Asia Pacific (Mumbai)",Closed,Not Violated,-,Uptime Team,10-04-2026 16:42,2d 19h,FALSE
1152511,Alarm,"ALARM: ""RICB-Oracle-DB-1b-CPU-85%-#Alarm"" in Asia Pacific (Mumbai)",Closed,Not Violated,Critical - P1,DevOps Team,10-04-2026 16:43,2d 19h,FALSE
1152512,Alarm,"ALARM: ""kims-app-db1-CPU-90%-#Alarm"" in Asia Pacific (Hyderabad)",Closed,Not Violated,Critical - P1,Uptime Team,10-04-2026 16:45,2d 19h,FALSE
1152513,Alarm,"ALARM: ""SkipperLimited-Prod-DB-1a-CPU-90%-#Alarm"" in Asia Pacific (Mumbai)",Closed,Not Violated,Critical - P1,Uptime Team,10-04-2026 16:46,2d 19h,FALSE
1152514,Alarm,"ALARM: ""SoftWeb-DB-Pvt-1b-#CPUUtilization-95%-#ALARM"" in Asia Pacific (Mumbai)",Closed,Not Violated,Critical - P1,Uptime Team,10-04-2026 16:47,2d 19h,FALSE
1152515,Alarm,"ALARM: ""ETEdge-TG-CDN-INSIGHTS-ET3TON8I54DZP-5xxErrorRate-Alarm"" in US East (N. Virginia)",Closed,Not Violated,Critical - P1,Uptime Team,10-04-2026 16:47,2d 19h,FALSE
1152516,Client,FW: TRANSFER OF BACKUP FILE FROM OLD SERVER TO NEW SERVER,Awaiting Customer Response,Not Violated,Medium - P3,SMB Windows Team,10-04-2026 16:48,2d 19h,FALSE
1152517,Alarm,"ALARM: ""ETEdge-TG-CDN-INSIGHTS-ET3TON8I54DZP-5xxErrorRate-Alarm"" in US East (N. Virginia)",Closed,Not Violated,Critical - P1,Uptime Team,10-04-2026 16:49,2d 19h,FALSE
1152518,Alarm,Mimo Skylive is Up,Closed,Not Violated,-,Uptime Team,10-04-2026 16:51,2d 19h,FALSE
1152519,Alarm,"ALARM: ""Duroply-prod-SAPB1-Server1-Memory-85%-#Alarm"" in Asia Pacific (Mumbai)",Closed,Not Violated,Critical - P1,Uptime Team,10-04-2026 16:52,2d 19h,FALSE
1152520,Alarm,"ALARM: ""RICB-Oracle-DB-1b-CPU-85%-#Alarm"" in Asia Pacific (Mumbai)",Closed,Not Violated,Critical - P1,Uptime Team,10-04-2026 16:53,2d 19h,FALSE
1152521,Alarm,"ALARM: ""AFPL-Prod-Seceon-CCE-Pub-1b-Memory-85%-#Alarms"" in Asia Pacific (Mumbai)",Closed,Not Violated,-,Uptime Team,10-04-2026 16:55,2d 19h,FALSE
1152522,Alarm,POPOLIVE is Up,Closed,Not Violated,-,Uptime Team,10-04-2026 16:56,2d 19h,FALSE
1152524,Alarm,"ALARM: ""SEPL-Flutter-Server-1b-CPU-85%-#Alarm"" in Asia Pacific (Mumbai)",Closed,Not Violated,-,Uptime Team,10-04-2026 16:56,2d 19h,FALSE
1152525,Alarm,"ALARM: ""kishorilala-Prod-SAP-B1-1b-C.P.U-85%#Alarm"" in Asia Pacific (Mumbai)",Closed,Not Violated,Critical - P1,Uptime Team,10-04-2026 16:57,2d 19h,FALSE
1152526,Alarm,"ALARM: ""toorey-uat-rds-uattooreymsg-FreeableMemory-15%-#Alarm"" in US East (N. Virginia)",Closed,Not Violated,Critical - P1,DevOps Team,10-04-2026 16:58,2d 19h,FALSE
1152527,Alarm,"ALARM: ""S4-Prod-HDB-N2-New-mem-used-85%#Alarm"" in Asia Pacific (Mumbai)",Closed,Not Violated,Critical - P1,Uptime Team,10-04-2026 16:59,2d 19h,FALSE
1152528,Alarm,"ALARM: ""kishorilala-Prod-SAP-B1-1b-Memory-85%#Alarm"" in Asia Pacific (Mumbai)",Closed,Not Violated,Critical - P1,Uptime Team,10-04-2026 16:59,2d 19h,FALSE
1152529,Alarm,"ALARM: ""ETEdge-TG-CDN-INSIGHTS-ET3TON8I54DZP-5xxErrorRate-Alarm"" in US East (N. Virginia)",Closed,Not Violated,Critical - P1,Uptime Team,10-04-2026 16:59,2d 19h,FALSE
1152530,Alarm,"ALARM: ""Vawsum-Prime-UAT-APP-1a-CPUUtilization-85%-#Alarm"" in Asia Pacific (Mumbai)",Closed,Not Violated,Critical - P1,Uptime Team,10-04-2026 17:01,2d 19h,FALSE
1152531,Alarm,"ALARM: ""kishorilala-Prod-SAP-B1-1b-C.P.U-85%#Alarm"" in Asia Pacific (Mumbai)",Closed,Not Violated,Critical - P1,Uptime Team,10-04-2026 17:02,2d 19h,FALSE
1152532,Alarm,"ALARM: ""ALCircle-Prod-Blog-1b-CPU-85%-#Alarm"" in Asia Pacific (Mumbai)",Closed,Not Violated,Critical - P1,Uptime Team,10-04-2026 17:06,2d 19h,FALSE
1152533,Client,[Case 177582100600093] Customer Added Communication: GuardDuty Findings,Closed,Not Violated,Medium - P3,DevOps Team,10-04-2026 17:06,2d 19h,FALSE
1152534,Client,Amazon Web Services: You have opened a new Support case: 177582100600093,Closed,Not Violated,Medium - P3,Uptime Team,10-04-2026 17:06,2d 19h,FALSE
1152535,Alarm,"ALARM: ""ALCircle-Prod-Blog-1b-CPU-95%-#Alarm"" in Asia Pacific (Mumbai)",Closed,Not Violated,Critical - P1,Uptime Team,10-04-2026 17:07,2d 19h,FALSE
1152536,Alarm,"ALARM: ""SoftWeb-DB-Pvt-1b-#CPUUtilization-95%-#ALARM"" in Asia Pacific (Mumbai)",Closed,Not Violated,-,Uptime Team,10-04-2026 17:07,2d 19h,FALSE
1152537,Alarm,"ALARM: ""HSPL-App+DB-Prod-CPU-85%-ALARM"" in Asia Pacific (Mumbai)",Closed,Not Violated,Critical - P1,Uptime Team,10-04-2026 17:08,2d 19h,FALSE
1152539,Alarm,"ALARM: ""S4-Prod-LTTS-Powai-SSC-VPN-Tunnel-2-#ALARM"" in Asia Pacific (Mumbai)",Closed,Not Violated,Critical - P1,Uptime Team,10-04-2026 17:09,2d 19h,FALSE
1152540,Alarm,"ALARM: ""LeeNee-Rama-Overseas-Prod-App-1b-Disk(C)-VolumeAvgThroughput#Alarm"" in Asia Pacific (Mumbai)",Closed,Not Violated,Critical - P1,Uptime Team,10-04-2026 17:09,2d 19h,FALSE
1152541,Alarm,"ALARM: ""LTTS-PROD-POWAI-VPN Tunel-1#ALARM"" in Asia Pacific (Mumbai)",Closed,Not Violated,Critical - P1,Uptime Team,10-04-2026 17:09,2d 19h,FALSE
1152542,Alarm,"ALARM: ""hoichoi-aws-aps1-prod-ecs-hoichoi-analytics_high_cpu_util_alarm"" in Asia Pacific (Mumbai)",Closed,Not Violated,Critical - P1,Uptime Team,10-04-2026 17:12,2d 19h,FALSE
1152543,Alarm,"ALARM: ""ETEdge-TG-CDN-INSIGHTS-ET3TON8I54DZP-5xxErrorRate-Alarm"" in US East (N. Virginia)",Closed,Not Violated,Critical - P1,Uptime Team,10-04-2026 17:12,2d 19h,FALSE
1152544,Alarm,"ALARM: ""JayamSolution-Prod-DB-1b-DiskE: -85%-Alarm"" in Asia Pacific (Mumbai)",Closed,Not Violated,Critical - P1,Uptime Team,10-04-2026 17:15,2d 19h,FALSE
1152546,Alarm,"ALARM: ""AFPL-Prod-Seceon-CCE-Pub-1b-Memory-85%-#Alarms"" in Asia Pacific (Mumbai)",Closed,Not Violated,-,Uptime Team,10-04-2026 17:21,2d 19h,FALSE
1152548,Alarm,"ALARM: ""kishorilala-Prod-SAP-B1-1b-C.P.U-85%#Alarm"" in Asia Pacific (Mumbai)",Closed,Not Violated,Critical - P1,Uptime Team,10-04-2026 17:21,2d 19h,FALSE
1152549,Alarm,"ALARM: ""SoftWeb-DB-Pvt-1b-#CPUUtilization-95%-#ALARM"" in Asia Pacific (Mumbai)",Closed,Not Violated,Critical - P1,Uptime Team,10-04-2026 17:22,2d 19h,FALSE
1152550,Alarm,"ALARM: ""kishorilala-Prod-SAP-B1-1b-Memory-85%#Alarm"" in Asia Pacific (Mumbai)",Closed,Not Violated,Critical - P1,Uptime Team,10-04-2026 17:22,2d 19h,FALSE
1152551,Alarm,"ALARM: ""Vinar-Ispat-App+DB-Prod-CPU-85%-ALARM"" in Asia Pacific (Mumbai)",Closed,Not Violated,Critical - P1,Uptime Team,10-04-2026 17:22,2d 19h,FALSE
1152552,Client,Workmates Backup - No successful backups reminder,Closed,Not Violated,Medium - P3,SMB Linux Team,10-04-2026 17:23,2d 19h,FALSE
1152554,Alarm,"ALARM: ""ORFIL-Live-Ecom-PROD-EC2-CPU-Alert"" in Asia Pacific (Mumbai)",Closed,Not Violated,Critical - P1,Uptime Team,10-04-2026 17:24,2d 19h,FALSE
1152553,Alarm,"ALARM: ""ORFIL-Live-LMS-PROD-EC2-CPU-Alert"" in Asia Pacific (Mumbai)",Closed,Not Violated,Critical - P1,Uptime Team,10-04-2026 17:24,2d 19h,FALSE
1152555,Alarm,"ALARM: ""kishorilala-Prod-SAP-B1-1b-Memory-85%#Alarm"" in Asia Pacific (Mumbai)",Closed,Not Violated,Critical - P1,Uptime Team,10-04-2026 17:26,2d 19h,FALSE
1152558,Client,Midland AWS Billing Excel Sheet Report for the Month of March 2026,Awaiting Customer Response,Not Violated,Medium - P3,Enterprise Windows Team,10-04-2026 17:27,2d 19h,TRUE
1152559,Client,Infomatics-VinarIspat,Closed,Not Violated,High - P2,-,10-04-2026 17:27,2d 19h,FALSE
1152563,Alarm,"ALARM: ""kims-app-db1-CPU-90%-#Alarm"" in Asia Pacific (Hyderabad)",Closed,Not Violated,Critical - P1,Uptime Team,10-04-2026 17:31,2d 19h,FALSE
1152565,Alarm,"ALARM: ""SoftWeb-DB-Pvt-1b-#CPUUtilization-95%-#ALARM"" in Asia Pacific (Mumbai)",Closed,Not Violated,-,Uptime Team,10-04-2026 17:34,2d 18h,FALSE
1152566,Alarm,"ALARM: ""Sampark-Spark Activity-Prod-Disk(Root)-85%#Alarm"" in Asia Pacific (Mumbai)",Closed,Not Violated,-,Uptime Team,10-04-2026 17:34,2d 18h,FALSE
1152567,Client,BT Partner ADMIN- Production Deployment,Resolved,Not Violated,Medium - P3,SMB Linux Team,10-04-2026 17:38,2d 18h,FALSE
1152568,Alarm,"ALARM: ""Kims-Hospital-KSRVPRDDB-Server-2b-Memory-90%-#Alarm"" in Asia Pacific (Hyderabad)",Closed,Not Violated,-,Uptime Team,10-04-2026 17:39,2d 18h,FALSE
1152569,Client,BT Partner API - Production Deployment,Resolved,Not Violated,Medium - P3,SMB Linux Team,10-04-2026 17:39,2d 18h,FALSE
1152570,Client,UAT Deployment Not Reflecting & Pre-Live Loki Logs Issue,Awaiting Customer Response,Not Violated,Medium - P3,DevOps Team,10-04-2026 17:41,2d 18h,FALSE
1152572,Alarm,"ALARM: ""KFIN-AIF-Hex-UAT-1a-Memory-85%-#Alarm"" in Asia Pacific (Mumbai)",Closed,Not Violated,Critical - P1,Uptime Team,10-04-2026 17:41,2d 18h,FALSE
1152573,Alarm,"ALARM: ""SoftWeb-DB-Pvt-1b-#CPUUtilization-95%-#ALARM"" in Asia Pacific (Mumbai)",Closed,Not Violated,Critical - P1,Uptime Team,10-04-2026 17:45,2d 18h,FALSE
1152574,Alarm,"ALARM: ""MidfinCollect-Prod-App-Server-2-1b_CPUUtilization_85%_#Alarm"" in Asia Pacific (Mumbai)",Closed,Not Violated,-,Uptime Team,10-04-2026 17:46,2d 18h,FALSE
1152575,Alarm,"ALARM: ""KFIN-AIF-Hex-UAT-1a-Memory-85%-#Alarm"" in Asia Pacific (Mumbai)",Closed,Not Violated,Critical - P1,Uptime Team,10-04-2026 17:47,2d 18h,FALSE
1152576,Client,Blog Issue on production,Awaiting Customer Response,Not Violated,Medium - P3,SMB Linux Team,10-04-2026 17:48,2d 18h,FALSE
1152577,Alarm,"ALARM: ""Absolute-Barbeque-Prod-Hana-1b-MemoryUtilization-85%#Alarm"" in Asia Pacific (Mumbai)",Closed,Not Violated,Critical - P1,Uptime Team,10-04-2026 17:48,2d 18h,FALSE
1152578,Client,URGENT: Load Balancer Reachability Issue – Immediate Investigation Required,Internal Dependency,Not Violated,Medium - P3,Enterprise Windows Team,10-04-2026 17:50,2d 18h,FALSE
1152580,Alarm,"ALARM: ""MidfinCollect-Prod-App-Server-1-1b-CPU-85%-#Alarm"" in Asia Pacific (Mumbai)",Closed,Not Violated,-,Uptime Team,10-04-2026 17:51,2d 18h,FALSE
1152581,Alarm,"ALARM: ""MidfinCollect-Prod-App-Server-2-1b_CPUUtilization_85%_#Alarm"" in Asia Pacific (Mumbai)",Closed,Not Violated,-,Uptime Team,10-04-2026 17:51,2d 18h,FALSE
1152582,Alarm,"ALARM: ""AFPL-Prod-Seceon-CCE-Pub-1b-Memory-85%-#Alarms"" in Asia Pacific (Mumbai)",Closed,Not Violated,-,Uptime Team,10-04-2026 17:53,2d 18h,FALSE
1152584,Alarm,"Important notice about your AWS Account regarding VPN connections [AWS Account: 119841209825, VPN Connection: vpn-0fbf5a3d86e50e4a2, Tunnel Outside IP: 98.130.81.51]",Closed,Not Violated,Medium - P3,Uptime Team,10-04-2026 17:53,2d 18h,FALSE
1152585,Alarm,"ALARM: ""midfincollect-prod-UnHealthyHostCount>=2_#Alarm"" in Asia Pacific (Mumbai)",Closed,Not Violated,Critical - P1,Uptime Team,10-04-2026 17:56,2d 18h,FALSE
1152586,Alarm,"ALARM: ""Kims-Hospital-Prod-FC-graviton-2b-CPU-85%-#Alarm"" in Asia Pacific (Hyderabad)",Closed,Not Violated,Critical - P1,Uptime Team,10-04-2026 17:57,2d 18h,FALSE
1152587,Alarm,"ALARM: ""SoftWeb-DB-Pvt-1b-#CPUUtilization-95%-#ALARM"" in Asia Pacific (Mumbai)",Closed,Not Violated,Critical - P1,Uptime Team,10-04-2026 17:58,2d 18h,FALSE
1152590,Alarm,"ALARM: ""SoftWeb-DB-Pvt-1b-#CPUUtilization-95%-#ALARM"" in Asia Pacific (Mumbai)",Closed,Not Violated,-,Uptime Team,10-04-2026 18:00,2d 18h,FALSE
1152591,Client,Amazon Web Services – Email Address Verification Request in region Asia Pacific (Mumbai),Closed,Not Violated,Medium - P3,Uptime Team,10-04-2026 18:00,2d 18h,FALSE
1152593,Alarm,"ALARM: ""SoftWeb-App-pub-server-1b-#CPUUtilization-90%-#ALARM"" in Asia Pacific (Mumbai)",Closed,Not Violated,High - P2,Uptime Team,10-04-2026 18:01,2d 18h,FALSE
1152594,Alarm,"ALARM: ""kishorilala-Prod-SAP-B1-1b-C.P.U-85%#Alarm"" in Asia Pacific (Mumbai)",Closed,Not Violated,Critical - P1,Uptime Team,10-04-2026 18:03,2d 18h,FALSE
1152595,Alarm,"ALARM: ""AFPL-Prod-Seceon-CCE-Pub-1b-Memory-85%-#Alarms"" in Asia Pacific (Mumbai)",Closed,Not Violated,-,Uptime Team,10-04-2026 18:04,2d 18h,FALSE
1152597,Alarm,"ALARM: ""kishorilala-Prod-SAP-B1-1b-C.P.U-95%#Alarm"" in Asia Pacific (Mumbai)",Closed,Not Violated,Critical - P1,Uptime Team,10-04-2026 18:04,2d 18h,FALSE
1152598,Alarm,"ALARM: ""kishorilala-Prod-SAP-B1-1b-Memory-85%#Alarm"" in Asia Pacific (Mumbai)",Closed,Not Violated,Critical - P1,Uptime Team,10-04-2026 18:04,2d 18h,FALSE
1152599,Alarm,"ALARM: ""MidfinCollect-Prod-App-Server-2-1b_CPUUtilization_85%_#Alarm"" in Asia Pacific (Mumbai)",Closed,Not Violated,-,Uptime Team,10-04-2026 18:06,2d 18h,FALSE
1152600,Alarm,"ALARM: ""Kims-Hospital-KSRVPRDDB-Server-2b-Memory-90%-#Alarm"" in Asia Pacific (Hyderabad)",Closed,Not Violated,-,Uptime Team,10-04-2026 18:09,2d 18h,FALSE
1152601,Alarm,"ALARM: ""MidfinCollect-Prod-App-Server-1-1b-CPU-85%-#Alarm"" in Asia Pacific (Mumbai)",Closed,Not Violated,-,Uptime Team,10-04-2026 18:09,2d 18h,FALSE
1152602,Alarm,"ALARM: ""MidfinCollect-Prod-App-Server-2-1b_CPUUtilization_85%_#Alarm"" in Asia Pacific (Mumbai)",Closed,Not Violated,-,Uptime Team,10-04-2026 18:09,2d 18h,FALSE
1152603,Alarm,"ALARM: ""AFPL-Prod-Seceon-CCE-Pub-1b-Memory-85%-#Alarms"" in Asia Pacific (Mumbai)",Closed,Not Violated,-,Uptime Team,10-04-2026 18:10,2d 18h,FALSE
1152605,Alarm,Jayam-Solutions(ELF) is Down from multiple locations,Closed,Not Violated,-,SMB Windows Team,10-04-2026 18:10,2d 18h,FALSE
1152606,Client,Re: Discontinuation of Services Effective 1st January 2026,Internal Dependency,Response Violation,Medium - P3,Enterprise Linux Team,10-04-2026 18:10,2d 18h,TRUE
1152607,Alarm,"ALARM: ""JF-AppStream-OpenSearch-buildtwin-opensearch-JVM-Memory-Pres..."" in Asia Pacific (Singapore)",Closed,Not Violated,Critical - P1,Uptime Team,10-04-2026 18:10,2d 18h,FALSE
1152608,Alarm,"ALARM: ""SoftWeb-DB-Pvt-1b-#CPUUtilization-95%-#ALARM"" in Asia Pacific (Mumbai)",Closed,Not Violated,Critical - P1,Uptime Team,10-04-2026 18:12,2d 18h,FALSE
1152609,Alarm,"ALARM: ""midfincollect-prod-UnHealthyHostCount>=2_#Alarm"" in Asia Pacific (Mumbai)",Closed,Not Violated,Critical - P1,Uptime Team,10-04-2026 18:13,2d 18h,FALSE
1152611,Alarm,"ALARM: ""Celex-uat-server-mem_used_percent-85%-#Alarm"" in Asia Pacific (Mumbai)",Closed,Not Violated,-,Uptime Team,10-04-2026 18:16,2d 18h,FALSE
1152612,Alarm,"ALARM: ""hoichoi-aws-aps1-prod-ecs-hoichoi-identity_high_cpu_util_alarm"" in Asia Pacific (Mumbai)",Closed,Not Violated,Critical - P1,Uptime Team,10-04-2026 18:18,2d 18h,FALSE
1152614,Client,Amazon Web Services – Email Address Verification Request in region Asia Pacific (Mumbai),Closed,Not Violated,Medium - P3,Uptime Team,10-04-2026 18:20,2d 18h,FALSE
1152615,Alarm,"ALARM: ""Genupathlab-ITDOSE-DB-1b-FreeSpace-Disk(D)-15%-#Alarm"" in Asia Pacific (Mumbai)",Closed,Not Violated,Critical - P1,Uptime Team,10-04-2026 18:22,2d 18h,FALSE
1152616,Alarm,"ALARM: ""Genupathlab-ITDOSE-DB-1b-FreeSpace-Disk(D)-15%-#Alarm"" in Asia Pacific (Mumbai)",Closed,Not Violated,Critical - P1,Uptime Team,10-04-2026 18:22,2d 18h,FALSE
1152617,Alarm,"ALARM: ""hoichoi-aws-aps1-prod-ecs-hoichoi-identity_high_memory_util_alarm"" in Asia Pacific (Mumbai)",Closed,Not Violated,Critical - P1,Uptime Team,10-04-2026 18:22,2d 18h,FALSE
1152618,Alarm,"ALARM: ""Goldstone-Dev-API-Backend-1b-Memory-85%#Alram"" in Asia Pacific (Mumbai)",Closed,Not Violated,Medium - P3,SMB Linux Team,10-04-2026 18:27,2d 18h,FALSE
1152619,Alarm,"ALARM: ""JayamSolution-Prod-DB-1b-DiskE: -85%-Alarm"" in Asia Pacific (Mumbai)",Closed,Not Violated,Critical - P1,Uptime Team,10-04-2026 18:28,2d 18h,FALSE
1152620,Client,[Case 177582590000357] Customer Added Communication: Customer reported High severity GuardDuty findings regarding production Palo Alto firewall (i-0869b2d78496139ea). The EC2 instance i-0869b2d78496139ea queried a drive-by source domain name.,Closed,Not Violated,Medium - P3,DevOps Team,10-04-2026 18:28,2d 18h,FALSE
1152621,Client,Amazon Web Services: You have opened a new Support case: 177582590000357,Closed,Not Violated,Medium - P3,Uptime Team,10-04-2026 18:28,2d 18h,FALSE
1152622,Alarm,"ALARM: ""AFPL-Prod-Seceon-CCE-Pub-1b-Memory-85%-#Alarms"" in Asia Pacific (Mumbai)",Closed,Not Violated,-,Uptime Team,10-04-2026 18:28,2d 18h,FALSE
1152624,Alarm,Goldstone Cement is Down from multiple locations,Closed,Not Violated,-,Uptime Team,10-04-2026 18:32,2d 18h,FALSE
1152625,Client,AWS Cost Management: Cost anomaly detected on 2026-04-10T13:02:37.057379337Z,Closed,Not Violated,Medium - P3,Enterprise Windows Team,10-04-2026 18:32,2d 18h,FALSE
1152627,Alarm,Goldstone Cement is Up,Closed,Not Violated,-,Uptime Team,10-04-2026 18:34,2d 17h,FALSE
1152628,Alarm,"ALARM: ""AFPL-Prod-Seceon-CCE-Pub-1b-Memory-85%-#Alarms"" in Asia Pacific (Mumbai)",Closed,Not Violated,-,Uptime Team,10-04-2026 18:34,2d 17h,FALSE
1152630,Alarm,Argus News is Down from multiple locations,Closed,Not Violated,-,Uptime Team,10-04-2026 18:36,2d 17h,FALSE
1152631,Alarm,"ALARM: ""ALCircle-Prod-Blog-1b-CPU-85%-#Alarm"" in Asia Pacific (Mumbai)",Closed,Not Violated,Critical - P1,Uptime Team,10-04-2026 18:36,2d 17h,FALSE
1152633,Alarm,Argus News is Up,Closed,Not Violated,-,Uptime Team,10-04-2026 18:36,2d 17h,FALSE
1152632,Alarm,"ALARM: ""BB-RPD-SE-UAT-1b-CPU-85%-#Alarm"" in Asia Pacific (Mumbai)",Closed,Not Violated,Critical - P1,Uptime Team,10-04-2026 18:36,2d 17h,FALSE
1152634,Alarm,"ALARM: ""BB-RPD-SE-UAT-1b-CPU-95%-#Alarm"" in Asia Pacific (Mumbai)",Closed,Not Violated,Critical - P1,Uptime Team,10-04-2026 18:36,2d 17h,FALSE
1152635,Alarm,"ALARM: ""ALCircle-Prod-Blog-1b-CPU-95%-#Alarm"" in Asia Pacific (Mumbai)",Closed,Not Violated,-,Uptime Team,10-04-2026 18:37,2d 17h,FALSE
1152636,Alarm,"ALARM: ""Annapurna-Operations-Prod-App-1b-CPU-85%-#Alarm"" in Asia Pacific (Mumbai)",Closed,Not Violated,Critical - P1,Uptime Team,10-04-2026 18:37,2d 17h,FALSE
1152637,Alarm,"ALARM: ""BB-RPD-SE-UAT-1b-CPU-95%-#Alarm"" in Asia Pacific (Mumbai)",Closed,Not Violated,Critical - P1,-,10-04-2026 18:41,2d 17h,FALSE
1152638,Alarm,"ALARM: ""KFIN-AIF-TCL-Memory-85%-#Alarm"" in Asia Pacific (Mumbai)",Closed,Not Violated,Critical - P1,-,10-04-2026 18:42,2d 17h,FALSE
1152639,Alarm,"ALARM: ""RS-SS-PROD-API-1-AP-1b-CPU-85%-#Alarm"" in Asia Pacific (Mumbai)",Closed,Not Violated,Critical - P1,-,10-04-2026 18:42,2d 17h,FALSE
1152640,Alarm,"ALARM: ""IWMBUZZ-PROD-WPS-ADMIN-Memory-85%-#Alarm"" in Asia Pacific (Mumbai)",Closed,Not Violated,Critical - P1,-,10-04-2026 18:42,2d 17h,FALSE
1152641,Alarm,"ALARM: ""hoichoi-aws-aps1-prod-ecs-hoichoi-identity_high_memory_util_alarm"" in Asia Pacific (Mumbai)",Closed,Not Violated,Critical - P1,-,10-04-2026 18:44,2d 17h,FALSE
1152642,Alarm,"ALARM: ""Absolute-Barbeque-Prod-Hana-1b-MemoryUtilization-85%#Alarm"" in Asia Pacific (Mumbai)",Awaiting Customer Response,Not Violated,Critical - P1,Uptime Team,10-04-2026 18:44,2d 17h,FALSE
1152643,Alarm,"ALARM: ""LeeNee-Rama-Overseas-Prod-App-1b-Disk(C)-VolumeAvgThroughput#Alarm"" in Asia Pacific (Mumbai)",Closed,Not Violated,Critical - P1,Uptime Team,10-04-2026 18:46,2d 17h,FALSE
1152644,Alarm,"ALARM: ""BB-RPD-SE-UAT-1b-CPU-95%-#Alarm"" in Asia Pacific (Mumbai)",Closed,Not Violated,Critical - P1,Uptime Team,10-04-2026 18:47,2d 17h,FALSE
1152645,Alarm,Jayam-Solutions(ELF) is Up,Closed,Not Violated,-,Uptime Team,10-04-2026 18:49,2d 17h,FALSE
1152646,Alarm,Argus News is Down from multiple locations,Closed,Not Violated,-,Uptime Team,10-04-2026 18:51,2d 17h,FALSE
1152647,Client,Today Tasks | 10-4-2026,Closed,Not Violated,Medium - P3,-,10-04-2026 18:51,2d 17h,FALSE
1152648,Client,[Case 177582590000357] Customer Added Communication: Customer reported High severity GuardDuty findings regarding production Palo Alto firewall (i-0869b2d78496139ea). The EC2 instance i-0869b2d78496139ea queried a drive-by source domain name.,Closed,Not Violated,Medium - P3,DevOps Team,10-04-2026 18:51,2d 17h,FALSE
1152649,Alarm,Argus News is Up,Closed,Not Violated,-,Uptime Team,10-04-2026 18:52,2d 17h,FALSE
1152650,Alarm,"ALARM: ""Kims-Hospital-Prod-Web-Server-1b-CPUUtilization-85% #Alarm"" in Asia Pacific (Mumbai)",Closed,Not Violated,-,Uptime Team,10-04-2026 18:53,2d 17h,FALSE
1152651,Alarm,"ALARM: ""BB-RPD-SE-UAT-1b-CPU-95%-#Alarm"" in Asia Pacific (Mumbai)",Closed,Not Violated,Critical - P1,Uptime Team,10-04-2026 18:53,2d 17h,FALSE
1152652,Client,Workmates Backup - No successful backups reminder,Closed,Response Violation,Medium - P3,Enterprise Windows Team,10-04-2026 18:53,2d 17h,TRUE
1152653,Alarm,"ALARM: ""anxiprodb-instace-1-new-16-01-rds#DatabaseConnections"" in Asia Pacific (Sydney)",Closed,Not Violated,Critical - P1,Uptime Team,10-04-2026 18:53,2d 17h,FALSE
1152654,Client,RE:[CASE 177582590000357] Customer reported High severity GuardDuty findings regarding production Palo Alto firewall (i-0869b2d78496139ea). The EC2 instance i-0869b2d78496139ea queried a drive-by source domain name.,Closed,Not Violated,Medium - P3,DevOps Team,10-04-2026 18:53,2d 17h,FALSE
1152655,Alarm,"ALARM: ""KFIN-AIF-Hex-UAT-1a-CPU-85%-#Alarm"" in Asia Pacific (Mumbai)",Closed,Not Violated,Critical - P1,Uptime Team,10-04-2026 18:54,2d 17h,FALSE
1152657,Alarm,"ALARM: ""AMPL-Audit-Prod-App-Server-1b-Disk(Root)-85%-#Alarm"" in Asia Pacific (Mumbai)",Closed,Not Violated,-,Uptime Team,10-04-2026 19:00,2d 17h,FALSE
1152658,Client,Approval for Redshift - AWS Account id 354307071355 & Billing Responsibility,Internal Dependency,Not Violated,Medium - P3,-,10-04-2026 19:00,2d 17h,FALSE
1152659,Client,Workmates-MSP360-Reports,Closed,Not Violated,Medium - P3,Uptime Team,10-04-2026 19:01,2d 17h,FALSE
1152660,Alarm,Shifa Hospitals is Down from multiple locations,Closed,Not Violated,-,Uptime Team,10-04-2026 19:03,2d 17h,FALSE
1152661,Alarm,AWS Cost Management: Cost anomaly detected on 2026-04-10T13:33:23.199573263Z,Closed,Not Violated,Medium - P3,Enterprise Windows Team,10-04-2026 19:03,2d 17h,FALSE
1152662,Alarm,AWS Cost Management: Cost anomaly detected on 2026-04-10T13:33:41.721204946Z,Closed,Not Violated,Medium - P3,Enterprise Windows Team,10-04-2026 19:03,2d 17h,FALSE
1152663,Alarm,"ALARM: ""BB-RPD-SE-UAT-1b-CPU-95%-#Alarm"" in Asia Pacific (Mumbai)",Closed,Not Violated,Critical - P1,Uptime Team,10-04-2026 19:05,2d 17h,FALSE
1152664,Alarm,"ALARM: ""BDG-Metal-Prod-DB-1b-C.P.U-85%#Alarm"" in Asia Pacific (Mumbai)",Closed,Not Violated,-,Uptime Team,10-04-2026 19:07,2d 17h,FALSE
1152665,Alarm,"ALARM: ""OPHWC-DEV-QAS-HANA-Pvt-1b-Memory-85%-#Alarm"" in Asia Pacific (Mumbai)",Closed,Not Violated,Critical - P1,Uptime Team,10-04-2026 19:07,2d 17h,FALSE
1152666,Client,AWS Cost Management: Cost anomaly detected on 2026-04-10T13:38:58.38475861Z,Closed,Not Violated,Medium - P3,SMB Linux Team,10-04-2026 19:09,2d 17h,FALSE
1152667,Alarm,AWS Cost Management: Cost anomaly detected on 2026-04-10T13:39:04.699769214Z,Closed,Not Violated,Medium - P3,Enterprise Windows Team,10-04-2026 19:09,2d 17h,FALSE
1152668,Alarm,AWS Cost Management: Cost anomaly detected on 2026-04-10T13:39:57.279576857Z,Closed,Not Violated,Medium - P3,SMB Linux Team,10-04-2026 19:10,2d 17h,FALSE
1152669,Client,AWS Cost Management: Cost anomaly detected on 2026-04-10T13:39:57.55809035Z,Internal Dependency,Not Violated,Medium - P3,SMB Linux Team,10-04-2026 19:10,2d 17h,FALSE
1152670,Client,AWS Cost Management: Cost anomaly detected on 2026-04-10T13:39:56.500219094Z,Internal Dependency,Not Violated,Medium - P3,SMB Linux Team,10-04-2026 19:10,2d 17h,FALSE
1152671,Client,AWS Cost Management: Cost anomaly detected on 2026-04-10T13:40:30.561205941Z,Internal Dependency,Not Violated,Medium - P3,SMB Linux Team,10-04-2026 19:10,2d 17h,FALSE
1152672,Client,[INC-47084] : FW: Security Alert | CASE - 25086 | Ec2 windows admin password accessed | High | LTTS,Awaiting Customer Response,Not Violated,Medium - P3,Enterprise Linux Team,10-04-2026 19:12,2d 17h,FALSE
1152673,Alarm,"Important notice about your AWS Account regarding VPN connections [AWS Account: 119841209825, VPN Connection: vpn-07d143e9f6b3a6d36, Tunnel Outside IP: 98.130.43.27]",Closed,Not Violated,Medium - P3,Uptime Team,10-04-2026 19:13,2d 17h,FALSE
1152674,Alarm,"Important notice about your AWS Account regarding VPN connections [AWS Account: 295216128092, VPN Connection: vpn-020a80d2a132a2968, Tunnel Outside IP: 13.126.104.192]",Closed,Not Violated,Medium - P3,Uptime Team,10-04-2026 19:13,2d 17h,FALSE
1152675,Alarm,"ALARM: ""KFIN-AIF-Hex-UAT-1a-Memory-85%-#Alarm"" in Asia Pacific (Mumbai)",Closed,Not Violated,Critical - P1,Uptime Team,10-04-2026 19:14,2d 17h,FALSE
1152678,Alarm,"ALARM: ""Arjava-Advisor-ClickHouse-DB-1b-Disk(Root)-85%-#Alarm"" in Asia Pacific (Mumbai)",Closed,Not Violated,Critical - P1,Uptime Team,10-04-2026 19:18,2d 17h,FALSE
1152679,Alarm,"ALARM: ""KFIN-AIF-TCL-Memory-85%-#Alarm"" in Asia Pacific (Mumbai)",Closed,Not Violated,Critical - P1,Uptime Team,10-04-2026 19:20,2d 17h,FALSE
1152680,Alarm,"ALARM: ""KhimjiJwellers-Prod-DB-1b-CPU-85%-Alarm"" in Asia Pacific (Mumbai)",Closed,Not Violated,Critical - P1,Uptime Team,10-04-2026 19:21,2d 17h,FALSE
1152681,Alarm,Jayam-Solutions(ELF) is Down from multiple locations,Closed,Not Violated,-,SMB Windows Team,10-04-2026 19:25,2d 17h,FALSE
1152683,Alarm,Supportelders is Down from multiple locations,Closed,Not Violated,-,SMB Linux Team,10-04-2026 19:32,2d 17h,FALSE
1152685,Alarm,Support Elders is Down from multiple locations,Closed,Not Violated,-,SMB Linux Team,10-04-2026 19:33,2d 16h,FALSE
1152686,Alarm,"ALARM: ""Support Elders-Prod-Web-1a-CPU-85%-#Alarm"" in Asia Pacific (Mumbai)",Closed,Not Violated,Critical - P1,Uptime Team,10-04-2026 19:34,2d 16h,FALSE
1152687,Alarm,"ALARM: ""Critical-Support Elders-Prod-Web-1a-CPU-95%-#Alarm"" in Asia Pacific (Mumbai)",Closed,Not Violated,Critical - P1,Uptime Team,10-04-2026 19:35,2d 16h,FALSE
1152692,Alarm,"ALARM: ""Support Elders-Prod-Web-1a-Memory-85%-#Alarm"" in Asia Pacific (Mumbai)",Closed,Not Violated,Critical - P1,Uptime Team,10-04-2026 19:37,2d 16h,FALSE
1152693,Alarm,"ALARM: ""Magpet-Prod-SAP-New-Pub-NEW-StatusCheckFailed_Instance-#Alarm"" in Asia Pacific (Mumbai)",Closed,Not Violated,Critical - P1,Uptime Team,10-04-2026 19:41,2d 16h,FALSE
1152695,Alarm,Supportelders is Up,Closed,Not Violated,-,Uptime Team,10-04-2026 19:43,2d 16h,FALSE
1152696,Alarm,Support Elders is Up,Closed,Not Violated,-,Uptime Team,10-04-2026 19:43,2d 16h,FALSE
1152697,Alarm,"ALARM: ""anxiprodb-instace-1-new-16-01-rds#DatabaseConnections"" in Asia Pacific (Sydney)",Closed,Not Violated,Critical - P1,Uptime Team,10-04-2026 19:47,2d 16h,FALSE
1152698,Alarm,"ALARM: ""Magpet-Prod-SAP-New-Pub-NEW-CPU-85%-#Alarm"" in Asia Pacific (Mumbai)",Closed,Not Violated,Critical - P1,Uptime Team,10-04-2026 19:48,2d 16h,FALSE
1152699,Alarm,"ALARM: ""anxiprodb-instace-1-new-16-01-rds#DatabaseConnections"" in Asia Pacific (Sydney)",Closed,Not Violated,Critical - P1,Uptime Team,10-04-2026 19:51,2d 16h,FALSE
1152700,Alarm,"ALARM: ""RS-SS-PROD-API-1-AP-1b-CPU-85%-#Alarm"" in Asia Pacific (Mumbai)",Closed,Not Violated,Critical - P1,Uptime Team,10-04-2026 19:52,2d 16h,FALSE
1152701,Alarm,"ALARM: ""anxiprodb-instace-1-new-16-01-rds#DatabaseConnections"" in Asia Pacific (Sydney)",Closed,Not Violated,Critical - P1,Uptime Team,10-04-2026 19:54,2d 16h,FALSE
1152706,Alarm,"ALARM: ""Magpet-Prod-SAP-New-Pub-NEW-CPU-85%-#Alarm"" in Asia Pacific (Mumbai)",Closed,Not Violated,Critical - P1,Uptime Team,10-04-2026 19:57,2d 16h,FALSE
1152707,Alarm,AWS Notification Message,Closed,Not Violated,Medium - P3,Uptime Team,10-04-2026 20:00,2d 16h,FALSE
1152709,Alarm,AWS Notification Message,Closed,Not Violated,Medium - P3,Uptime Team,10-04-2026 20:00,2d 16h,FALSE
1152708,Alarm,AWS Notification Message,Closed,Not Violated,Medium - P3,Uptime Team,10-04-2026 20:00,2d 16h,FALSE
1152710,Alarm,"ALARM: ""Magpet-Prod-SAP-New-Pub-NEW-CPU-85%-#Alarm"" in Asia Pacific (Mumbai)",Closed,Not Violated,Critical - P1,Uptime Team,10-04-2026 20:02,2d 16h,FALSE
1152711,Alarm,"ALARM: ""RCB-Website-ALB-Prod-4XX-Alert"" in Asia Pacific (Mumbai)",Closed,Not Violated,Critical - P1,Uptime Team,10-04-2026 20:08,2d 16h,FALSE
1152712,Alarm,"ALARM: ""RCB-Website-RDS-DB-Connections-max3monthsconnections-#Alarm"" in Asia Pacific (Mumbai)",Closed,Not Violated,Critical - P1,DevOps Team,10-04-2026 20:19,2d 16h,FALSE
1152713,Alarm,"ALARM: ""RCB-Website-ALB-Prod-4XX-Alert"" in Asia Pacific (Mumbai)",Closed,Not Violated,Critical - P1,DevOps Team,10-04-2026 20:20,2d 16h,FALSE
1152714,Alarm,"ALARM: ""RCB-Website-Prod-ALB-%xx-Alert"" in Asia Pacific (Mumbai)",Closed,Not Violated,Critical - P1,DevOps Team,10-04-2026 20:21,2d 16h,FALSE
1152717,Client,Re: Staging API Gateway fix - https://servpay.retailershakti.com/authorization,Awaiting Customer Response,Not Violated,Medium - P3,Enterprise Windows Team,10-04-2026 20:26,2d 16h,FALSE
1152718,Alarm,"ALARM: ""HoiChoi-x-CWM-x-ProdRevAmp-hoichoi-aws-aps1-prod-ecs-hoichoi-th..."" in Asia Pacific (Mumbai)",Closed,Not Violated,Critical - P1,Uptime Team,10-04-2026 20:28,2d 16h,FALSE
1152719,Alarm,"ALARM: ""RCB-Website-ALB-Prod-4XX-Alert"" in Asia Pacific (Mumbai)",Closed,Not Violated,Critical - P1,Uptime Team,10-04-2026 20:30,2d 16h,FALSE
1152723,Alarm,"ALARM: ""RS-RDS-CPU-85% #Alarm"" in Asia Pacific (Mumbai)",Closed,Not Violated,Critical - P1,Uptime Team,10-04-2026 20:36,2d 15h,FALSE
1152726,Alarm,"ALARM: ""SS-RS-PROD-API-5-AP-1b-CPU-85%-#Alarm"" in Asia Pacific (Mumbai)",Closed,Not Violated,Critical - P1,Uptime Team,10-04-2026 20:42,2d 15h,FALSE
1152727,Alarm,"ALARM: ""SS-RS-PROD-API-6-AP-1b-CPU-85%-#Alarm"" in Asia Pacific (Mumbai)",Closed,Not Violated,Critical - P1,Uptime Team,10-04-2026 20:44,2d 15h,FALSE
1152729,Alarm,"ALARM: ""SS-RS-PROD-API-7-AP-1b-CPU-85%-#Alarm"" in Asia Pacific (Mumbai)",Closed,Not Violated,Critical - P1,Uptime Team,10-04-2026 20:46,2d 15h,FALSE
1152730,Alarm,"ALARM: ""flicktv-prod-valkey-cache-ElastiCacheProcessingUnits#Alarm"" in Asia Pacific (Mumbai)",Closed,Not Violated,Critical - P1,Uptime Team,10-04-2026 20:49,2d 15h,FALSE
1152731,Alarm,"ALARM: ""BDG-Metal-Prod-DB-1b-Disk(D:)-90%#Alarm"" in Asia Pacific (Mumbai)",Closed,Not Violated,-,Uptime Team,10-04-2026 20:50,2d 15h,FALSE
1152732,Alarm,"ALARM: ""SS-RS-PROD-API-6-AP-1b-CPU-85%-#Alarm"" in Asia Pacific (Mumbai)",Closed,Not Violated,Critical - P1,Uptime Team,10-04-2026 20:52,2d 15h,FALSE
1152733,Alarm,"ALARM: ""anxiprodb-instace-1-new-16-01-rds#DatabaseConnections"" in Asia Pacific (Sydney)",Closed,Not Violated,Critical - P1,Uptime Team,10-04-2026 20:54,2d 15h,FALSE
1152734,Alarm,"ALARM: ""SS-RS-PROD-API-6-AP-1b-CPU-85%-#Alarm"" in Asia Pacific (Mumbai)",Closed,Not Violated,Critical - P1,Uptime Team,10-04-2026 20:56,2d 15h,FALSE
1152735,Alarm,"ALARM: ""SoftwebGloster-Prod-App-1b-CPU-85%-#Alarm"" in Asia Pacific (Mumbai)",Closed,Not Violated,Critical - P1,Uptime Team,10-04-2026 20:56,2d 15h,FALSE
1152736,Alarm,"ALARM: ""SS-RS-PROD-API-5-AP-1b-CPU-85%-#Alarm"" in Asia Pacific (Mumbai)",Closed,Not Violated,Critical - P1,Uptime Team,10-04-2026 20:57,2d 15h,FALSE
1152737,Alarm,"ALARM: ""RS-SS-PROD-API-2-AP-1b-CPU-85%-#Alarm"" in Asia Pacific (Mumbai)",Closed,Not Violated,Critical - P1,Uptime Team,10-04-2026 20:57,2d 15h,FALSE
1152738,Alarm,"ALARM: ""SS-RS-PROD-API-7-AP-1b-CPU-85%-#Alarm"" in Asia Pacific (Mumbai)",Closed,Not Violated,Critical - P1,Uptime Team,10-04-2026 20:57,2d 15h,FALSE
1152741,Alarm,"ALARM: ""SoftwebGloster-Prod-App-1b-Memory-85%-#Alarm"" in Asia Pacific (Mumbai)",Closed,Not Violated,Critical - P1,Uptime Team,10-04-2026 20:58,2d 15h,FALSE
1152742,Client,Workmates-MSP360-Reports,Closed,Not Violated,Medium - P3,Uptime Team,10-04-2026 21:01,2d 15h,FALSE
1152743,Client,Workmates-MSP360-Reports,Closed,Not Violated,Medium - P3,Uptime Team,10-04-2026 21:01,2d 15h,FALSE
1152744,Client,Workmates-MSP360-Reports,Closed,Not Violated,Medium - P3,Enterprise Windows Team,10-04-2026 21:01,2d 15h,FALSE
1152746,Client,Workmates-MSP360-Reports,Closed,Not Violated,Medium - P3,Uptime Team,10-04-2026 21:01,2d 15h,FALSE
1152745,Alarm,"ALARM: ""anxiprodb-instace-1-new-16-01-rds#DatabaseConnections"" in Asia Pacific (Sydney)",Closed,Not Violated,Critical - P1,Uptime Team,10-04-2026 21:01,2d 15h,FALSE
1152747,Client,Workmates-MSP360-Reports,Closed,Not Violated,Medium - P3,Uptime Team,10-04-2026 21:03,2d 15h,FALSE
1152748,Client,Workmates-MSP360-Reports,Closed,Not Violated,Medium - P3,Uptime Team,10-04-2026 21:03,2d 15h,FALSE
1152749,Alarm,"ALARM: ""BB-APM-SyntheticMonitoring1-UAT-1b-CPU-95%-#Alarm#"" in Asia Pacific (Mumbai)",Closed,Not Violated,Critical - P1,Uptime Team,10-04-2026 21:04,2d 15h,FALSE
1152750,Client,Workmates-MSP360-Reports,Closed,Not Violated,Medium - P3,Uptime Team,10-04-2026 21:04,2d 15h,FALSE
1152751,Alarm,"ALARM: ""kfin-northernarc-prod-alb-tg-443-UnHealthyHostCount-#Alarm"" in Asia Pacific (Mumbai)",Closed,Not Violated,Critical - P1,Enterprise Windows Team,10-04-2026 21:11,2d 15h,FALSE
1152752,Client,Workmates-MSP360-Reports,Closed,Not Violated,Medium - P3,Uptime Team,10-04-2026 21:12,2d 15h,FALSE
1152753,Alarm,"ALARM: ""BDG-Metal-Prod-DB-1b-C.P.U-85%#Alarm"" in Asia Pacific (Mumbai)",Closed,Not Violated,-,Uptime Team,10-04-2026 21:13,2d 15h,FALSE
1152754,Client,Workmates-MSP360-Reports,Closed,Not Violated,Medium - P3,SMB Linux Team,10-04-2026 21:16,2d 15h,FALSE
1152755,Alarm,"ALARM: ""SoftwebGloster-Prod-App-1b-CPU-95%-#Alarm"" in Asia Pacific (Mumbai)",Closed,Not Violated,Critical - P1,Uptime Team,10-04-2026 21:16,2d 15h,FALSE
1152757,Alarm,"ALARM: ""Genupathlab-ITDOSE-DB-1b-FreeSpace-Disk(D)-15%-#Alarm"" in Asia Pacific (Mumbai)",Closed,Not Violated,Critical - P1,Uptime Team,10-04-2026 21:22,2d 15h,FALSE
1152758,Alarm,"ALARM: ""Genupathlab-ITDOSE-DB-1b-FreeSpace-Disk(D)-15%-#Alarm"" in Asia Pacific (Mumbai)",Closed,Not Violated,Critical - P1,Uptime Team,10-04-2026 21:22,2d 15h,FALSE
1152761,Alarm,Argus News is Down from multiple locations,Closed,Not Violated,-,Uptime Team,10-04-2026 21:24,2d 15h,FALSE
1152762,Alarm,Argus News is Up,Closed,Not Violated,-,Uptime Team,10-04-2026 21:25,2d 15h,FALSE
1152764,Alarm,"ALARM: ""ETEdge-TG-Etnowgbs-cdn-ENSA4TPDNYD15-5xxErrorRate-Alarm"" in US East (N. Virginia)",Closed,Not Violated,Critical - P1,Uptime Team,10-04-2026 21:27,2d 15h,FALSE
1152767,Alarm,"ALARM: ""Workmates-Prod-Website-1a-CPU-85%-#Alarm"" in Asia Pacific (Mumbai)",Closed,Not Violated,Critical - P1,Uptime Team,10-04-2026 21:31,2d 15h,FALSE
1152768,Alarm,"ALARM: ""Workmates-Prod-Website-1a-CPU-85%-#Alarm"" in Asia Pacific (Mumbai)",Closed,Not Violated,Critical - P1,Uptime Team,10-04-2026 21:32,2d 15h,FALSE
1152769,Alarm,Workmates Core2Cloud is Down from multiple locations,Closed,Not Violated,-,Uptime Team,10-04-2026 21:32,2d 15h,FALSE
1152770,Alarm,Workmates Core2Cloud is Up,Closed,Not Violated,-,Uptime Team,10-04-2026 21:33,2d 15h,FALSE
1152771,Alarm,"ALARM: ""Nanda Feeds-Prod-Tally-1b-Disk(E)-15%#Alarm"" in Asia Pacific (Mumbai)",Closed,Not Violated,Critical - P1,Uptime Team,10-04-2026 21:33,2d 14h,FALSE
1152773,Alarm,IKF Finance is Down from multiple locations,Closed,Not Violated,-,Uptime Team,10-04-2026 21:34,2d 14h,FALSE
1152774,Alarm,Argus News is Down from multiple locations,Closed,Not Violated,-,Uptime Team,10-04-2026 21:35,2d 14h,FALSE
1152775,Alarm,Argus News is Up,Closed,Not Violated,-,Uptime Team,10-04-2026 21:35,2d 14h,FALSE
1152776,Alarm,"ALARM: ""softweb-srishti-rds-oracle-21c-Memory-85% #Alarm"" in Asia Pacific (Mumbai)",Closed,Not Violated,Critical - P1,Uptime Team,10-04-2026 21:36,2d 14h,FALSE
1152778,Alarm,"ALARM: ""hoichoi-aws-aps1-prod-ecs-hoichoi-analytics_high_cpu_util_alarm"" in Asia Pacific (Mumbai)",Closed,Not Violated,Critical - P1,Uptime Team,10-04-2026 21:43,2d 14h,FALSE
1152779,Client,Workmates-MSP360-Reports,Closed,Not Violated,Medium - P3,SMB Linux Team,10-04-2026 21:45,2d 14h,FALSE
1152780,Alarm,"ALARM: ""Sampark-Spark Activity-Prod-Disk(Root)-85%#Alarm"" in Asia Pacific (Mumbai)",Closed,Not Violated,Critical - P1,Uptime Team,10-04-2026 21:46,2d 14h,FALSE
1152781,Alarm,"ALARM: ""ComfortLady-Prod-HanaDB-1b-Disk(/hana/shared)-85%-#Alarm"" in Asia Pacific (Mumbai)",Closed,Not Violated,Critical - P1,Uptime Team,10-04-2026 21:46,2d 14h,FALSE
1152782,Alarm,"ALARM: ""Cnergee-Prod-MYSQL-1b-Memory-95%(Critical)-#Alarm"" in Asia Pacific (Mumbai)",Closed,Not Violated,-,Uptime Team,10-04-2026 21:46,2d 14h,FALSE
1152783,Alarm,"ALARM: ""Sampark-Spark Activity-Prod-Disk(Root)-85%#Alarm"" in Asia Pacific (Mumbai)",Closed,Not Violated,Critical - P1,Uptime Team,10-04-2026 21:55,2d 14h,FALSE
1152785,Alarm,"ALARM: ""hoichoi-aws-aps1-prod-ecs-hoichoi-analytics_high_cpu_util_alarm"" in Asia Pacific (Mumbai)",Closed,Not Violated,Critical - P1,Uptime Team,10-04-2026 21:58,2d 14h,FALSE
1152787,Alarm,RICB is Down from multiple locations,Closed,Not Violated,-,Uptime Team,10-04-2026 22:02,2d 14h,FALSE
1152788,Alarm,"ALARM: ""Argus-News-Prod-EKS-k8s-ingressn-ingressn-d30586a266-TG-Unhealt..."" in Asia Pacific (Mumbai)",Closed,Not Violated,Critical - P1,Uptime Team,10-04-2026 22:02,2d 14h,FALSE
1152789,Alarm,"ALARM: ""Argus-News-Prod-EKS-k8s-ingressn-ingressn-b3e2cff390-TG-Unhealt..."" in Asia Pacific (Mumbai)",Closed,Not Violated,Critical - P1,Uptime Team,10-04-2026 22:02,2d 14h,FALSE
1152790,Alarm,"ALARM: ""Argus-News-Prod-EKS-k8s-ingressn-ingressn-e5b1e8ac50-TG-Unhealt..."" in Asia Pacific (Mumbai)",Closed,Not Violated,Critical - P1,Uptime Team,10-04-2026 22:03,2d 14h,FALSE
1152791,Alarm,Lux Industries | https://luxind.in/login is Down from multiple locations,Closed,Not Violated,-,Uptime Team,10-04-2026 22:03,2d 14h,FALSE
1152792,Client,Workmates-MSP360-Reports,Closed,Not Violated,Medium - P3,Uptime Team,10-04-2026 22:04,2d 14h,FALSE
1152793,Alarm,"ALARM: ""SoftwebGloster-Prod-App-1b-CPU-85%-#Alarm"" in Asia Pacific (Mumbai)",Closed,Not Violated,Critical - P1,Uptime Team,10-04-2026 22:05,2d 14h,FALSE
1152796,Alarm,"ALARM: ""AFPL-Gold-Loan-Prod-DB-Mem-85%-#Alarm"" in Asia Pacific (Mumbai)",Closed,Not Violated,Critical - P1,Uptime Team,10-04-2026 22:07,2d 14h,FALSE
1152797,Alarm,"ALARM: ""AFPL-Gold-Loan-Prod-DB-Mem-85%-#Alarm"" in Asia Pacific (Mumbai)",Closed,Not Violated,Critical - P1,Uptime Team,10-04-2026 22:11,2d 14h,FALSE
1152798,Alarm,"ALARM: ""hoichoi-aws-aps1-prod-ecs-hoichoi-analytics_high_cpu_util_alarm"" in Asia Pacific (Mumbai)",Closed,Not Violated,Critical - P1,Uptime Team,10-04-2026 22:13,2d 14h,FALSE
1152799,Alarm,"ALARM: ""Sampark-Spark Activity-Prod-Disk(Root)-85%#Alarm"" in Asia Pacific (Mumbai)",Closed,Not Violated,Critical - P1,Uptime Team,10-04-2026 22:14,2d 14h,FALSE
1152800,Alarm,"ALARM: ""hoichoi-aws-aps1-prod-ecs-hoichoi-identity_high_cpu_util_alarm"" in Asia Pacific (Mumbai)",Closed,Not Violated,Critical - P1,Uptime Team,10-04-2026 22:18,2d 14h,FALSE
1152801,Alarm,"ALARM: ""hoichoi-aws-aps1-prod-ecs-hoichoi-backend_high_cpu_util_alarm"" in Asia Pacific (Mumbai)",Closed,Not Violated,Critical - P1,Uptime Team,10-04-2026 22:20,2d 14h,FALSE
1152802,Alarm,"ALARM: ""HoiChoi-x-CWM-x-ProdRevAmp-hoichoi-aws-aps1-prod-ecs-hoichoi-th..."" in Asia Pacific (Mumbai)",Closed,Not Violated,Critical - P1,Uptime Team,10-04-2026 22:22,2d 14h,FALSE
1152803,Client,Workmates Backup - No successful backups reminder,Internal Dependency,Not Violated,Medium - P3,Uptime Team,10-04-2026 22:23,2d 14h,FALSE
1152804,Alarm,"ALARM: ""Sampark-Spark Activity-Prod-Disk(Root)-85%#Alarm"" in Asia Pacific (Mumbai)",Awaiting Customer Response,Not Violated,Critical - P1,Uptime Team,10-04-2026 22:25,2d 14h,FALSE
1152805,Alarm,"ALARM: ""CTVN-Prod-DB-1b-CPU-85%-#Alarm"" in Asia Pacific (Mumbai)",Closed,Not Violated,Critical - P1,Uptime Team,10-04-2026 22:27,2d 14h,FALSE
1152806,Alarm,"ALARM: ""CTVN-Prod-DB-1b-CPU-95%-#Alarm"" in Asia Pacific (Mumbai)",Closed,Not Violated,Critical - P1,Uptime Team,10-04-2026 22:27,2d 14h,FALSE
1152808,Alarm,"ALARM: ""RCB-Website-ALB-Prod-4XX-Alert"" in Asia Pacific (Mumbai)",Closed,Not Violated,Critical - P1,DevOps Team,10-04-2026 22:36,2d 13h,FALSE
1152809,Alarm,"Important notice about your AWS Account regarding VPN connections [AWS Account: 415348423851, VPN Connection: vpn-0bb4289c5c2df6883, Tunnel Outside IP: 3.108.45.67]",Closed,Not Violated,Medium - P3,Uptime Team,10-04-2026 22:40,2d 13h,FALSE
1152810,Alarm,"ALARM: ""Shrachi-Mediapackage-SSENSRT1-EgressResponseTime-#Alarm"" in Asia Pacific (Mumbai)",Closed,Not Violated,Critical - P1,Uptime Team,10-04-2026 22:41,2d 13h,FALSE
1152811,Alarm,"ALARM: ""Kims-Hospital-Prod-Web-Server-1b-CPUUtilization-85% #Alarm"" in Asia Pacific (Mumbai)",Closed,Not Violated,-,Uptime Team,10-04-2026 22:42,2d 13h,FALSE
1152812,Alarm,"ALARM: ""stream1.ssen.co-4xx-error-#Alarm"" in US East (N. Virginia)",Closed,Not Violated,Critical - P1,Uptime Team,10-04-2026 22:44,2d 13h,FALSE
1152813,Alarm,Argus News is Down from multiple locations,Closed,Not Violated,-,Uptime Team,10-04-2026 22:51,2d 13h,FALSE
1152814,Alarm,Argus News is Up,Closed,Not Violated,-,Uptime Team,10-04-2026 22:55,2d 13h,FALSE
1152815,Alarm,Celex(GET) is Down from multiple locations,Closed,Not Violated,-,Uptime Team,10-04-2026 23:00,2d 13h,FALSE
1152816,Alarm,celex(GET) is Down from multiple locations,Closed,Not Violated,-,Uptime Team,10-04-2026 23:01,2d 13h,FALSE
1152817,Alarm,Celex is Down from multiple locations,Closed,Not Violated,-,Uptime Team,10-04-2026 23:01,2d 13h,FALSE
1152818,Alarm,Celex(POST) is Down from multiple locations,Closed,Not Violated,-,Uptime Team,10-04-2026 23:01,2d 13h,FALSE
1152819,Alarm,Celex(GET) is Down from multiple locations,Closed,Not Violated,-,Uptime Team,10-04-2026 23:01,2d 13h,FALSE
1152820,Alarm,Argus News is Down from multiple locations,Closed,Not Violated,-,Uptime Team,10-04-2026 23:01,2d 13h,FALSE
1152821,Alarm,Celex is Down from multiple locations,Closed,Not Violated,-,Uptime Team,10-04-2026 23:01,2d 13h,FALSE
1152822,Alarm,Celex(GET) is Up,Closed,Not Violated,-,Uptime Team,10-04-2026 23:02,2d 13h,FALSE
1152823,Alarm,celex(GET) is Up,Closed,Not Violated,-,Uptime Team,10-04-2026 23:02,2d 13h,FALSE
1152825,Alarm,Celex is Up,Closed,Not Violated,-,Uptime Team,10-04-2026 23:02,2d 13h,FALSE
1152824,Alarm,Celex(GET) is Up,Closed,Not Violated,-,Uptime Team,10-04-2026 23:02,2d 13h,FALSE
1152826,Alarm,Argus News is Up,Closed,Not Violated,-,Uptime Team,10-04-2026 23:02,2d 13h,FALSE
1152828,Alarm,Celex is Up,Closed,Not Violated,-,Uptime Team,10-04-2026 23:02,2d 13h,FALSE
1152827,Alarm,Lux Industries | https://luxindustries.co.in/luxadtracker/login is Down from multiple locations,Closed,Not Violated,-,Uptime Team,10-04-2026 23:02,2d 13h,FALSE
1152829,Alarm,Celex(POST) is Up,Closed,Not Violated,-,Uptime Team,10-04-2026 23:02,2d 13h,FALSE
1152830,Client,SH-ES-NS-10-04-2026,Closed,Not Violated,High - P2,-,10-04-2026 23:03,2d 13h,FALSE
1152831,Alarm,Lux Industries | https://luxdms.in/promoClaims/Login is Down from multiple locations,Closed,Not Violated,-,Uptime Team,10-04-2026 23:04,2d 13h,FALSE
1152833,Alarm,"ALARM: ""Lux-Industries-Dev-ALB-(Prod)-UBQ-TG-80-UnHealthyHostCount-#Alarm"" in Asia Pacific (Mumbai)",Closed,Not Violated,Critical - P1,Uptime Team,10-04-2026 23:07,2d 13h,FALSE
1152834,Alarm,"ALARM: ""kims-app-db2-CPU-85%-#Alarm"" in Asia Pacific (Hyderabad)",Closed,Not Violated,Critical - P1,Uptime Team,10-04-2026 23:08,2d 13h,FALSE
1152835,Alarm,"ALARM: ""AFPL-Prod-Seceon-CCE-Pub-1b-Memory-85%-#Alarms"" in Asia Pacific (Mumbai)",Closed,Not Violated,-,Uptime Team,10-04-2026 23:12,2d 13h,FALSE
1152837,Alarm,"ALARM: ""IWMBUZZ-PROD-DB-MYSQL-MASTER-CPU-85%-#Alarm"" in Asia Pacific (Mumbai)",Closed,Not Violated,Critical - P1,Uptime Team,10-04-2026 23:27,2d 13h,FALSE
1152840,Alarm,"ALARM: ""IWMBUZZ-PROD-DB-MYSQL-MASTER-CPU-85%-#Alarm"" in Asia Pacific (Mumbai)",Closed,Not Violated,Critical - P1,Uptime Team,10-04-2026 23:31,2d 13h,FALSE
1152842,Alarm,"ALARM: ""softweb-srishti-rds-oracle-21c-Memory-85% #Alarm"" in Asia Pacific (Mumbai)",Closed,Not Violated,Critical - P1,Uptime Team,10-04-2026 23:32,2d 13h,FALSE
1152843,Alarm,"ALARM: ""HoiChoi-x-CWM-x-ProdRevAmp-hoichoi-aws-aps1-prod-ecs-hoichoi-th..."" in Asia Pacific (Mumbai)",Closed,Not Violated,Critical - P1,Uptime Team,10-04-2026 23:35,2d 12h,FALSE
1152848,Alarm,"ALARM: ""IKF-FInance-OMNI-APP-Pvt-1a-Disk(C)-85%-#Alarm"" in Asia Pacific (Mumbai)",Closed,Not Violated,Critical - P1,Uptime Team,10-04-2026 23:38,2d 12h,FALSE
1152849,Alarm,Support Elders is Down from multiple locations,Closed,Not Violated,-,Uptime Team,10-04-2026 23:40,2d 12h,FALSE
1152850,Alarm,Supportelders is Down from multiple locations,Closed,Not Violated,-,Uptime Team,10-04-2026 23:42,2d 12h,FALSE
1152851,Alarm,Support Elders is Up,Closed,Not Violated,-,Uptime Team,10-04-2026 23:43,2d 12h,FALSE
1152852,Alarm,Supportelders is Up,Closed,Not Violated,-,Uptime Team,10-04-2026 23:45,2d 12h,FALSE
1152854,Alarm,"ALARM: ""CTVN-Prod-DB-1b-CPU-85%-#Alarm"" in Asia Pacific (Mumbai)",Closed,Not Violated,Critical - P1,Uptime Team,10-04-2026 23:47,2d 12h,FALSE
1152855,Alarm,"ALARM: ""CTVN-Prod-DB-1b-CPU-95%-#Alarm"" in Asia Pacific (Mumbai)",Closed,Not Violated,Critical - P1,Uptime Team,10-04-2026 23:47,2d 12h,FALSE
1152858,Alarm,"ALARM: ""Kims-Hospital-KSRVDMSPRD-Server-2b-Disk(/sapdb)-85%-#Alarm"" in Asia Pacific (Hyderabad)",Closed,Not Violated,-,Uptime Team,10-04-2026 23:50,2d 12h,FALSE
1152860,Alarm,"ALARM: ""S4-Prod-HDB-N2-New-Disk-/hana/data-85%#ALARM"" in Asia Pacific (Mumbai)",Waiting On Third Party,Not Violated,Critical - P1,Enterprise Linux Team,10-04-2026 23:53,2d 12h,FALSE
1152862,Alarm,Bankify 7pay is Down from multiple locations,Closed,Not Violated,-,Uptime Team,10-04-2026 23:55,2d 12h,FALSE
1152863,Alarm,Bankify 7pay is Down from multiple locations,Closed,Not Violated,-,Uptime Team,10-04-2026 23:55,2d 12h,FALSE
1152864,Alarm,Bankify 7pay is Up,Closed,Not Violated,-,Uptime Team,10-04-2026 23:56,2d 12h,FALSE
1152865,Alarm,"ALARM: ""BB-OTxT-DRA-UAT-1b-CPU-85%-#Alarm"" in Asia Pacific (Mumbai)",Closed,Not Violated,Critical - P1,Uptime Team,10-04-2026 23:57,2d 12h,FALSE
1152866,Alarm,Bankify is Down from multiple locations,Closed,Not Violated,-,Uptime Team,10-04-2026 23:57,2d 12h,FALSE
1152867,Client,[ALERT] [resolved] Bankify-PodRestart - Namespace: prod-app - Resource: Pod: od-scheduler-57b85c4957-vcs49 ,Closed,Not Violated,Medium - P3,Uptime Team,10-04-2026 23:57,2d 12h,FALSE
1152869,Alarm,"ALARM: ""Shrachi-Mediapackage-SSENSRT1-EgressResponseTime-#Alarm"" in Asia Pacific (Mumbai)",Closed,Not Violated,Critical - P1,Uptime Team,10-04-2026 23:59,2d 12h,FALSE
1152870,Alarm,"ALARM: ""hoichoi-aws-aps1-prod-ecs-hoichoi-analytics_high_cpu_util_alarm"" in Asia Pacific (Mumbai)",Closed,Not Violated,Critical - P1,Uptime Team,10-04-2026 23:59,2d 12h,FALSE
1152871,Alarm,Bankify is Down from multiple locations,Closed,Not Violated,-,Uptime Team,10-04-2026 23:59,2d 12h,FALSE
1152873,Alarm,Bankify is Down from multiple locations,Closed,Not Violated,-,Uptime Team,10-04-2026 23:59,2d 12h,FALSE
1152872,Alarm,Bankify is Down from multiple locations,Closed,Not Violated,-,Uptime Team,10-04-2026 23:59,2d 12h,FALSE
1152875,Client,You’re invited: What’s Next with AWS,Closed,Not Violated,Medium - P3,Uptime Team,11-04-2026 00:00,2d 12h,FALSE
1152876,Alarm,"ALARM: ""Lighthouse-Saasify-Prod-Cent0s-Oracle-DB-1b-CPU-85%-#Alarm"" in Asia Pacific (Mumbai)",Closed,Not Violated,Critical - P1,Uptime Team,11-04-2026 00:01,2d 12h,FALSE
1152878,Alarm,"ALARM: ""stream1.ssen.co-4xx-error-#Alarm"" in US East (N. Virginia)",Closed,Not Violated,Critical - P1,Uptime Team,11-04-2026 00:02,2d 12h,FALSE
1152879,Alarm,"ALARM: ""Support Elders-Prod-Web-1a-CPU-85%-#Alarm"" in Asia Pacific (Mumbai)",Closed,Not Violated,Critical - P1,Uptime Team,11-04-2026 00:02,2d 12h,FALSE
1152880,Alarm,Arundhati Jewellers is Down from multiple locations,Closed,Not Violated,-,Uptime Team,11-04-2026 00:04,2d 12h,FALSE
1152882,Alarm,Arundhati Jewellers is Down from multiple locations,Closed,Not Violated,-,Uptime Team,11-04-2026 00:04,2d 12h,FALSE
1152883,Alarm,"ALARM: ""Bazoki-Prod-DB-1b-CPU-85%-#Alarm"" in Asia Pacific (Mumbai)",Closed,Not Violated,Critical - P1,Uptime Team,11-04-2026 00:06,2d 12h,FALSE
1152884,Alarm,"ALARM: ""AnnapurnaPay-Prod-pvt-Jenkins-Server-CPU-85%-#Alarm"" in Asia Pacific (Mumbai)",Closed,Not Violated,Critical - P1,Uptime Team,11-04-2026 00:06,2d 12h,FALSE
1152885,Alarm,"ALARM: ""kfinpwm-narc-prod-rds-CPU-85%-#Alarm"" in Asia Pacific (Mumbai)",Closed,Not Violated,Critical - P1,Uptime Team,11-04-2026 00:06,2d 12h,FALSE
1152886,Alarm,"ALARM: ""kfinpwm-narc-prod-rds-CPU-85%-#Alarm"" in Asia Pacific (Mumbai)",Closed,Not Violated,Critical - P1,Uptime Team,11-04-2026 00:06,2d 12h,FALSE
1152887,Alarm,"ALARM: ""AnnapurnaPay-Prod-pvt-Jenkins-Server-CPU-85%-#Alarm"" in Asia Pacific (Mumbai)",Closed,Not Violated,Critical - P1,Uptime Team,11-04-2026 00:06,2d 12h,FALSE
1152889,Alarm,"ALARM: ""AnnapurnaPay-Prod-pvt-Jenkins-Server-CPU-95%-#Alarm"" in Asia Pacific (Mumbai)",Closed,Not Violated,-,Uptime Team,11-04-2026 00:07,2d 12h,FALSE
1152890,Alarm,"ALARM: ""AnnapurnaPay-Prod-pvt-Jenkins-Server-CPU-95%-#Alarm"" in Asia Pacific (Mumbai)",Closed,Not Violated,-,Uptime Team,11-04-2026 00:07,2d 12h,FALSE
1152891,Alarm,Bankify 7pay is Down from multiple locations,Closed,Not Violated,-,Uptime Team,11-04-2026 00:08,2d 12h,FALSE
1152892,Alarm,Bankify is Down from multiple locations,Closed,Not Violated,-,Uptime Team,11-04-2026 00:10,2d 12h,FALSE
1152893,Alarm,Bankify 7pay is Down from multiple locations,Closed,Not Violated,-,Uptime Team,11-04-2026 00:10,2d 12h,FALSE
1152894,Alarm,Bankify 7pay is Down from multiple locations,Closed,Not Violated,-,Uptime Team,11-04-2026 00:10,2d 12h,FALSE
1152895,Alarm,"ALARM: ""Support Elders-Prod-Web-1a-CPU-85%-#Alarm"" in Asia Pacific (Mumbai)",Closed,Not Violated,Critical - P1,Uptime Team,11-04-2026 00:11,2d 12h,FALSE
1152897,Alarm,"ALARM: ""hoichoi-aws-aps1-prod-ecs-hoichoi-analytics_high_cpu_util_alarm"" in Asia Pacific (Mumbai)",Closed,Not Violated,Critical - P1,Uptime Team,11-04-2026 00:15,2d 12h,FALSE
1152898,Client,Workmates Backup - No successful backups reminder,Closed,Response Violation,Medium - P3,Enterprise Windows Team,11-04-2026 00:23,2d 12h,TRUE
1152899,Alarm,Jayam-Solutions(ELF) is Up,Closed,Not Violated,-,Uptime Team,11-04-2026 00:23,2d 12h,FALSE
1152900,Alarm,"ALARM: ""MSP-Steel-KJR-Secondary-VpnConnection-Tunnel1#Alarm"" in Asia Pacific (Mumbai)",Closed,Not Violated,Critical - P1,Uptime Team,11-04-2026 00:24,2d 12h,FALSE
1152902,Alarm,"ALARM: ""hoichoi-aws-aps1-prod-ecs-hoichoi-analytics_high_cpu_util_alarm"" in Asia Pacific (Mumbai)",Closed,Not Violated,Critical - P1,Uptime Team,11-04-2026 00:27,2d 12h,FALSE
1152904,Alarm,"Important notice about your AWS Account regarding VPN connections [AWS Account: 295216128092, VPN Connection: vpn-0f3bbb74b99a4f12d, Tunnel Outside IP: 13.126.96.114]",Closed,Not Violated,Medium - P3,Uptime Team,11-04-2026 00:30,2d 12h,FALSE
1152906,Alarm,"ALARM: ""softweb-srishti-rds-oracle-21c-Memory-85% #Alarm"" in Asia Pacific (Mumbai)",Closed,Not Violated,Critical - P1,Uptime Team,11-04-2026 00:30,2d 12h,FALSE
1152911,Alarm,"ALARM: ""HoiChoi-x-CWM-x-ProdRevAmp-hoichoi-aws-aps1-prod-ecs-hoichoi-th..."" in Asia Pacific (Mumbai)",Closed,Not Violated,Critical - P1,Uptime Team,11-04-2026 00:45,2d 11h,FALSE
1152912,Alarm,"ALARM: ""IWMBUZZ-PROD-WPS-ADMIN-Memory-85%-#Alarm"" in Asia Pacific (Mumbai)",Closed,Not Violated,Critical - P1,Uptime Team,11-04-2026 00:46,2d 11h,FALSE
1152913,Alarm,"ALARM: ""CTVN-Prod-DB-1b-CPU-85%-#Alarm"" in Asia Pacific (Mumbai)",Closed,Not Violated,Critical - P1,Uptime Team,11-04-2026 00:52,2d 11h,FALSE
1152914,Alarm,Jayam-Solutions(ELF) is Down from multiple locations,Closed,Not Violated,-,Uptime Team,11-04-2026 00:54,2d 11h,FALSE
1152915,Alarm,"ALARM: ""hoichoi-aws-aps1-prod-ecs-hoichoi-analytics_high_cpu_util_alarm"" in Asia Pacific (Mumbai)",Closed,Not Violated,Critical - P1,Uptime Team,11-04-2026 00:59,2d 11h,FALSE
1152916,Alarm,Bankify is Down from multiple locations,Closed,Not Violated,-,Uptime Team,11-04-2026 01:01,2d 11h,FALSE
1152917,Alarm,Bankify 7pay is Down from multiple locations,Closed,Not Violated,-,Uptime Team,11-04-2026 01:03,2d 11h,FALSE
1152918,Alarm,"ALARM: ""softweb-srishti-rds-oracle-21c-Memory-85% #Alarm"" in Asia Pacific (Mumbai)",Closed,Not Violated,Critical - P1,Uptime Team,11-04-2026 01:03,2d 11h,FALSE
1152919,Alarm,"Important notice about your AWS Account regarding VPN connections [AWS Account: 796973495311, VPN Connection: vpn-0210f168a828750f8, Tunnel Outside IP: 43.205.166.104]",Closed,Not Violated,Medium - P3,Uptime Team,11-04-2026 01:04,2d 11h,FALSE
1152920,Alarm,"ALARM: ""ETEdge-TG-Etnowgbs-cdn-ENSA4TPDNYD15-5xxErrorRate-Alarm"" in US East (N. Virginia)",Closed,Not Violated,Critical - P1,Uptime Team,11-04-2026 01:05,2d 11h,FALSE
1152921,Alarm,"ALARM: ""IWMBUZZ-PROD-WPS-ADMIN-Memory-85%-#Alarm"" in Asia Pacific (Mumbai)",Closed,Not Violated,Critical - P1,Uptime Team,11-04-2026 01:07,2d 11h,FALSE
1152922,Alarm,"ALARM: ""Innovel-Tally-Sarala-server-Pub-1b-CPU-85%-#Alarm"" in Asia Pacific (Mumbai)",Closed,Not Violated,-,Uptime Team,11-04-2026 01:07,2d 11h,FALSE
1152923,Alarm,"Important notice about your AWS Account regarding VPN connections [AWS Account: 415348423851, VPN Connection: vpn-0a9817542eb6701d7, Tunnel Outside IP: 3.6.163.77]",Closed,Not Violated,Medium - P3,Uptime Team,11-04-2026 01:10,2d 11h,FALSE
1152924,Alarm,"ALARM: ""PragatiMilk-S4HANA-Prod-DB-1b-Memory-85%-#Alarm"" in Asia Pacific (Mumbai)",Closed,Not Violated,Critical - P1,Uptime Team,11-04-2026 01:10,2d 11h,FALSE
1152925,Alarm,"ALARM: ""JayamSolution-Prod-DB-1b-DiskD: -85%-Alarm"" in Asia Pacific (Mumbai)",Awaiting Customer Response,Not Violated,-,SMB Windows Team,11-04-2026 01:11,2d 11h,FALSE
1152926,Alarm,"ALARM: ""IWMBUZZ-PROD-WPS-ADMIN-Memory-85%-#Alarm"" in Asia Pacific (Mumbai)",Closed,Not Violated,Critical - P1,Uptime Team,11-04-2026 01:17,2d 11h,FALSE
1152927,Alarm,"ALARM: ""CTVN-Prod-DB-1b-CPU-85%-#Alarm"" in Asia Pacific (Mumbai)",Closed,Not Violated,Critical - P1,Uptime Team,11-04-2026 01:17,2d 11h,FALSE
1152928,Alarm,"ALARM: ""KhimjiJwellers-Prod-server2-App-1b-CPU-85%-#Alarm"" in Asia Pacific (Mumbai)",Closed,Not Violated,Critical - P1,Uptime Team,11-04-2026 01:17,2d 11h,FALSE
1152929,Alarm,"ALARM: ""Eleve-Diamonds-REPORTING-PROD-CPU-85%-#ALARM"" in Asia Pacific (Mumbai)",Closed,Not Violated,Critical - P1,Uptime Team,11-04-2026 01:17,2d 11h,FALSE
1152930,Alarm,"ALARM: ""softweb-srishti-rds-oracle-21c-Memory-85% #Alarm"" in Asia Pacific (Mumbai)",Closed,Not Violated,Critical - P1,Uptime Team,11-04-2026 01:17,2d 11h,FALSE
1152931,Alarm,"ALARM: ""KhimjiJwellers-Prod-App-1b-CPU-85%-#Alarm"" in Asia Pacific (Mumbai)",Closed,Not Violated,Critical - P1,Uptime Team,11-04-2026 01:17,2d 11h,FALSE
1152932,Alarm,"ALARM: ""Lalchand-Jewellers-App1-Prod-1b-CPU-85%-#ALARM"" in Asia Pacific (Mumbai)",Closed,Not Violated,Critical - P1,Uptime Team,11-04-2026 01:17,2d 11h,FALSE
1152933,Alarm,"ALARM: ""Samriddhi-Jewellers-ERP-CPU-85%-#ALARM"" in Asia Pacific (Mumbai)",Closed,Not Violated,Critical - P1,Uptime Team,11-04-2026 01:18,2d 11h,FALSE
1152934,Alarm,"ALARM: ""Lalchand-Jewellers-ALB-TG-8443-UnhealthyHostCount-#ALARM"" in Asia Pacific (Mumbai)",Closed,Not Violated,Critical - P1,Uptime Team,11-04-2026 01:18,2d 11h,FALSE
1152935,Alarm,Khimji is Down from multiple locations,Closed,Not Violated,-,Uptime Team,11-04-2026 01:19,2d 11h,FALSE
1152936,Alarm,Khimji is Up,Closed,Not Violated,-,Uptime Team,11-04-2026 01:19,2d 11h,FALSE
1152937,Alarm,"ALARM: ""softweb-srishti-rds-oracle-21c-Memory-85% #Alarm"" in Asia Pacific (Mumbai)",Closed,Not Violated,Critical - P1,Uptime Team,11-04-2026 01:21,2d 11h,FALSE
1152938,Alarm,"ALARM: ""kfinpwm-narc-prod-rds-FreeStorageSpace-15%-#Alarm"" in Asia Pacific (Mumbai)",Closed,Not Violated,Critical - P1,Uptime Team,11-04-2026 01:27,2d 11h,FALSE
1152939,Alarm,"ALARM: ""kfinpwm-narc-prod-rds-FreeStorageSpace-15%-#Alarm"" in Asia Pacific (Mumbai)",Closed,Not Violated,Critical - P1,Uptime Team,11-04-2026 01:27,2d 11h,FALSE
1152940,Alarm,"ALARM: ""HoiChoi-x-CWM-x-ProdRevAmp-hoichoi-aws-aps1-prod-ecs-hoichoi-th..."" in Asia Pacific (Mumbai)",Closed,Not Violated,Critical - P1,Uptime Team,11-04-2026 01:28,2d 11h,FALSE
1152941,Alarm,Argus News is Down from multiple locations,Closed,Not Violated,-,Uptime Team,11-04-2026 01:29,2d 11h,FALSE
1152942,Alarm,Argus News is Up,Closed,Not Violated,-,Uptime Team,11-04-2026 01:29,2d 11h,FALSE
1152943,Alarm,"ALARM: ""IWMBUZZ-PROD-WPS-ADMIN-Memory-85%-#Alarm"" in Asia Pacific (Mumbai)",Closed,Not Violated,Critical - P1,Uptime Team,11-04-2026 01:35,2d 10h,FALSE
1152945,Alarm,"ALARM: ""GangesJute-Prod-DB-1b-CPU-85%-#Alarm"" in Asia Pacific (Mumbai)",Closed,Not Violated,Critical - P1,Uptime Team,11-04-2026 01:36,2d 10h,FALSE
1152946,Alarm,"ALARM: ""MidFin(CSA)-Prod-DB-1a_Root-Disk>=85%_#Alarm"" in Asia Pacific (Mumbai)",Closed,Not Violated,Critical - P1,Uptime Team,11-04-2026 01:38,2d 10h,FALSE
1152947,Alarm,"ALARM: ""Verma-Jewellers-Prod-DB-1b-Memory-85%-#ALARM"" in Asia Pacific (Mumbai)",Closed,Not Violated,Critical - P1,Uptime Team,11-04-2026 01:46,2d 10h,FALSE
1152948,Alarm,"ALARM: ""softweb-srishti-rds-oracle-21c-Memory-85% #Alarm"" in Asia Pacific (Mumbai)",Closed,Not Violated,Critical - P1,Uptime Team,11-04-2026 01:49,2d 10h,FALSE
1152950,Client,Workmates Backup - No successful backups reminder,Closed,Not Violated,Medium - P3,SMB Linux Team,11-04-2026 01:53,2d 10h,FALSE
1152951,Alarm,Argus News is Down from multiple locations,Closed,Not Violated,-,Uptime Team,11-04-2026 01:54,2d 10h,FALSE
1152952,Alarm,Argus News is Up,Closed,Not Violated,-,Uptime Team,11-04-2026 01:55,2d 10h,FALSE
1152954,Alarm,"ALARM: ""Lighthouse-Saasify-Prod-Cent0s-Oracle-DB-1b-CPU-85%-#Alarm"" in Asia Pacific (Mumbai)",Closed,Not Violated,Critical - P1,Uptime Team,11-04-2026 02:01,2d 10h,FALSE
1152955,Alarm,Khimji is Down from multiple locations,Closed,Not Violated,-,Uptime Team,11-04-2026 02:04,2d 10h,FALSE
1152956,Alarm,Khimji is Down from multiple locations,Closed,Not Violated,-,Uptime Team,11-04-2026 02:04,2d 10h,FALSE
1152957,Alarm,Khimji is Down from multiple locations,Closed,Not Violated,-,Uptime Team,11-04-2026 02:04,2d 10h,FALSE
1152962,Alarm,"ALARM: ""SriAlankar-Jwellers-App2-1b-CPU-85%-#Alarm"" in Asia Pacific (Mumbai)",Closed,Not Violated,Critical - P1,Uptime Team,11-04-2026 02:18,2d 10h,FALSE
1152963,Alarm,"ALARM: ""Kims-Hospital-Prod-Web-Server-1b-CPUUtilization-85% #Alarm"" in Asia Pacific (Mumbai)",Closed,Not Violated,-,Uptime Team,11-04-2026 02:19,2d 10h,FALSE
1152964,Alarm,"ALARM: ""HiraPanna-Prod-DB-1b-Memory-85%-#Alarm"" in Asia Pacific (Mumbai)",Closed,Not Violated,Critical - P1,Uptime Team,11-04-2026 02:20,2d 10h,FALSE
1152965,Alarm,Khimji is Up,Closed,Not Violated,-,Uptime Team,11-04-2026 02:25,2d 10h,FALSE
1152966,Alarm,Khimji is Up,Closed,Not Violated,-,Uptime Team,11-04-2026 02:25,2d 10h,FALSE
1152967,Alarm,Khimji is Up,Closed,Not Violated,-,Uptime Team,11-04-2026 02:25,2d 10h,FALSE
1152970,Alarm,"ALARM: ""softweb-srishti-rds-oracle-21c-Memory-85% #Alarm"" in Asia Pacific (Mumbai)",Closed,Not Violated,Critical - P1,Uptime Team,11-04-2026 02:33,2d 9h,FALSE
1152971,Alarm,"ALARM: ""AMPL-eFIMO-Prod-RDB-1b-Disk(D)-85%-#Alarm"" in Asia Pacific (Mumbai)",Closed,Not Violated,-,Uptime Team,11-04-2026 02:33,2d 9h,FALSE
1152972,Alarm,"ALARM: ""Verma-Jewellers-Prod-DB-1b-Memory-85%-#ALARM"" in Asia Pacific (Mumbai)",Closed,Not Violated,Critical - P1,Uptime Team,11-04-2026 02:34,2d 9h,FALSE
1152973,Alarm,"ALARM: ""Verma-Jewellers-Prod-DB-1b-Memory-95%-#ALARM"" in Asia Pacific (Mumbai)",Closed,Not Violated,Critical - P1,Uptime Team,11-04-2026 02:35,2d 9h,FALSE
1152979,Alarm,[Action Required] AWS SSM Run Command end of support for ec2messages - SSM Agent update required [AWS Account: 230298727861] [AP-SOUTH-1],Internal Dependency,Not Violated,Medium - P3,SMB Windows Team,11-04-2026 02:44,2d 9h,FALSE
1152980,Alarm,"ALARM: ""softweb-srishti-rds-oracle-21c-Memory-85% #Alarm"" in Asia Pacific (Mumbai)",Closed,Not Violated,Critical - P1,Uptime Team,11-04-2026 02:46,2d 9h,FALSE
1152981,Alarm,"ALARM: ""KFIN-AIF-Hex-UAT-1a-Memory-85%-#Alarm"" in Asia Pacific (Mumbai)",Closed,Not Violated,Critical - P1,Uptime Team,11-04-2026 02:50,2d 9h,FALSE
1152983,Alarm,Argus News is Down from multiple locations,Closed,Not Violated,-,Uptime Team,11-04-2026 02:55,2d 9h,FALSE
1152984,Alarm,Argus News is Up,Closed,Not Violated,-,Uptime Team,11-04-2026 02:56,2d 9h,FALSE
1152985,Alarm,"ALARM: ""ETEdge-TG-Etnowgbs-cdn-ENSA4TPDNYD15-5xxErrorRate-Alarm"" in US East (N. Virginia)",Closed,Not Violated,Critical - P1,Uptime Team,11-04-2026 03:00,2d 9h,FALSE
1152986,Alarm,"ALARM: ""HoiChoi-x-CWM-x-ProdRevAmp-hoichoi-aws-aps1-prod-ecs-hoichoi-id..."" in Asia Pacific (Mumbai)",Closed,Not Violated,Critical - P1,Uptime Team,11-04-2026 03:06,2d 9h,FALSE
1152987,Alarm,"ALARM: ""hoichoi-aws-aps1-prod-ecs-hoichoi-identity_high_memory_util_alarm"" in Asia Pacific (Mumbai)",Closed,Not Violated,Critical - P1,Uptime Team,11-04-2026 03:09,2d 9h,FALSE
1152988,Alarm,"ALARM: ""KhimjiJwellers-Prod-DB-1b-/Backup-85%-#Alarm"" in Asia Pacific (Mumbai)",Closed,Not Violated,Critical - P1,Uptime Team,11-04-2026 03:10,2d 9h,FALSE
1152989,Alarm,"ALARM: ""hoichoi-aws-aps1-prod-ecs-hoichoi-analytics_high_memory_util_alarm"" in Asia Pacific (Mumbai)",Closed,Not Violated,Critical - P1,Uptime Team,11-04-2026 03:11,2d 9h,FALSE
1152990,Alarm,"ALARM: ""hoichoi-aws-aps1-prod-ecs-hoichoi-content_high_memory_util_alarm"" in Asia Pacific (Mumbai)",Closed,Not Violated,Critical - P1,Uptime Team,11-04-2026 03:11,2d 9h,FALSE
1152991,Alarm,"ALARM: ""hoichoi-aws-aps1-prod-ecs-hoichoi-backend_high_memory_util_alarm"" in Asia Pacific (Mumbai)",Closed,Not Violated,Critical - P1,Uptime Team,11-04-2026 03:11,2d 9h,FALSE
1152993,Alarm,"ALARM: ""LXME-Production-bastion-host-new-CPU-85%-#ALARM"" in Asia Pacific (Mumbai)",Closed,Not Violated,Critical - P1,Uptime Team,11-04-2026 03:26,2d 9h,FALSE
1152994,Alarm,"ALARM: ""LXME-Production-bastion-host-new-CPU-85%-#ALARM"" in Asia Pacific (Mumbai)",Closed,Not Violated,Critical - P1,Uptime Team,11-04-2026 03:27,2d 9h,FALSE
1152995,Alarm,Argus News is Down from multiple locations,Closed,Not Violated,-,Uptime Team,11-04-2026 03:31,2d 9h,FALSE
1152996,Alarm,Argus News is Up,Closed,Not Violated,-,Uptime Team,11-04-2026 03:31,2d 9h,FALSE
1152997,Alarm,"ALARM: ""softweb-srishti-rds-oracle-21c-Memory-85% #Alarm"" in Asia Pacific (Mumbai)",Closed,Not Violated,Critical - P1,Uptime Team,11-04-2026 03:35,2d 8h,FALSE
1152998,Alarm,"ALARM: ""ShriramInsightBrokers-Prod-OpenVPN-1b-StatusCheckFailed_Instanc..."" in Asia Pacific (Mumbai)",Closed,Not Violated,Critical - P1,Uptime Team,11-04-2026 03:35,2d 8h,FALSE
1153000,Alarm,"ALARM: ""Kims-Hospital-Prod-Web-Server-1b-CPUUtilization-85% #Alarm"" in Asia Pacific (Mumbai)",Closed,Not Violated,-,Uptime Team,11-04-2026 03:40,2d 8h,FALSE
1153001,Alarm,"ALARM: ""Softweb-GPS-Prod-(APP-DB)-1b-Disk(/)-95%-#Alarm"" in Asia Pacific (Mumbai)",Closed,Not Violated,-,Uptime Team,11-04-2026 03:47,2d 8h,FALSE
1153002,Alarm,"ALARM: ""sai-paramount-db-readreplicalag-#Alarm"" in Asia Pacific (Mumbai)",Closed,Not Violated,Critical - P1,Uptime Team,11-04-2026 03:55,2d 8h,FALSE
1153003,Alarm,"ALARM: ""sai-paramount-db-CPU-50%#Alarm"" in Asia Pacific (Mumbai)",Closed,Not Violated,Critical - P1,Uptime Team,11-04-2026 03:57,2d 8h,FALSE
1153004,Alarm,"ALARM: ""kfinpwm-hex-prod-rds-Low-FreeableMemory-15%-#Alarm"" in Asia Pacific (Mumbai)",Closed,Not Violated,Critical - P1,Uptime Team,11-04-2026 03:57,2d 8h,FALSE
1153005,Alarm,"ALARM: ""kfinpwm-hex-prod-rds-Low-FreeableMemory-15%-#Alarm"" in Asia Pacific (Mumbai)",Closed,Not Violated,Critical - P1,Uptime Team,11-04-2026 03:57,2d 8h,FALSE
1153006,Alarm,"ALARM: ""MataGroup-Prod-AppDB-Pub-1a-New-CPU-85%-#Alarm"" in Asia Pacific (Mumbai)",Closed,Not Violated,Critical - P1,Uptime Team,11-04-2026 03:58,2d 8h,FALSE
1153007,Alarm,"ALARM: ""ETEdge-TG-Etnowgbs-cdn-ENSA4TPDNYD15-5xxErrorRate-Alarm"" in US East (N. Virginia)",Closed,Not Violated,Critical - P1,Uptime Team,11-04-2026 04:15,2d 8h,FALSE
1153008,Alarm,"ALARM: ""Magpet-Prod-SAP-New-Pub-NEW-CPU-85%-#Alarm"" in Asia Pacific (Mumbai)",Closed,Not Violated,Critical - P1,Uptime Team,11-04-2026 04:16,2d 8h,FALSE
1153009,Alarm,"ALARM: ""ETEdge-TG-Etnowgbs-cdn-ENSA4TPDNYD15-5xxErrorRate-Alarm"" in US East (N. Virginia)",Closed,Not Violated,Critical - P1,Uptime Team,11-04-2026 04:17,2d 8h,FALSE
1153010,Alarm,"ALARM: ""KhimjiJwellers-Prod-DB-1b-Memory-85%-Alarm"" in Asia Pacific (Mumbai)",Closed,Not Violated,Critical - P1,Uptime Team,11-04-2026 04:19,2d 8h,FALSE
1153011,Alarm,Bankify is Up,Closed,Not Violated,-,Uptime Team,11-04-2026 04:32,2d 8h,FALSE
1153012,Alarm,Bankify 7pay is Up,Closed,Not Violated,-,Uptime Team,11-04-2026 04:34,2d 7h,FALSE
1153013,Alarm,Bankify 7pay is Up,Closed,Not Violated,-,Uptime Team,11-04-2026 04:34,2d 7h,FALSE
1153014,Alarm,Bankify is Up,Closed,Not Violated,-,Uptime Team,11-04-2026 04:34,2d 7h,FALSE
1153015,Alarm,Bankify is Up,Closed,Not Violated,-,Uptime Team,11-04-2026 04:35,2d 7h,FALSE
1153016,Alarm,Bankify 7pay is Up,Closed,Not Violated,-,Uptime Team,11-04-2026 04:35,2d 7h,FALSE
1153017,Alarm,Bankify 7pay is Up,Closed,Not Violated,-,Uptime Team,11-04-2026 04:36,2d 7h,FALSE
1153018,Alarm,Bankify is Up,Closed,Not Violated,-,Uptime Team,11-04-2026 04:36,2d 7h,FALSE
1153020,Alarm,"ALARM: ""DE-invest-d-14th-May-CPU-95%-#Alarm"" in Asia Pacific (Mumbai)",Closed,Not Violated,Critical - P1,Uptime Team,11-04-2026 04:36,2d 7h,FALSE
1153021,Alarm,Bankify is Up,Closed,Not Violated,-,Uptime Team,11-04-2026 04:37,2d 7h,FALSE
1153022,Alarm,Bankify is Up,Closed,Not Violated,-,Uptime Team,11-04-2026 04:37,2d 7h,FALSE
1153023,Alarm,Bankify 7pay is Up,Closed,Not Violated,-,Uptime Team,11-04-2026 04:39,2d 7h,FALSE
1153024,Alarm,"ALARM: ""Absolute-Barbeque-Prod-Hana-1b-Disk-(/)-85%#Alarm"" in Asia Pacific (Mumbai)",Closed,Not Violated,Critical - P1,Uptime Team,11-04-2026 04:40,2d 7h,FALSE
1153025,Alarm,"ALARM: ""Absolute-Barbeque-Prod-Hana-1b-Disk-(/)-95%#Alarm"" in Asia Pacific (Mumbai)",Closed,Not Violated,Critical - P1,Uptime Team,11-04-2026 04:43,2d 7h,FALSE
1153026,Alarm,"ALARM: ""Vyzrd-App+DB-Dev-Laravel-Server-2b-CPU-85%#Alarm"" in Asia Pacific (Sydney)",Closed,Not Violated,-,Uptime Team,11-04-2026 04:46,2d 7h,FALSE
1153027,Alarm,"ALARM: ""softweb-srishti-rds-oracle-21c-Memory-85% #Alarm"" in Asia Pacific (Mumbai)",Closed,Not Violated,Critical - P1,Uptime Team,11-04-2026 04:47,2d 7h,FALSE
1153028,Alarm,Health Event: AWS ECS TASK PATCHING RETIREMENT affecting 12 entities in ap-south-1 on account 795532678498.,Closed,Not Violated,Medium - P3,DevOps Team,11-04-2026 04:48,2d 7h,FALSE
1153029,Alarm,"ALARM: ""Trakkerz & ERP (CMS-New-Windows)-Disk(D)-85%#Alarm"" in Asia Pacific (Mumbai)",Closed,Not Violated,Critical - P1,Uptime Team,11-04-2026 04:55,2d 7h,FALSE
1153030,Alarm,****Success : Daily Backup****KFIN-Database-Backup-Upload-Notification,Closed,Not Violated,Medium - P3,Uptime Team,11-04-2026 05:00,2d 7h,FALSE
1153031,Alarm,"ALARM: ""Vyzrd-App+DB-Dev-Laravel-Server-2b-CPU-85%#Alarm"" in Asia Pacific (Sydney)",Closed,Not Violated,-,Uptime Team,11-04-2026 05:01,2d 7h,FALSE
1153032,Alarm,Arundhati Jewellers is Up,Closed,Not Violated,-,Uptime Team,11-04-2026 05:04,2d 7h,FALSE
1153033,Alarm,Arundhati Jewellers is Up,Closed,Not Violated,-,Uptime Team,11-04-2026 05:05,2d 7h,FALSE
1153035,Alarm,"ALARM: ""Vyzrd-App+DB-Dev-Laravel-Server-2b-CPU-85%#Alarm"" in Asia Pacific (Sydney)",Closed,Not Violated,-,Uptime Team,11-04-2026 05:26,2d 7h,FALSE
1153036,Alarm,"ALARM: ""SoftwebGloster-Prod-App-1b-CPU-85%-#Alarm"" in Asia Pacific (Mumbai)",Closed,Not Violated,Critical - P1,Uptime Team,11-04-2026 05:26,2d 7h,FALSE
1153037,Client,[ALERT] [firing] Bankify-PodRestart - Namespace: prod-app - Resource: Pod: od-scheduler-594dd8c8cd-bxczw ,Closed,Not Violated,Medium - P3,DevOps Team,11-04-2026 05:32,2d 7h,FALSE
1153038,Alarm,"ALARM: ""Vyzrd-App+DB-Dev-Laravel-Server-2b-CPU-85%#Alarm"" in Asia Pacific (Sydney)",Closed,Not Violated,-,Uptime Team,11-04-2026 05:36,2d 6h,FALSE
1153040,Alarm,AWS Budgets Report: Annapurna-Efimo-Budget Report,Internal Dependency,Not Violated,Medium - P3,SMB Windows Team,11-04-2026 05:44,2d 6h,FALSE
1153041,Alarm,"ALARM: ""Vyzrd-App+DB-Dev-Laravel-Server-2b-CPU-85%#Alarm"" in Asia Pacific (Sydney)",Closed,Not Violated,-,Uptime Team,11-04-2026 05:46,2d 6h,FALSE
1153042,Alarm,"ALARM: ""softweb-srishti-rds-oracle-21c-Memory-85% #Alarm"" in Asia Pacific (Mumbai)",Closed,Not Violated,Critical - P1,Uptime Team,11-04-2026 05:46,2d 6h,FALSE
1153043,Alarm,"ALARM: ""Eastern-Mirror-App-Server-1a-CPU-85%-#Alarm"" in Asia Pacific (Mumbai)",Closed,Not Violated,-,Uptime Team,11-04-2026 05:52,2d 6h,FALSE
1153044,Alarm,"ALARM: ""SoftwebGloster-Prod-App-1b-Disk(C:)-85%-#Alarm"" in Asia Pacific (Mumbai)",Closed,Not Violated,Critical - P1,Uptime Team,11-04-2026 05:58,2d 6h,FALSE
1153045,Alarm,"ALARM: ""Vyzrd-App+DB-Dev-Laravel-Server-2b-CPU-85%#Alarm"" in Asia Pacific (Sydney)",Closed,Not Violated,-,Uptime Team,11-04-2026 06:01,2d 6h,FALSE
1153046,Alarm,Lux Industries | https://luxdms.in/promoClaims/Login is Up,Closed,Not Violated,-,Uptime Team,11-04-2026 06:01,2d 6h,FALSE
1153047,Alarm,"ALARM: ""NewTownSchool_Agorae-Prod-VPN-1b-50%-CPU #Alarm"" in Asia Pacific (Mumbai)",Closed,Not Violated,Critical - P1,Uptime Team,11-04-2026 06:04,2d 6h,FALSE
1153048,Alarm,"ALARM: ""Vyzrd-App+DB-Dev-Laravel-Server-2b-CPU-85%#Alarm"" in Asia Pacific (Sydney)",Closed,Not Violated,-,Uptime Team,11-04-2026 06:06,2d 6h,FALSE
1153049,Alarm,"ALARM: ""Midland-Tableau-Prod-Server-1a_CPUUtilization_90%_#Alarm"" in Asia Pacific (Mumbai)",Closed,Not Violated,High - P2,Uptime Team,11-04-2026 06:07,2d 6h,FALSE
1153050,Alarm,"ALARM: ""hoichoi-aws-aps1-prod-ecs-hoichoi-content_high_memory_util_alarm"" in Asia Pacific (Mumbai)",Closed,Not Violated,Critical - P1,Uptime Team,11-04-2026 06:11,2d 6h,FALSE
1153051,Alarm,"ALARM: ""Vyzrd-App+DB-Dev-Laravel-Server-2b-CPU-85%#Alarm"" in Asia Pacific (Sydney)",Closed,Not Violated,-,Uptime Team,11-04-2026 06:16,2d 6h,FALSE
1153052,Alarm,"ALARM: ""Softweb-GPS-Prod-(APP-DB)-1b-Disk(/)-95%-#Alarm"" in Asia Pacific (Mumbai)",Closed,Not Violated,-,Uptime Team,11-04-2026 06:17,2d 6h,FALSE
1153053,Alarm,"ALARM: ""Vyzrd-App+DB-Dev-Laravel-Server-2b-CPU-85%#Alarm"" in Asia Pacific (Sydney)",Closed,Not Violated,-,Uptime Team,11-04-2026 06:24,2d 6h,FALSE
1153054,Alarm,"Important notice about your AWS Account regarding VPN connections [AWS Account: 324050363265, VPN Connection: vpn-058621771262a8df1, Tunnel Outside IP: 13.235.175.14]",Closed,Not Violated,Medium - P3,Uptime Team,11-04-2026 06:25,2d 6h,FALSE
1153055,Alarm,"ALARM: ""Arundhati-Jewellers-DB-1b-Disk(/)-85%-#Alarm"" in Asia Pacific (Mumbai)",Closed,Not Violated,Critical - P1,Uptime Team,11-04-2026 06:25,2d 6h,FALSE
1153056,Alarm,"ALARM: ""Kims-Hospital-Prod-Web-Server-1b-CPUUtilization-85% #Alarm"" in Asia Pacific (Mumbai)",Closed,Not Violated,-,Uptime Team,11-04-2026 06:27,2d 6h,FALSE
1153057,Alarm,AWS Budgets: PRESTIGE_PLASTICS-SARL-Budget has exceeded your alert threshold,Closed,Not Violated,Medium - P3,SMB Linux Team,11-04-2026 06:29,2d 6h,FALSE
1153058,Alarm,AWS Budgets: PRESTIGE_PLASTICS-SARL-Budget has exceeded your alert threshold,Closed,Not Violated,Medium - P3,SMB Linux Team,11-04-2026 06:29,2d 6h,FALSE
1153059,Alarm,Argus News is Down from multiple locations,Closed,Not Violated,-,Uptime Team,11-04-2026 06:30,2d 6h,FALSE
1153060,Alarm,"Important notice about your AWS Account regarding VPN connections [AWS Account: 796973495311, VPN Connection: vpn-08e90044d2cb96e6a, Tunnel Outside IP: 65.0.84.19]",Closed,Not Violated,Medium - P3,Uptime Team,11-04-2026 06:30,2d 6h,FALSE
1153061,Alarm,Argus News is Up,Closed,Not Violated,-,Uptime Team,11-04-2026 06:30,2d 6h,FALSE
1153062,Alarm,"ALARM: ""Vyzrd-App+DB-Dev-Laravel-Server-2b-CPU-85%#Alarm"" in Asia Pacific (Sydney)",Closed,Not Violated,-,Uptime Team,11-04-2026 06:32,2d 6h,FALSE
1153063,Alarm,"ALARM: ""Arukus-PROD-APP-CPU-85% #Alarm"" in Asia Pacific (Mumbai)",Closed,Not Violated,Critical - P1,Uptime Team,11-04-2026 06:33,2d 6h,FALSE
1153064,Alarm,"ALARM: ""Kims-Hospital-Prod-Web-Server-1b-CPUUtilization-85% #Alarm"" in Asia Pacific (Mumbai)",Closed,Not Violated,-,Uptime Team,11-04-2026 06:33,2d 6h,FALSE
1153065,Alarm,"ALARM: ""SoftwebGloster-Prod-App-1b-CPU-85%-#Alarm"" in Asia Pacific (Mumbai)",Closed,Not Violated,Critical - P1,Uptime Team,11-04-2026 06:34,2d 5h,FALSE
1153067,Alarm,"ALARM: ""anxiprodb-instace-1-new-16-01-rds#DatabaseConnections"" in Asia Pacific (Sydney)",Closed,Not Violated,Critical - P1,Uptime Team,11-04-2026 06:46,2d 5h,FALSE
1153068,Alarm,"Important notice about your AWS Account regarding VPN connections [AWS Account: 699951450237, VPN Connection: vpn-0eceb9e2c8af516b0, Tunnel Outside IP: 65.2.119.43]",Closed,Not Violated,Medium - P3,Uptime Team,11-04-2026 07:00,2d 5h,FALSE
1153069,Alarm,"ALARM: ""S4-Prod-LTTS-Powai-SSC-VPN-Tunnel-2-#ALARM"" in Asia Pacific (Mumbai)",Closed,Not Violated,Critical - P1,Uptime Team,11-04-2026 07:01,2d 5h,FALSE
1153070,Alarm,RICB is Up,Closed,Not Violated,-,Uptime Team,11-04-2026 07:02,2d 5h,FALSE
1153071,Alarm,Lux Industries | https://luxind.in/login is Up,Closed,Not Violated,-,Uptime Team,11-04-2026 07:02,2d 5h,FALSE
1153072,Alarm,"ALARM: ""S4-Prod-LTTS-Powai-SSC-Status-down"" in Asia Pacific (Mumbai)",Closed,Not Violated,-,Uptime Team,11-04-2026 07:02,2d 5h,FALSE
1153073,Alarm,"ALARM: ""hoichoi-aws-aps1-prod-ecs-hoichoi-content_high_memory_util_alarm"" in Asia Pacific (Mumbai)",Closed,Not Violated,Critical - P1,Uptime Team,11-04-2026 07:03,2d 5h,FALSE
1153074,Alarm,"ALARM: ""PragtiMilk-MobileApp+DB Server-1b-Disk(Root)-85%-#Alarm"" in Asia Pacific (Mumbai)",Awaiting Customer Response,Not Violated,High - P2,SMB Windows Team,11-04-2026 07:04,2d 5h,FALSE
1153075,Alarm,"ALARM: ""BDG-Metal-Prod-App-1b-Disk(C:)85%#Alarm"" in Asia Pacific (Mumbai)",Closed,Not Violated,High - P2,Uptime Team,11-04-2026 07:05,2d 5h,FALSE
1153076,Alarm,"ALARM: ""SoftwebGloster-Prod-App-1b-CPU-85%-#Alarm"" in Asia Pacific (Mumbai)",Closed,Not Violated,Critical - P1,Uptime Team,11-04-2026 07:06,2d 5h,FALSE
1153077,Client,SH-NS-MS-11-04-26,Closed,Not Violated,Medium - P3,Uptime Team,11-04-2026 07:08,2d 5h,FALSE
1153078,Alarm,"ALARM: ""hoichoi-aws-aps1-prod-ecs-hoichoi-content_high_memory_util_alarm"" in Asia Pacific (Mumbai)",Closed,Not Violated,Critical - P1,Uptime Team,11-04-2026 07:10,2d 5h,FALSE
1153079,Alarm,"ALARM: ""hoichoi-aws-aps1-prod-ecs-hoichoi-content_high_memory_util_alarm"" in Asia Pacific (Mumbai)",Closed,Not Violated,Critical - P1,Uptime Team,11-04-2026 07:17,2d 5h,FALSE
1153080,Alarm,"ALARM: ""SoftwebGloster-Prod-App-1b-CPU-85%-#Alarm"" in Asia Pacific (Mumbai)",Closed,Not Violated,Critical - P1,Uptime Team,11-04-2026 07:21,2d 5h,FALSE
1153081,Alarm,"ALARM: ""hoichoi-aws-aps1-prod-ecs-hoichoi-content_high_memory_util_alarm"" in Asia Pacific (Mumbai)",Closed,Not Violated,Critical - P1,Uptime Team,11-04-2026 07:30,2d 5h,FALSE
1153083,Alarm,"ALARM: ""AMPL-eFIMO-Prod-RDB-1b-CPU-90%-#Alarm"" in Asia Pacific (Mumbai)",Closed,Not Violated,-,Uptime Team,11-04-2026 07:31,2d 5h,FALSE
1153084,Alarm,"ALARM: ""AMPL-eFIMO-Prod-RDB-1b-CPU-90%-#Alarm"" in Asia Pacific (Mumbai)",Closed,Not Violated,-,Uptime Team,11-04-2026 07:36,2d 4h,FALSE
1153086,Alarm,"ALARM: ""AMPL-eFIMO-Prod-RDB-1b-CPU-90%-#Alarm"" in Asia Pacific (Mumbai)",Closed,Not Violated,-,Uptime Team,11-04-2026 07:40,2d 4h,FALSE
1153087,Alarm,Argus News is Down from multiple locations,Closed,Not Violated,-,Uptime Team,11-04-2026 07:42,2d 4h,FALSE
1153088,Alarm,"ALARM: ""hoichoi-aws-aps1-prod-ecs-hoichoi-content_high_memory_util_alarm"" in Asia Pacific (Mumbai)",Closed,Not Violated,Critical - P1,Uptime Team,11-04-2026 07:43,2d 4h,FALSE
1153089,Alarm,Argus News is Up,Closed,Not Violated,-,Uptime Team,11-04-2026 07:43,2d 4h,FALSE
1153092,Alarm,SAP Backup Status Report,Closed,Not Violated,Medium - P3,Enterprise Windows Team,11-04-2026 08:00,2d 4h,FALSE
1153093,Alarm,Lux Industries | https://luxindustries.co.in/luxadtracker/login is Up,Closed,Not Violated,-,Uptime Team,11-04-2026 08:02,2d 4h,FALSE
1153094,Alarm,IKF Finance is Up,Closed,Not Violated,-,Uptime Team,11-04-2026 08:03,2d 4h,FALSE
1153095,Alarm,"ALARM: ""AMPL-eFIMO-Prod-RDB-1b-CPU-90%-#Alarm"" in Asia Pacific (Mumbai)",Closed,Not Violated,-,Uptime Team,11-04-2026 08:04,2d 4h,FALSE
1153096,Alarm,"ALARM: ""Gemtech-SAP-B1-Server-Window-2022-CPU-85%-#Alarm"" in Asia Pacific (Mumbai)",Closed,Not Violated,Critical - P1,Uptime Team,11-04-2026 08:06,2d 4h,FALSE
1153097,Alarm,"ALARM: ""Gemtech-SAP-B1-Server-Window-2022-CPU-95%-#Alarm"" in Asia Pacific (Mumbai)",Closed,Not Violated,Critical - P1,Uptime Team,11-04-2026 08:06,2d 4h,FALSE
1153098,Alarm,"ALARM: ""HoiChoi-x-CWM-x-ProdRevAmp-hoichoi-aws-aps1-prod-ecs-hoichoi-an..."" in Asia Pacific (Mumbai)",Closed,Not Violated,Critical - P1,Uptime Team,11-04-2026 08:09,2d 4h,FALSE
1153099,Alarm,"ALARM: ""hoichoi-aws-aps1-prod-ecs-hoichoi-backend_high_memory_util_alarm"" in Asia Pacific (Mumbai)",Closed,Not Violated,Critical - P1,Uptime Team,11-04-2026 08:15,2d 4h,FALSE
1153100,Alarm,"ALARM: ""hoichoi-aws-aps1-prod-ecs-hoichoi-backend_high_memory_util_alarm"" in Asia Pacific (Mumbai)",Closed,Not Violated,Critical - P1,Uptime Team,11-04-2026 08:23,2d 4h,FALSE
1153101,Alarm,"ALARM: ""AMPL-eFIMO-Prod-RDB-1b-Disk(H)-85%-#Alarm"" in Asia Pacific (Mumbai)",Closed,Not Violated,-,Uptime Team,11-04-2026 08:27,2d 4h,FALSE
1153102,Alarm,"ALARM: ""BDG-Metal-Prod-DB-1b-Disk(D:)-90%#Alarm"" in Asia Pacific (Mumbai)",Closed,Not Violated,-,Uptime Team,11-04-2026 08:32,2d 4h,FALSE
1153103,Alarm,"ALARM: ""Absolute-Barbeque-Prod-SAPB1-1b-Disk(E:)-85%#Alarm"" in Asia Pacific (Mumbai)",Closed,Not Violated,Critical - P1,Uptime Team,11-04-2026 08:35,2d 3h,FALSE
1153105,Alarm,"ALARM: ""Celex-uat-server-mem_used_percent-85%-#Alarm"" in Asia Pacific (Mumbai)",Closed,Not Violated,-,Uptime Team,11-04-2026 08:40,2d 3h,FALSE
1153106,Alarm,"Important notice about your AWS Account regarding VPN connections [AWS Account: 964974582796, VPN Connection: vpn-0916b05d2b5600bef, Tunnel Outside IP: 35.154.207.25]",Closed,Not Violated,Medium - P3,Uptime Team,11-04-2026 08:45,2d 3h,FALSE
1153107,Alarm,"Important notice about your AWS Account regarding VPN connections [AWS Account: 295216128092, VPN Connection: vpn-0319f2bbd9465fa30, Tunnel Outside IP: 13.126.76.198]",Closed,Not Violated,Medium - P3,Uptime Team,11-04-2026 08:50,2d 3h,FALSE
1153108,Alarm,"ALARM: ""SkipperLimited-Prod-DB-1a-CPU-90%-#Alarm"" in Asia Pacific (Mumbai)",Closed,Not Violated,Critical - P1,Uptime Team,11-04-2026 08:51,2d 3h,FALSE
1153109,Alarm,"ALARM: ""Celex-uat-server-mem_used_percent-85%-#Alarm"" in Asia Pacific (Mumbai)",Closed,Not Violated,-,Uptime Team,11-04-2026 08:56,2d 3h,FALSE
1153110,Alarm,AWS Notification Message,Closed,Not Violated,Medium - P3,Uptime Team,11-04-2026 09:00,2d 3h,FALSE
1153111,Alarm,AWS Notification Message,Closed,Not Violated,Medium - P3,Uptime Team,11-04-2026 09:00,2d 3h,FALSE
1153112,Alarm,AWS Notification Message,Closed,Not Violated,Medium - P3,Uptime Team,11-04-2026 09:00,2d 3h,FALSE
1153114,Alarm,"ALARM: ""Ginteja-UAT-App+DB-1b-VolumeQueueLength-Alarm"" in Asia Pacific (Mumbai)",Closed,Not Violated,Critical - P1,Uptime Team,11-04-2026 09:02,2d 3h,FALSE
1153113,Alarm,"ALARM: ""HoiChoi-x-CWM-x-ProdRevAmp-hoichoi-aws-aps1-prod-ecs-hoichoi-th..."" in Asia Pacific (Mumbai)",Closed,Not Violated,Critical - P1,DevOps Team,11-04-2026 09:02,2d 3h,FALSE
1153115,Alarm,"ALARM: ""LuxIndustries-Prod-BotSrv-1b-Disk-D:-85%-#Alarm"" in Asia Pacific (Mumbai)",Awaiting Customer Response,Not Violated,Critical - P1,Uptime Team,11-04-2026 09:02,2d 3h,FALSE
1153116,Alarm,Shifa Hospitals is Up,Closed,Not Violated,-,Uptime Team,11-04-2026 09:02,2d 3h,FALSE
1153117,Alarm,"ALARM: ""softweb-srishti-rds-oracle-21c-Memory-85% #Alarm"" in Asia Pacific (Mumbai)",Closed,Not Violated,Critical - P1,Uptime Team,11-04-2026 09:05,2d 3h,FALSE
1153118,Alarm,"ALARM: ""SoftWeb-DB-Pvt-1b-#CPUUtilization-95%-#ALARM"" in Asia Pacific (Mumbai)",Closed,Not Violated,-,Uptime Team,11-04-2026 09:06,2d 3h,FALSE
1153119,Alarm,"ALARM: ""SoftWeb-DB-Pvt-1b-#CPUUtilization-95%-#ALARM"" in Asia Pacific (Mumbai)",Closed,Not Violated,-,Uptime Team,11-04-2026 09:10,2d 3h,FALSE
1153120,Alarm,"ALARM: ""MK-Agro-PRD-SSFA-DBP-01-CPU-85%-#Alarm"" in Asia Pacific (Mumbai)",Closed,Not Violated,Critical - P1,Uptime Team,11-04-2026 09:10,2d 3h,FALSE
1153121,Alarm,"ALARM: ""hoichoi-aws-aps1-prod-ecs-hoichoi-backend_high_memory_util_alarm"" in Asia Pacific (Mumbai)",Closed,Not Violated,Critical - P1,Uptime Team,11-04-2026 09:10,2d 3h,FALSE
1153122,Alarm,"ALARM: ""CenturyPly-FloorAutomation-App-DB-VolumeReadOps-#Alarm"" in Asia Pacific (Mumbai)",Closed,Not Violated,Critical - P1,Uptime Team,11-04-2026 09:19,2d 3h,FALSE
1153123,Alarm,"ALARM: ""AIF-UAT-mPower-nexedge2-TG443-UnhealthyHostCount#Alarm"" in Asia Pacific (Mumbai)",Closed,Not Violated,Critical - P1,Uptime Team,11-04-2026 09:19,2d 3h,FALSE
1153124,Alarm,"Important notice about your AWS Account regarding VPN connections [AWS Account: 295216128092, VPN Connection: vpn-009d617bff9e01e5a, Tunnel Outside IP: 3.111.8.105]",Closed,Not Violated,Medium - P3,Uptime Team,11-04-2026 09:20,2d 3h,FALSE
1153125,Alarm,"ALARM: ""JAY-PRECISION-Prod-SAPB1-1b-VolumeWriteBytes-85%#Alarm"" in Asia Pacific (Mumbai)",Closed,Not Violated,Critical - P1,Uptime Team,11-04-2026 09:20,2d 3h,FALSE
1153126,Alarm,"ALARM: ""SoftWeb-DB-Pvt-1b-#CPUUtilization-95%-#ALARM"" in Asia Pacific (Mumbai)",Closed,Not Violated,-,Uptime Team,11-04-2026 09:21,2d 3h,FALSE
1153127,Alarm,"Important notice about your AWS Account regarding VPN connections [AWS Account: 295216128092, VPN Connection: vpn-0d4fbb4c7b6edbe85, Tunnel Outside IP: 13.232.83.50]",Closed,Not Violated,Medium - P3,Uptime Team,11-04-2026 09:25,2d 3h,FALSE
1153128,Alarm,"ALARM: ""ETEdge-TG-Etnowgbs-cdn-ENSA4TPDNYD15-5xxErrorRate-Alarm"" in US East (N. Virginia)",Closed,Not Violated,Critical - P1,Uptime Team,11-04-2026 09:28,2d 3h,FALSE
1153129,Alarm,"ALARM: ""Magpet-Prod-SAP-New-Pub-NEW-DISK(C:)-85%-ALARM"" in Asia Pacific (Mumbai)",Closed,Not Violated,-,Uptime Team,11-04-2026 09:33,2d 3h,FALSE
1153130,Alarm,"ALARM: ""MK-Agro-PRD-SSFA-DBP-01-CPU-85%-#Alarm"" in Asia Pacific (Mumbai)",Closed,Not Violated,Critical - P1,Uptime Team,11-04-2026 09:33,2d 3h,FALSE
1153131,Alarm,"ALARM: ""ABM-Technomatrix-Prod-Web/DB-1a-New-Disk(C)-85%-#Alarm"" in Asia Pacific (Mumbai)",Closed,Not Violated,Critical - P1,Uptime Team,11-04-2026 09:34,2d 2h,FALSE
1153132,Alarm,"ALARM: ""ABM-Technomatrix-Prod-Web/DB-1a-New-Disk(C)-85%-#Alarm"" in Asia Pacific (Mumbai)",Closed,Not Violated,Critical - P1,Uptime Team,11-04-2026 09:34,2d 2h,FALSE
1153133,Alarm,"ALARM: ""SoftWeb-DB-Pvt-1b-#CPUUtilization-95%-#ALARM"" in Asia Pacific (Mumbai)",Closed,Not Violated,-,Uptime Team,11-04-2026 09:36,2d 2h,FALSE
1153134,Alarm,"ALARM: ""NewTownSchool_JIE-Prod-DB-1b-New-2-CPU-70%-utilized-#Alarm"" in Asia Pacific (Mumbai)",Closed,Not Violated,Critical - P1,Uptime Team,11-04-2026 09:36,2d 2h,FALSE
1153136,Alarm,Argus News is Down from multiple locations,Closed,Not Violated,-,Uptime Team,11-04-2026 09:41,2d 2h,FALSE
1153137,Alarm,"ALARM: ""SoftWeb-DB-Pvt-1b-#CPUUtilization-95%-#ALARM"" in Asia Pacific (Mumbai)",Closed,Not Violated,-,Uptime Team,11-04-2026 09:43,2d 2h,FALSE
1153138,Alarm,Argus News is Up,Closed,Not Violated,-,Uptime Team,11-04-2026 09:43,2d 2h,FALSE
1153139,Alarm,"ALARM: ""ETEdge-TG-Etnowgbs-cdn-ENSA4TPDNYD15-5xxErrorRate-Alarm"" in US East (N. Virginia)",Closed,Not Violated,Critical - P1,Uptime Team,11-04-2026 09:43,2d 2h,FALSE
1153140,Alarm,"ALARM: ""Dev_DevOps_test-Prod-Memory-85%#Alarm"" in Asia Pacific (Mumbai)",Closed,Not Violated,Critical - P1,Uptime Team,11-04-2026 09:45,2d 2h,FALSE
1153141,Alarm,"Important notice about your AWS Account regarding VPN connections [AWS Account: 295216128092, VPN Connection: vpn-03a39669fe265abbb, Tunnel Outside IP: 35.154.94.30]",Closed,Not Violated,Medium - P3,Uptime Team,11-04-2026 09:45,2d 2h,FALSE
1153142,Alarm,"ALARM: ""AFPL-Prod-Seceon-CCE-Pub-1b-Memory-85%-#Alarms"" in Asia Pacific (Mumbai)",Closed,Not Violated,-,Uptime Team,11-04-2026 09:47,2d 2h,FALSE
1153143,Alarm,Your certificate is renewed,Closed,Not Violated,Medium - P3,DevOps Team,11-04-2026 09:47,2d 2h,FALSE
1153145,Alarm,"Important notice about your AWS Account regarding VPN connections [AWS Account: 295216128092, VPN Connection: vpn-014fea7fdf6c706e8, Tunnel Outside IP: 13.234.89.84]",Closed,Not Violated,Medium - P3,Uptime Team,11-04-2026 09:49,2d 2h,FALSE
1153146,Alarm,"ALARM: ""CenturyPly-FloorAutomation-App-DB-VolumeReadOps-#Alarm"" in Asia Pacific (Mumbai)",Closed,Not Violated,Critical - P1,Uptime Team,11-04-2026 09:50,2d 2h,FALSE
1153147,Alarm,"ALARM: ""kfinpwm-hex-prod-rds-Low-FreeableMemory-15%-#Alarm"" in Asia Pacific (Mumbai)",Closed,Not Violated,Critical - P1,Uptime Team,11-04-2026 09:57,2d 2h,FALSE
1153148,Alarm,"ALARM: ""kfinpwm-hex-prod-rds-Low-FreeableMemory-15%-#Alarm"" in Asia Pacific (Mumbai)",Closed,Not Violated,Critical - P1,Uptime Team,11-04-2026 09:57,2d 2h,FALSE
1153151,Alarm,AWS Cost Management: Cost anomaly(ies) summary for account: Manyata Developers Private Limited (379245767571) [2026-04-10],Closed,Not Violated,Medium - P3,Enterprise Windows Team,11-04-2026 10:06,2d 2h,FALSE
1153152,Alarm,"ALARM: ""LeeNee-Rama-Overseas-Prod-App-1b-Disk(C)-VolumeAvgThroughput#Alarm"" in Asia Pacific (Mumbai)",Closed,Not Violated,-,Uptime Team,11-04-2026 10:10,2d 2h,FALSE
1153153,Alarm,"ALARM: ""anxiprodb-instace-1-new-16-01-rds#DatabaseConnections"" in Asia Pacific (Sydney)",Closed,Not Violated,Critical - P1,Uptime Team,11-04-2026 10:11,2d 2h,FALSE
1153154,Alarm,"ALARM: ""softweb-srishti-rds-oracle-21c-Memory-85% #Alarm"" in Asia Pacific (Mumbai)",Closed,Not Violated,Critical - P1,Uptime Team,11-04-2026 10:16,2d 2h,FALSE
1153155,Alarm,"ALARM: ""softweb-srishti-rds-oracle-21c-CPU-85% #Alarm"" in Asia Pacific (Mumbai)",Closed,Not Violated,Critical - P1,Uptime Team,11-04-2026 10:17,2d 2h,FALSE
1153156,Alarm,Argus News is Down from multiple locations,Closed,Not Violated,-,Uptime Team,11-04-2026 10:20,2d 2h,FALSE
1153157,Alarm,Argus News is Up,Closed,Not Violated,-,Uptime Team,11-04-2026 10:20,2d 2h,FALSE
1153158,Alarm,"ALARM: ""anxiprodb-instace-1-new-16-01-rds#DatabaseConnections"" in Asia Pacific (Sydney)",Closed,Not Violated,Critical - P1,Uptime Team,11-04-2026 10:23,2d 2h,FALSE
1153159,Alarm,"ALARM: ""Kims-Hospital-Prod-Web-Server-1b-CPUUtilization-85% #Alarm"" in Asia Pacific (Mumbai)",Closed,Not Violated,-,Uptime Team,11-04-2026 10:27,2d 2h,FALSE
1153160,Alarm,Jayam-Solutions(ELF) is Up,Closed,Not Violated,-,Uptime Team,11-04-2026 10:33,2d 2h,FALSE
1153161,Alarm,"ALARM: ""IWMBUZZ-PROD-WPS-ADMIN-Memory-85%-#Alarm"" in Asia Pacific (Mumbai)",Closed,Not Violated,Critical - P1,Uptime Team,11-04-2026 10:34,2d 1h,FALSE
1153162,Alarm,"ALARM: ""ABM-Prod-App+PGSQL-DB-1a-CPU-85%-#Alarm"" in Asia Pacific (Mumbai)",Closed,Not Violated,Critical - P1,Uptime Team,11-04-2026 10:36,2d 1h,FALSE
1153163,Alarm,"ALARM: ""ABM-Prod-App+PGSQL-DB-1a-CPU-85%-#Alarm"" in Asia Pacific (Mumbai)",Closed,Not Violated,Critical - P1,Uptime Team,11-04-2026 10:37,2d 1h,FALSE
1153164,Alarm,"ALARM: ""ARS-Steels-Prod-APP-1a-CPU-95%-#Alarm"" in Asia Pacific (Mumbai)",Closed,Not Violated,-,Uptime Team,11-04-2026 10:37,2d 1h,FALSE
1153165,Alarm,Jayam-Solutions(ELF) is Down from multiple locations,Closed,Not Violated,-,SMB Windows Team,11-04-2026 10:38,2d 1h,FALSE
1153167,Alarm,"ALARM: ""CenturyPly-FloorAutomation-App-DB-VolumeReadOps-#Alarm"" in Asia Pacific (Mumbai)",Closed,Not Violated,Critical - P1,Uptime Team,11-04-2026 10:40,2d 1h,FALSE
1153168,Alarm,"ALARM: ""ARS-Steels-Prod-APP-1a-CPU-90%-#Alarm"" in Asia Pacific (Mumbai)",Closed,Not Violated,-,Uptime Team,11-04-2026 10:42,2d 1h,FALSE
1153169,Alarm,"ALARM: ""ARS-Steels-Prod-APP-1a-CPU-95%-#Alarm"" in Asia Pacific (Mumbai)",Closed,Not Violated,-,Uptime Team,11-04-2026 10:42,2d 1h,FALSE
1153170,Alarm,"ALARM: ""kishorilala-Prod-SAP-B1-1b-C.P.U-85%#Alarm"" in Asia Pacific (Mumbai)",Closed,Not Violated,Critical - P1,Uptime Team,11-04-2026 10:46,2d 1h,FALSE
1153171,Alarm,"ALARM: ""Gemtech-SAP-B1-Server-Window-2022-CPU-85%-#Alarm"" in Asia Pacific (Mumbai)",Closed,Not Violated,Critical - P1,Uptime Team,11-04-2026 10:46,2d 1h,FALSE
1153172,Alarm,"ALARM: ""softweb-srishti-rds-oracle-21c-Memory-85% #Alarm"" in Asia Pacific (Mumbai)",Closed,Not Violated,Critical - P1,Uptime Team,11-04-2026 10:47,2d 1h,FALSE
1153173,Alarm,"ALARM: ""Kims-Hospital-Prod-Web-Server-1b-CPUUtilization-85% #Alarm"" in Asia Pacific (Mumbai)",Closed,Not Violated,-,Uptime Team,11-04-2026 10:50,2d 1h,FALSE
1153174,Client,Re:Request to Enable Application Servers from DR Server,Awaiting Customer Response,Not Violated,Medium - P3,SMB Windows Team,11-04-2026 10:55,2d 1h,FALSE
1153175,Alarm,"ALARM: ""AFPL-Risk-Hawk-VPN-1b-CPU-85%-#Alarm"" in Asia Pacific (Mumbai)",Closed,Not Violated,Critical - P1,Uptime Team,11-04-2026 10:59,2d 1h,FALSE
1153176,Client,Server Maintenance Plan for Akhaya Tritiya 2026,Awaiting Customer Response,Not Violated,Medium - P3,SMB Linux Team,11-04-2026 11:00,2d 1h,FALSE
1153178,Client,Server Maintenance Plan for Akhaya Tritiya 2026,Scheduled Activity,Not Violated,Medium - P3,SMB Linux Team,11-04-2026 11:00,2d 1h,FALSE
1153177,Alarm,"ALARM: ""AFPL-Risk-Hawk-VPN-1b-CPU-95%-#Alarm"" in Asia Pacific (Mumbai)",Closed,Not Violated,Medium - P3,Uptime Team,11-04-2026 11:00,2d 1h,FALSE
1153179,Alarm,"ALARM: ""kishorilala-Prod-SAP-B1-1b-Memory-85%#Alarm"" in Asia Pacific (Mumbai)",Closed,Not Violated,Critical - P1,Uptime Team,11-04-2026 11:03,2d 1h,FALSE
1153181,Alarm,"Important notice about your AWS Account regarding VPN connections [AWS Account: 422855597339, VPN Connection: vpn-07ec927381323bc9d, Tunnel Outside IP: 34.204.208.6]",Closed,Not Violated,Medium - P3,Uptime Team,11-04-2026 11:06,2d 1h,FALSE
1153182,Alarm,"ALARM: ""SriAlankar-Jwellers-App1-1b-CPU-95%-#Alarm"" in Asia Pacific (Mumbai)",Closed,Not Violated,Critical - P1,Uptime Team,11-04-2026 11:06,2d 1h,FALSE
1153183,Alarm,"ALARM: ""LeeNee-Haldia-Prod-SapB1&DB-1b-New-Memory-85%-#Alarm"" in Asia Pacific (Mumbai)",Closed,Not Violated,Critical - P1,Uptime Team,11-04-2026 11:08,2d 1h,FALSE
1153184,Alarm,"ALARM: ""Arukus-UAT-APP-CPU-85%-#Alarm"" in Asia Pacific (Mumbai)",Closed,Not Violated,Critical - P1,Uptime Team,11-04-2026 11:09,2d 1h,FALSE
1153185,Alarm,"ALARM: ""anxiprodb-instace-1-new-16-01-rds#DatabaseConnections"" in Asia Pacific (Sydney)",Closed,Not Violated,Critical - P1,Uptime Team,11-04-2026 11:11,2d 1h,FALSE
1153186,Alarm,"ALARM: ""Sampark-Spark Activity-Prod-Disk(Root)-85%#Alarm"" in Asia Pacific (Mumbai)",Closed,Not Violated,-,Uptime Team,11-04-2026 11:14,2d 1h,FALSE
1153187,Client,Print Issue,Closed,Not Violated,Medium - P3,Enterprise Windows Team,11-04-2026 11:15,2d 1h,FALSE
1153188,Alarm,"ALARM: ""Kims-Hospital-Prod-Web-Server-1b-CPUUtilization-85% #Alarm"" in Asia Pacific (Mumbai)",Closed,Not Violated,-,Uptime Team,11-04-2026 11:17,2d 1h,FALSE
1153189,Alarm,"ALARM: ""kishorilala-Prod-SAP-B1-1b-Memory-85%#Alarm"" in Asia Pacific (Mumbai)",Closed,Not Violated,Critical - P1,Uptime Team,11-04-2026 11:20,2d 1h,FALSE
1153190,Alarm,Argus News is Down from multiple locations,Closed,Not Violated,-,Uptime Team,11-04-2026 11:21,2d 1h,FALSE
1153191,Alarm,Argus News is Up,Closed,Not Violated,-,Uptime Team,11-04-2026 11:22,2d 1h,FALSE
1153192,Client,Domain Point - aq-technologies.com,Awaiting Customer Response,Not Violated,Medium - P3,Enterprise Windows Team,11-04-2026 11:25,2d 1h,FALSE
1153193,Client,DEV system access today,Awaiting Customer Response,Not Violated,Medium - P3,Enterprise Linux Team,11-04-2026 11:25,2d 1h,FALSE
1153194,Alarm,"ALARM: ""Sampark-Spark Activity-Prod-Disk(Root)-85%#Alarm"" in Asia Pacific (Mumbai)",Closed,Not Violated,-,Uptime Team,11-04-2026 11:27,2d 1h,FALSE
1153195,Alarm,"ALARM: ""ARS-Steels-Prod-APP-1a-CPU-95%-#Alarm"" in Asia Pacific (Mumbai)",Closed,Not Violated,-,Uptime Team,11-04-2026 11:27,2d 1h,FALSE
1153196,Alarm,"ALARM: ""Eleve-Diamonds-ALB-4XX-#ALARM"" in Asia Pacific (Mumbai)",Closed,Not Violated,Critical - P1,Uptime Team,11-04-2026 11:28,2d 1h,FALSE
1153197,Alarm,"ALARM: ""CenturyPly-FloorAutomation-App-DB-VolumeReadOps-#Alarm"" in Asia Pacific (Mumbai)",Closed,Not Violated,Critical - P1,Uptime Team,11-04-2026 11:30,2d 1h,FALSE
1153198,Alarm,"ALARM: ""softweb-srishti-rds-oracle-21c-Memory-85% #Alarm"" in Asia Pacific (Mumbai)",Closed,Not Violated,Critical - P1,Uptime Team,11-04-2026 11:31,2d 1h,FALSE
1153199,Alarm,"ALARM: ""ARS-Steels-Prod-APP-1a-CPU-90%-#Alarm"" in Asia Pacific (Mumbai)",Closed,Not Violated,-,Uptime Team,11-04-2026 11:32,2d 1h,FALSE
1153200,Alarm,"ALARM: ""aws-codedeploy-bitbucket-laravel-eezaamout-UAT-RDS-Freeable-Mem..."" in Asia Pacific (Mumbai)",Closed,Not Violated,Critical - P1,Uptime Team,11-04-2026 11:34,2d 0h,FALSE
1153201,Alarm,"ALARM: ""softweb-srishti-rds-oracle-21c-CPU-85% #Alarm"" in Asia Pacific (Mumbai)",Closed,Not Violated,Critical - P1,Uptime Team,11-04-2026 11:34,2d 0h,FALSE
1153202,Alarm,"ALARM: ""Sampark-Spark Activity-Prod-Disk(Root)-85%#Alarm"" in Asia Pacific (Mumbai)",Closed,Not Violated,-,Uptime Team,11-04-2026 11:35,2d 0h,FALSE
1153203,Alarm,"ALARM: ""PragtiMilk-Prod-Web-1b-CPU-85%-#Alarm"" in Asia Pacific (Mumbai)",Closed,Not Violated,-,Uptime Team,11-04-2026 11:36,2d 0h,FALSE
1153204,Alarm,"ALARM: ""ARS-Steels-Prod-APP-1a-CPU-95%-#Alarm"" in Asia Pacific (Mumbai)",Closed,Not Violated,-,Uptime Team,11-04-2026 11:37,2d 0h,FALSE
1153206,Alarm,"ALARM: ""ARS-Steels-Prod-DB-1a-CPU-95%#Alarm"" in Asia Pacific (Mumbai)",Closed,Not Violated,-,Uptime Team,11-04-2026 11:41,2d 0h,FALSE
1153207,Alarm,"ALARM: ""AMPL-eFIMO-DR-HYD-Prod-ALB-UnHealthyHostCount-#Alarm"" in Asia Pacific (Hyderabad)",Awaiting Customer Response,Not Violated,Critical - P1,SMB Windows Team,11-04-2026 11:41,2d 0h,FALSE
1153208,Alarm,"ALARM: ""ETEdge-TG-Etnowgbs-cdn-ENSA4TPDNYD15-5xxErrorRate-Alarm"" in US East (N. Virginia)",Closed,Not Violated,Critical - P1,Uptime Team,11-04-2026 11:43,2d 0h,FALSE
1153209,Alarm,"ALARM: ""kims-app-db1-CPU-90%-#Alarm"" in Asia Pacific (Hyderabad)",Closed,Not Violated,Critical - P1,Uptime Team,11-04-2026 11:44,2d 0h,FALSE
1153210,Alarm,"ALARM: ""ARS-Steels-Prod-APP-1a-CPU-95%-#Alarm"" in Asia Pacific (Mumbai)",Closed,Not Violated,-,Uptime Team,11-04-2026 11:47,2d 0h,FALSE
1153211,Alarm,"ALARM: ""CenturyPly-FloorAutomation-App-DB-VolumeReadOps-#Alarm"" in Asia Pacific (Mumbai)",Closed,Not Violated,Critical - P1,Uptime Team,11-04-2026 11:48,2d 0h,FALSE
1153212,Alarm,"ALARM: ""kims-app-db1-CPU-90%-#Alarm"" in Asia Pacific (Hyderabad)",Closed,Not Violated,Critical - P1,Uptime Team,11-04-2026 11:49,2d 0h,FALSE
1153213,Client,Workmates Backup - No successful backups reminder,Closed,Not Violated,Medium - P3,SMB Linux Team,11-04-2026 11:53,2d 0h,FALSE
1153214,Client,[CRITICAL][AWS CONFIG] NON_COMPLIANT - Volume - vol-09b7a1a665fd095d7,Closed,Not Violated,Medium - P3,Uptime Team,11-04-2026 11:54,2d 0h,FALSE
1153215,Client,[CRITICAL][AWS CONFIG] NON_COMPLIANT - Volume - vol-01dce020daf670607,Closed,Not Violated,Medium - P3,Enterprise Linux Team,11-04-2026 11:54,2d 0h,FALSE
1153219,Client,[CRITICAL][AWS CONFIG] NON_COMPLIANT - Volume - vol-0d53316fdcef8f4a2,Closed,Not Violated,Medium - P3,Uptime Team,11-04-2026 11:54,2d 0h,FALSE
1153217,Client,[CRITICAL][AWS CONFIG] NON_COMPLIANT - Volume - vol-0410dfb13ce0d2075,Closed,Not Violated,Medium - P3,Uptime Team,11-04-2026 11:54,2d 0h,FALSE
1153218,Client,[CRITICAL][AWS CONFIG] NON_COMPLIANT - Volume - vol-03d0924c80fae8c0c,Closed,Not Violated,Medium - P3,Uptime Team,11-04-2026 11:54,2d 0h,FALSE
1153216,Client,[CRITICAL][AWS CONFIG] NON_COMPLIANT - Volume - vol-0d5074c09b7e7ce5d,Closed,Not Violated,Medium - P3,Uptime Team,11-04-2026 11:54,2d 0h,FALSE
1153220,Client,[CRITICAL][AWS CONFIG] NON_COMPLIANT - Volume - vol-0c7b30e8d6d29f558,Closed,Not Violated,Medium - P3,Uptime Team,11-04-2026 11:54,2d 0h,FALSE
1153221,Client,[CRITICAL][AWS CONFIG] NON_COMPLIANT - Volume - vol-09de686246d932087,Closed,Not Violated,Medium - P3,Uptime Team,11-04-2026 11:54,2d 0h,FALSE
1153222,Client,[CRITICAL][AWS CONFIG] NON_COMPLIANT - Volume - vol-071bebcce941842ab,Closed,Not Violated,Medium - P3,Uptime Team,11-04-2026 11:54,2d 0h,FALSE
1153224,Client,[CRITICAL][AWS CONFIG] NON_COMPLIANT - Volume - vol-0b2cd41fde1fd813d,Closed,Not Violated,Medium - P3,Uptime Team,11-04-2026 11:54,2d 0h,FALSE
1153223,Client,[CRITICAL][AWS CONFIG] NON_COMPLIANT - Volume - vol-071b3a4e760fa0cb2,Closed,Not Violated,Medium - P3,Uptime Team,11-04-2026 11:54,2d 0h,FALSE
1153227,Client,[CRITICAL][AWS CONFIG] NON_COMPLIANT - Volume - vol-04b18aea7f1c41ede,Closed,Not Violated,Medium - P3,Uptime Team,11-04-2026 11:54,2d 0h,FALSE
1153226,Client,[CRITICAL][AWS CONFIG] NON_COMPLIANT - Volume - vol-09a5fc27b658e3b94,Closed,Not Violated,Medium - P3,Uptime Team,11-04-2026 11:54,2d 0h,FALSE
1153228,Client,[CRITICAL][AWS CONFIG] NON_COMPLIANT - Volume - vol-0fa83c3ae95fc6616,Closed,Not Violated,Medium - P3,Uptime Team,11-04-2026 11:54,2d 0h,FALSE
1153225,Client,[CRITICAL][AWS CONFIG] NON_COMPLIANT - Volume - vol-059adfdf65a32b554,Closed,Not Violated,Medium - P3,Uptime Team,11-04-2026 11:54,2d 0h,FALSE
1153229,Client,[CRITICAL][AWS CONFIG] NON_COMPLIANT - Volume - vol-090159449c75bf949,Closed,Not Violated,Medium - P3,Uptime Team,11-04-2026 11:54,2d 0h,FALSE
1153230,Client,[CRITICAL][AWS CONFIG] NON_COMPLIANT - Volume - vol-07e36815706842b7d,Closed,Not Violated,Medium - P3,Uptime Team,11-04-2026 11:54,2d 0h,FALSE
1153231,Client,[CRITICAL][AWS CONFIG] NON_COMPLIANT - Volume - vol-0056c49b07470067c,Closed,Not Violated,Medium - P3,Uptime Team,11-04-2026 11:54,2d 0h,FALSE
1153232,Client,[CRITICAL][AWS CONFIG] NON_COMPLIANT - Volume - vol-0cc139e504548f35b,Closed,Not Violated,Medium - P3,Uptime Team,11-04-2026 11:54,2d 0h,FALSE
1153233,Alarm,"ALARM: ""kishorilala-Prod-SAP-B1-1b-Memory-85%#Alarm"" in Asia Pacific (Mumbai)",Closed,Not Violated,Critical - P1,Uptime Team,11-04-2026 11:54,2d 0h,FALSE
1153234,Alarm,"ALARM: ""IWMBUZZ-PROD-WPS-ADMIN-Memory-85%-#Alarm"" in Asia Pacific (Mumbai)",Closed,Not Violated,Critical - P1,Uptime Team,11-04-2026 11:56,2d 0h,FALSE
1153235,Client,Reg - Restart all the server,Closed,Not Violated,Medium - P3,Uptime Team,11-04-2026 11:57,2d 0h,FALSE
1153236,Alarm,"ALARM: ""Kims-Hospital-Prod-Web-Server-1b-CPUUtilization-85% #Alarm"" in Asia Pacific (Mumbai)",Closed,Not Violated,-,Uptime Team,11-04-2026 11:57,2d 0h,FALSE
1153237,Alarm,Vawsum | https://vawsum.com/ is Down from multiple locations,Closed,Not Violated,-,Uptime Team,11-04-2026 11:57,2d 0h,FALSE
1153238,Alarm,"ALARM: ""RCB-Website-ALB-Prod-4XX-Alert"" in Asia Pacific (Mumbai)",Closed,Not Violated,-,Uptime Team,11-04-2026 11:59,2d 0h,FALSE
1153239,Alarm,"Important notice about your AWS Account regarding VPN connections [AWS Account: 415348423851, VPN Connection: vpn-0b8c036730f614b66, Tunnel Outside IP: 15.207.252.119]",Closed,Not Violated,Medium - P3,Uptime Team,11-04-2026 12:00,2d 0h,FALSE
1153240,Alarm,"ALARM: ""DocTutorial-Prod-Info-1b-CPU-85%-#Alarm"" in Asia Pacific (Mumbai)",Closed,Not Violated,Critical - P1,Uptime Team,11-04-2026 12:01,2d 0h,FALSE
1153241,Alarm,"ALARM: ""DocTutorial-Prod-Info-1b-CPU-95%-#Alarm"" in Asia Pacific (Mumbai)",Closed,Not Violated,Critical - P1,Uptime Team,11-04-2026 12:01,2d 0h,FALSE
1153242,Alarm,"ALARM: ""ABM-Prod-App+PGSQL-DB-1a-CPU-85%-#Alarm"" in Asia Pacific (Mumbai)",Closed,Not Violated,Critical - P1,Uptime Team,11-04-2026 12:01,2d 0h,FALSE
1153243,Alarm,"ALARM: ""kims-app-db2-High-Database-Connections-#Alarm"" in Asia Pacific (Hyderabad)",Closed,Not Violated,Critical - P1,Uptime Team,11-04-2026 12:01,2d 0h,FALSE
1153244,Alarm,"ALARM: ""IWMBUZZ-PROD-WPS-ADMIN-Memory-85%-#Alarm"" in Asia Pacific (Mumbai)",Closed,Not Violated,Critical - P1,Uptime Team,11-04-2026 12:02,2d 0h,FALSE
1153245,Alarm,"ALARM: ""ABM-Prod-App+PGSQL-DB-1a-CPU-85%-#Alarm"" in Asia Pacific (Mumbai)",Closed,Not Violated,Critical - P1,Uptime Team,11-04-2026 12:02,2d 0h,FALSE
1153246,Alarm,"ALARM: ""CTVN-Prod-DB-1b-CPU-85%-#Alarm"" in Asia Pacific (Mumbai)",Closed,Not Violated,Critical - P1,Uptime Team,11-04-2026 12:02,2d 0h,FALSE
1153247,Alarm,"ALARM: ""CTVN-Prod-DB-1b-CPU-95%-#Alarm"" in Asia Pacific (Mumbai)",Closed,Not Violated,Critical - P1,Uptime Team,11-04-2026 12:02,2d 0h,FALSE
1153248,Client,Meeting Regarding Monthly Billing,Scheduled Activity,Not Violated,Critical - P1,Enterprise Linux Team,11-04-2026 12:05,2d 0h,FALSE
1153249,Alarm,"ALARM: ""Arukus-UAT-MySQL-DB-CPU-85%-#Alarm"" in Asia Pacific (Mumbai)",Closed,Not Violated,Critical - P1,Uptime Team,11-04-2026 12:06,2d 0h,FALSE
1153250,Alarm,Vawsum | https://vawsum.com/ is Up,Closed,Not Violated,-,Uptime Team,11-04-2026 12:08,2d 0h,FALSE
1153251,Alarm,"ALARM: ""softweb-srishti-rds-oracle-21c-Memory-85% #Alarm"" in Asia Pacific (Mumbai)",Closed,Not Violated,Critical - P1,Uptime Team,11-04-2026 12:13,2d 0h,FALSE
1153252,Alarm,ARS Steels is Down from multiple locations,Closed,Not Violated,-,SMB Windows Team,11-04-2026 12:16,2d 0h,FALSE
1153253,Alarm,"ALARM: ""softweb-srishti-rds-oracle-21c-Memory-85% #Alarm"" in Asia Pacific (Mumbai)",Closed,Not Violated,Critical - P1,Uptime Team,11-04-2026 12:17,2d 0h,FALSE
1153254,Alarm,"ALARM: ""KFIN-AIF-Prod-Ikigai-AM-1b-CPU-85%-#Alarm"" in Asia Pacific (Mumbai)",Closed,Not Violated,Critical - P1,Uptime Team,11-04-2026 12:21,2d 0h,FALSE
1153255,Alarm,"ALARM: ""ARS-ALB-UnHealthyHostCount-TG-8080-#Alarm"" in Asia Pacific (Mumbai)",Closed,Not Violated,Critical - P1,Uptime Team,11-04-2026 12:22,2d 0h,FALSE
1153256,Alarm,"ALARM: ""softweb-srishti-rds-oracle-21c-Memory-85% #Alarm"" in Asia Pacific (Mumbai)",Closed,Not Violated,Critical - P1,Uptime Team,11-04-2026 12:24,2d 0h,FALSE
1153257,Alarm,"ALARM: ""BDG-Metal-Prod-App-1b-C.P.U-85%#Alarm"" in Asia Pacific (Mumbai)",Closed,Not Violated,High - P2,Uptime Team,11-04-2026 12:31,2d 0h,FALSE
1153258,Alarm,"ALARM: ""Kfin-rm-portal-prod-CPU-85%-#Alarm"" in Asia Pacific (Mumbai)",Closed,Not Violated,Critical - P1,Uptime Team,11-04-2026 12:32,2d 0h,FALSE
1153259,Alarm,"Important notice about your AWS Account regarding VPN connections [AWS Account: 119841209825, VPN Connection: vpn-009b048a0483e6d52, Tunnel Outside IP: 98.130.27.151]",Closed,Not Violated,Medium - P3,Uptime Team,11-04-2026 12:33,2d 0h,FALSE
1153260,Alarm,"ALARM: ""softweb-srishti-rds-oracle-21c-CPU-85% #Alarm"" in Asia Pacific (Mumbai)",Closed,Not Violated,Critical - P1,Uptime Team,11-04-2026 12:34,1d 23h,FALSE
1153261,Alarm,"ALARM: ""Shifa-Hospital-APP&DB-1b-CPU-85%#Alarm"" in Asia Pacific (Mumbai)",Closed,Not Violated,Critical - P1,Uptime Team,11-04-2026 12:36,1d 23h,FALSE
1153262,Alarm,"ALARM: ""hoichoi-aws-aps1-prod-ecs-hoichoi-analytics_high_cpu_util_alarm"" in Asia Pacific (Mumbai)",Closed,Not Violated,Critical - P1,Uptime Team,11-04-2026 12:38,1d 23h,FALSE
1153263,Alarm,"ALARM: ""LeeNee-Haldia-Prod-SapB1&DB-1b-New-Memory-85%-#Alarm"" in Asia Pacific (Mumbai)",Closed,Not Violated,Critical - P1,Uptime Team,11-04-2026 12:38,1d 23h,FALSE
1153264,Alarm,"ALARM: ""kishorilala-Prod-SAP-B1-1b-Memory-85%#Alarm"" in Asia Pacific (Mumbai)",Closed,Not Violated,Critical - P1,Uptime Team,11-04-2026 12:39,1d 23h,FALSE
1153266,Alarm,"ALARM: ""Ankura-Hospitals-Prod-SAPB1-1b-CPU-85%#Alarm"" in Asia Pacific (Mumbai)",Closed,Not Violated,Critical - P1,Uptime Team,11-04-2026 12:41,1d 23h,FALSE
1153267,Alarm,"ALARM: ""softweb-srishti-rds-oracle-21c-CPU-85% #Alarm"" in Asia Pacific (Mumbai)",Closed,Not Violated,Critical - P1,Uptime Team,11-04-2026 12:45,1d 23h,FALSE
1153268,Alarm,"ALARM: ""KC-GoldHouse-Prod-APP+DB-1b-Memory-85%-#Alarm"" in Asia Pacific (Hyderabad)",Closed,Not Violated,Critical - P1,Uptime Team,11-04-2026 12:48,1d 23h,FALSE
1153269,Alarm,"ALARM: ""KC-GoldHouse-Prod-APP+DB-1b-CPU-85%-#Alarm"" in Asia Pacific (Hyderabad)",Closed,Not Violated,Critical - P1,Uptime Team,11-04-2026 12:52,1d 23h,FALSE
1153270,Alarm,"ALARM: ""LeeNee-Haldia-Prod-SapB1&DB-1b-New-Memory-85%-#Alarm"" in Asia Pacific (Mumbai)",Closed,Not Violated,Critical - P1,Uptime Team,11-04-2026 12:52,1d 23h,FALSE
1153271,Alarm,"ALARM: ""softweb-srishti-rds-oracle-21c-Memory-85% #Alarm"" in Asia Pacific (Mumbai)",Closed,Not Violated,Critical - P1,Uptime Team,11-04-2026 12:53,1d 23h,FALSE
1153272,Alarm,Kcgoldhouse is Down from multiple locations,Closed,Not Violated,-,Enterprise Windows Team,11-04-2026 12:55,1d 23h,FALSE
1153273,Alarm,"ALARM: ""softweb-srishti-rds-oracle-21c-CPU-85% #Alarm"" in Asia Pacific (Mumbai)",Closed,Not Violated,Critical - P1,Uptime Team,11-04-2026 12:56,1d 23h,FALSE
1153274,Alarm,"ALARM: ""IWMBUZZ-PROD-WPS-ADMIN-Memory-85%-#Alarm"" in Asia Pacific (Mumbai)",Closed,Not Violated,Critical - P1,Uptime Team,11-04-2026 12:59,1d 23h,FALSE
1153275,Alarm,"ALARM: ""ARS-Steels-Prod-DB-1a-CPU-95%#Alarm"" in Asia Pacific (Mumbai)",Closed,Not Violated,Critical - P1,Uptime Team,11-04-2026 13:01,1d 23h,FALSE
1153276,Alarm,"ALARM: ""KC-GoldHouse-NLB-TG8443-UnhealthyHostCount-#Alarm"" in Asia Pacific (Hyderabad)",Closed,Not Violated,Critical - P1,Uptime Team,11-04-2026 13:02,1d 23h,FALSE
1153277,Alarm,"ALARM: ""CTVN-Prod-DB-1b-CPU-85%-#Alarm"" in Asia Pacific (Mumbai)",Closed,Not Violated,Critical - P1,Uptime Team,11-04-2026 13:02,1d 23h,FALSE
1153278,Alarm,"ALARM: ""CTVN-Prod-DB-1b-CPU-95%-#Alarm"" in Asia Pacific (Mumbai)",Closed,Not Violated,Critical - P1,Uptime Team,11-04-2026 13:02,1d 23h,FALSE
1153279,Alarm,"ALARM: ""Ankura-Hospitals-Prod-SAPB1-1b-CPU-85%#Alarm"" in Asia Pacific (Mumbai)",Closed,Not Violated,Critical - P1,Uptime Team,11-04-2026 13:02,1d 23h,FALSE
1153281,Alarm,ARS Steels is Up,Closed,Not Violated,-,Uptime Team,11-04-2026 13:03,1d 23h,FALSE
1153280,Alarm,"ALARM: ""LeeNee-Haldia-Prod-SapB1&DB-1b-New-Memory-85%-#Alarm"" in Asia Pacific (Mumbai)",Closed,Not Violated,Critical - P1,Uptime Team,11-04-2026 13:03,1d 23h,FALSE
1153282,Alarm,"ALARM: ""softweb-srishti-rds-oracle-21c-CPU-85% #Alarm"" in Asia Pacific (Mumbai)",Closed,Not Violated,Critical - P1,Uptime Team,11-04-2026 13:04,1d 23h,FALSE
1153283,Alarm,"ALARM: ""AFPL-Prod-Seceon-CCE-Pub-1b-Memory-85%-#Alarms"" in Asia Pacific (Mumbai)",Closed,Not Violated,Critical - P1,Uptime Team,11-04-2026 13:06,1d 23h,FALSE
1153285,Alarm,"ALARM: ""Kims-Hospital-Prod-Web-Server-1b-CPUUtilization-85% #Alarm"" in Asia Pacific (Mumbai)",Closed,Not Violated,-,Uptime Team,11-04-2026 13:07,1d 23h,FALSE
1153286,Alarm,AWS Cost Management: Cost anomaly detected on 2026-04-11T07:41:26.983394866Z,Closed,Not Violated,Medium - P3,SMB Linux Team,11-04-2026 13:11,1d 23h,FALSE
1153287,Alarm,"ALARM: ""Critical-KhimjiJwellers-Prod-DB-1b-CPU-95%#Alarm"" in Asia Pacific (Mumbai)",Closed,Not Violated,Critical - P1,Uptime Team,11-04-2026 13:11,1d 23h,FALSE
1153288,Alarm,AWS Cost Management: Cost anomaly detected on 2026-04-11T07:41:45.706659947Z,Internal Dependency,Not Violated,Medium - P3,-,11-04-2026 13:11,1d 23h,FALSE
1153291,Alarm,AWS Cost Management: Cost anomaly detected on 2026-04-11T07:41:54.712064916Z,Internal Dependency,Not Violated,Medium - P3,Uptime Team,11-04-2026 13:12,1d 23h,FALSE
1153292,Client,AWS Cost Management: Cost anomaly detected on 2026-04-11T07:41:59.77066743Z,Closed,Not Violated,Medium - P3,SMB Linux Team,11-04-2026 13:12,1d 23h,FALSE
1153293,Alarm,"ALARM: ""KhimjiJwellers-Prod-DB-1b-CPU-85%-Alarm"" in Asia Pacific (Mumbai)",Closed,Not Violated,Critical - P1,Uptime Team,11-04-2026 13:12,1d 23h,FALSE
1153294,Client,AWS Cost Management: Cost anomaly detected on 2026-04-11T07:42:09.8869432Z,Internal Dependency,Not Violated,Medium - P3,SMB Linux Team,11-04-2026 13:12,1d 23h,FALSE
1153295,Alarm,"ALARM: ""KIMS-Hospital_MongoDB-SCR-Shard-1-CPUUtilization-85%-#Alarm"" in Asia Pacific (Hyderabad)",Closed,Not Violated,Critical - P1,Uptime Team,11-04-2026 13:12,1d 23h,FALSE
1153296,Alarm,"ALARM: ""HoiChoi-x-CWM-x-ProdRevAmp-hoichoi-aws-aps1-prod-ecs-hoichoi-th..."" in Asia Pacific (Mumbai)",Closed,Not Violated,Critical - P1,Uptime Team,11-04-2026 13:15,1d 23h,FALSE
1153298,Alarm,"ALARM: ""RS-SS-Prod-Search-Node1-1b-CPU-85%-#Alarm"" in Asia Pacific (Mumbai)",Closed,Not Violated,Critical - P1,Uptime Team,11-04-2026 13:16,1d 23h,FALSE
1153299,Alarm,Kcgoldhouse is Up,Closed,Not Violated,-,Uptime Team,11-04-2026 13:17,1d 23h,FALSE
1153300,Alarm,"ALARM: ""hoichoi-aws-aps1-prod-ecs-hoichoi-identity_high_cpu_util_alarm"" in Asia Pacific (Mumbai)",Closed,Not Violated,Critical - P1,Uptime Team,11-04-2026 13:18,1d 23h,FALSE
1153301,Alarm,Vawsum | https://vawsum.com/ is Down from multiple locations,Closed,Not Violated,-,Uptime Team,11-04-2026 13:18,1d 23h,FALSE
1153302,Alarm,"ALARM: ""softweb-srishti-rds-oracle-21c-Memory-85% #Alarm"" in Asia Pacific (Mumbai)",Closed,Not Violated,Critical - P1,Uptime Team,11-04-2026 13:22,1d 23h,FALSE
1153303,Alarm,AWS Cost Management: Cost anomaly detected on 2026-04-11T07:52:34.177334261Z,Closed,Not Violated,Medium - P3,Enterprise Windows Team,11-04-2026 13:22,1d 23h,FALSE
1153304,Client,Re: Re: [## 1120175 ##] Reconfiguration and troubleshooting of Mysql Server,Internal Dependency,Not Violated,Medium - P3,Enterprise Linux Team,11-04-2026 13:26,1d 23h,FALSE
1153305,Alarm,"ALARM: ""SoftWeb-App-pub-server-1b-#CPUUtilization-90%-#ALARM"" in Asia Pacific (Mumbai)",Closed,Not Violated,High - P2,Uptime Team,11-04-2026 13:27,1d 23h,FALSE
1153306,Alarm,"ALARM: ""Janatha-SAP-RDP-TG-3339-unhealthy_host_count-#Alarm"" in Asia Pacific (Mumbai)",Closed,Not Violated,Critical - P1,Uptime Team,11-04-2026 13:27,1d 23h,FALSE
1153307,Alarm,Vawsum | https://vawsum.com/ is Up,Closed,Not Violated,-,Uptime Team,11-04-2026 13:29,1d 23h,FALSE
1153308,Alarm,"ALARM: ""Janatha-Snorkel-HDFC-TG12443-unhealthy-host-count-#Alarm"" in Asia Pacific (Mumbai)",Closed,Not Violated,Critical - P1,Uptime Team,11-04-2026 13:29,1d 23h,FALSE
1153309,Alarm,"ALARM: ""kishorilala-Prod-SAP-B1-1b-Memory-85%#Alarm"" in Asia Pacific (Mumbai)",Closed,Not Violated,Critical - P1,Uptime Team,11-04-2026 13:30,1d 23h,FALSE
1153310,Alarm,"ALARM: ""sepl-prod-mysql-RDS-DBconnections-200-#Alarm"" in Asia Pacific (Mumbai)",Closed,Not Violated,Critical - P1,Uptime Team,11-04-2026 13:30,1d 23h,FALSE
1153311,Alarm,"ALARM: ""JanathaGroup-Web-TG-UnhealthyHostCount-#Alarm"" in Asia Pacific (Mumbai)",Closed,Not Violated,Critical - P1,Uptime Team,11-04-2026 13:34,1d 22h,FALSE
1153312,Alarm,"Important notice about your AWS Account regarding VPN connections [AWS Account: 119841209825, VPN Connection: vpn-0b18b0a95d7ebb0c8, Tunnel Outside IP: 98.130.132.217]",Closed,Not Violated,Medium - P3,Uptime Team,11-04-2026 13:37,1d 22h,FALSE
1153313,Alarm,"ALARM: ""JanathaGroup-Dev-SAPB1-1b-StatusCheckFailed_Instance-#Alarm"" in Asia Pacific (Mumbai)",Closed,Not Violated,Critical - P1,Uptime Team,11-04-2026 13:38,1d 22h,FALSE
1153315,Alarm,"ALARM: ""softweb-srishti-rds-oracle-21c-Memory-85% #Alarm"" in Asia Pacific (Mumbai)",Closed,Not Violated,Critical - P1,Uptime Team,11-04-2026 13:43,1d 22h,FALSE
1153316,Alarm,"ALARM: ""softweb-srishti-rds-oracle-21c-CPU-85% #Alarm"" in Asia Pacific (Mumbai)",Closed,Not Violated,Critical - P1,Uptime Team,11-04-2026 13:45,1d 22h,FALSE
1153317,Alarm,"ALARM: ""JanathaGroup-Dev-SAPB1-1b-Disk(c:)-85%-#Alarm"" in Asia Pacific (Mumbai)",Awaiting Customer Response,Not Violated,Critical - P1,Uptime Team,11-04-2026 13:47,1d 22h,FALSE
1153318,Alarm,Health Event: AWS TRUSTEDADVISOR MAINTENANCE SCHEDULED in global on account 441183518352.,Internal Dependency,Not Violated,Medium - P3,DevOps Team,11-04-2026 13:47,1d 22h,FALSE
1153319,Alarm,"ALARM: ""JanathaGroup-Dev-SAPB1-1b-StatusCheckFailed_Instance-#Alarm"" in Asia Pacific (Mumbai)",Closed,Not Violated,Critical - P1,Uptime Team,11-04-2026 13:47,1d 22h,FALSE
1153320,Alarm,"ALARM: ""softweb-srishti-rds-oracle-21c-CPU-85% #Alarm"" in Asia Pacific (Mumbai)",Closed,Not Violated,Critical - P1,Uptime Team,11-04-2026 13:53,1d 22h,FALSE
1153321,Alarm,"ALARM: ""softweb-srishti-rds-oracle-21c-Memory-85% #Alarm"" in Asia Pacific (Mumbai)",Closed,Not Violated,Critical - P1,Uptime Team,11-04-2026 13:54,1d 22h,FALSE
1153322,Alarm,"ALARM: ""kishorilala-Prod-SAP-B1-1b-Memory-85%#Alarm"" in Asia Pacific (Mumbai)",Closed,Not Violated,Critical - P1,Uptime Team,11-04-2026 13:55,1d 22h,FALSE
1153323,Alarm,"ALARM: ""JanathaGroup-Dev-SAPB1-1b-StatusCheckFailed_Instance-#Alarm"" in Asia Pacific (Mumbai)",Closed,Not Violated,Critical - P1,Uptime Team,11-04-2026 13:56,1d 22h,FALSE
1153324,Alarm,"ALARM: ""sepl-prod-mysql-RDS-DBconnections-200-#Alarm"" in Asia Pacific (Mumbai)",Closed,Not Violated,Critical - P1,Uptime Team,11-04-2026 14:04,1d 22h,FALSE
1153325,Alarm,"ALARM: ""Janatha-SAP-RDP-TG-3339-unhealthy_host_count-#Alarm"" in Asia Pacific (Mumbai)",Closed,Not Violated,Critical - P1,Uptime Team,11-04-2026 14:07,1d 22h,FALSE
1153326,Alarm,"ALARM: ""JanathaGroup-Web-TG-UnhealthyHostCount-#Alarm"" in Asia Pacific (Mumbai)",Closed,Not Violated,Critical - P1,Uptime Team,11-04-2026 14:07,1d 22h,FALSE
1153327,Alarm,"ALARM: ""JanathaGroup-Dev-SAPB1-1b-StatusCheckFailed_Instance-#Alarm"" in Asia Pacific (Mumbai)",Closed,Not Violated,Critical - P1,Uptime Team,11-04-2026 14:09,1d 22h,FALSE
1153328,Alarm,"ALARM: ""CTVN-Prod-DB-1b-CPU-85%-#Alarm"" in Asia Pacific (Mumbai)",Closed,Not Violated,Critical - P1,Uptime Team,11-04-2026 14:12,1d 22h,FALSE
1153329,Client,Re: Urgent: Termination of Infrastructure for Nandus AI Projects,Internal Dependency,Not Violated,Medium - P3,SMB Linux Team,11-04-2026 14:15,1d 22h,FALSE
1153330,Alarm,AWS Notification - Subscription Confirmation,Closed,Not Violated,Medium - P3,DevOps Team,11-04-2026 14:15,1d 22h,FALSE
1153331,Alarm,AWS Notification - Subscription Confirmation,Closed,Not Violated,Medium - P3,-,11-04-2026 14:16,1d 22h,FALSE
1153332,Alarm,"ALARM: ""Janatha-SAP-RDP-TG-3339-unhealthy_host_count-#Alarm"" in Asia Pacific (Mumbai)",Closed,Not Violated,Critical - P1,Uptime Team,11-04-2026 14:20,1d 22h,FALSE
1153333,Alarm,Argus News is Down from multiple locations,Closed,Not Violated,-,Uptime Team,11-04-2026 14:20,1d 22h,FALSE
1153334,Alarm,Argus News is Up,Closed,Not Violated,-,Uptime Team,11-04-2026 14:20,1d 22h,FALSE
1153335,Alarm,"ALARM: ""JanathaGroup-Web-TG-UnhealthyHostCount-#Alarm"" in Asia Pacific (Mumbai)",Closed,Not Violated,Critical - P1,Uptime Team,11-04-2026 14:20,1d 22h,FALSE
1153336,Alarm,"ALARM: ""JanathaGroup-Dev-SAPB1-1b-StatusCheckFailed_Instance-#Alarm"" in Asia Pacific (Mumbai)",Closed,Not Violated,Critical - P1,Uptime Team,11-04-2026 14:22,1d 22h,FALSE
1153337,Alarm,"ALARM: ""sepl-prod-mysql-RDS-DBconnections-200-#Alarm"" in Asia Pacific (Mumbai)",Closed,Not Violated,Critical - P1,Uptime Team,11-04-2026 14:27,1d 22h,FALSE
1153338,Alarm,"ALARM: ""Janatha-SAP-RDP-TG-3339-unhealthy_host_count-#Alarm"" in Asia Pacific (Mumbai)",Closed,Not Violated,Critical - P1,Uptime Team,11-04-2026 14:30,1d 22h,FALSE
1153339,Alarm,"ALARM: ""JanathaGroup-Web-TG-UnhealthyHostCount-#Alarm"" in Asia Pacific (Mumbai)",Closed,Not Violated,-,Uptime Team,11-04-2026 14:30,1d 22h,FALSE
1153340,Alarm,"ALARM: ""JanathaGroup-Dev-SAPB1-1b-StatusCheckFailed_Instance-#Alarm"" in Asia Pacific (Mumbai)",Closed,Not Violated,-,Uptime Team,11-04-2026 14:31,1d 22h,FALSE
1153341,Alarm,"ALARM: ""CTVN-Prod-DB-1b-CPU-85%-#Alarm"" in Asia Pacific (Mumbai)",Closed,Not Violated,Critical - P1,Uptime Team,11-04-2026 14:32,1d 22h,FALSE
1153343,Alarm,"Warning: ""JanathaGroup-Dev-SAPB1-1b-StatusCheckFailed_Instance-#Alarm"" in Asia Pacific (Mumbai)",Closed,Not Violated,-,Uptime Team,11-04-2026 14:32,1d 22h,FALSE
1153342,Alarm,"ALARM: ""CTVN-Prod-DB-1b-CPU-95%-#Alarm"" in Asia Pacific (Mumbai)",Closed,Not Violated,Critical - P1,Uptime Team,11-04-2026 14:32,1d 22h,FALSE
1153344,Alarm,"ALARM: ""sepl-prod-mysql-RDS-DBconnections-200-#Alarm"" in Asia Pacific (Mumbai)",Closed,Not Violated,Critical - P1,Uptime Team,11-04-2026 14:38,1d 21h,FALSE
1153345,Alarm,"ALARM: ""JanathaGroup-Web-TG-UnhealthyHostCount-#Alarm"" in Asia Pacific (Mumbai)",Closed,Not Violated,-,Uptime Team,11-04-2026 14:39,1d 21h,FALSE
1153346,Alarm,Argus News is Down from multiple locations,Closed,Not Violated,-,Uptime Team,11-04-2026 14:40,1d 21h,FALSE
1153349,Alarm,AWS Cost Spike Alert (Service-wise),Internal Dependency,Not Violated,Medium - P3,DevOps Team,11-04-2026 14:42,1d 21h,FALSE
1153350,Alarm,Argus News is Up,Closed,Not Violated,-,Uptime Team,11-04-2026 14:42,1d 21h,FALSE
1153351,Alarm,AWS Cost Spike Alert (Detailed),Internal Dependency,Not Violated,Medium - P3,DevOps Team,11-04-2026 14:44,1d 21h,FALSE
1153352,Alarm,"ALARM: ""Zista-Education-Prod-App-Pvt-1b-CPU-95%(Critical)-#Alarm"" in Asia Pacific (Mumbai)",Closed,Not Violated,Critical - P1,Uptime Team,11-04-2026 14:44,1d 21h,FALSE
1153353,Alarm,"ALARM: ""Zista-Education-Prod-App-Pvt-1b-CPU-85%-#Alarm"" in Asia Pacific (Mumbai)",Closed,Not Violated,Critical - P1,Uptime Team,11-04-2026 14:45,1d 21h,FALSE
1153354,Alarm,Zista Education | https://digital.zistaeducation.com/ is Down from multiple locations,Closed,Not Violated,-,Uptime Team,11-04-2026 14:45,1d 21h,FALSE
1153358,Alarm,Zista Education | https://digital.zistaeducation.com/ is Up,Closed,Not Violated,-,Uptime Team,11-04-2026 14:46,1d 21h,FALSE
1153359,Client,RE:[CASE 177589894900340] High CloudFront charge enquiry,Closed,Not Violated,Medium - P3,Enterprise Linux Team,11-04-2026 14:46,1d 21h,FALSE
1153360,Alarm,AWS Cost Spike Alert (CloudFront/DataTransfer),Closed,Not Violated,Medium - P3,Uptime Team,11-04-2026 14:48,1d 21h,FALSE
1153361,Client,TSO Api Deployment,Resolved,Not Violated,Medium - P3,SMB Linux Team,11-04-2026 14:49,1d 21h,FALSE
1153362,Client,TSO ADMIN PANEL DEPLOYEMENT,Resolved,Not Violated,Medium - P3,SMB Linux Team,11-04-2026 14:50,1d 21h,FALSE
1153363,Alarm,"ALARM: ""softweb-srishti-rds-oracle-21c-CPU-85% #Alarm"" in Asia Pacific (Mumbai)",Closed,Not Violated,Critical - P1,Uptime Team,11-04-2026 14:55,1d 21h,FALSE
1153364,Alarm,AWS Cost Spike Alert (CloudFront/DataTransfer),Internal Dependency,Not Violated,Medium - P3,DevOps Team,11-04-2026 14:57,1d 21h,FALSE
1153365,Alarm,AWS Cost Spike Alert  ,Internal Dependency,Not Violated,Medium - P3,DevOps Team,11-04-2026 15:02,1d 21h,FALSE
1153366,Alarm,AWS Cost Spike Alert || Multistream-L2 | 121611421348  ,Closed,Not Violated,Medium - P3,Uptime Team,11-04-2026 15:04,1d 21h,FALSE
1153367,Alarm,"ALARM: ""softweb-srishti-rds-oracle-21c-Memory-85% #Alarm"" in Asia Pacific (Mumbai)",Closed,Not Violated,Critical - P1,Uptime Team,11-04-2026 15:05,1d 21h,FALSE
1153368,Alarm,"ALARM: ""sepl-prod-mysql-RDS-DBconnections-200-#Alarm"" in Asia Pacific (Mumbai)",Closed,Not Violated,-,Uptime Team,11-04-2026 15:09,1d 21h,FALSE
1153369,Client,Request to Change RDP Auto Logout Time in App server,Awaiting Customer Response,Not Violated,Medium - P3,Enterprise Windows Team,11-04-2026 15:10,1d 21h,FALSE
1153370,Alarm,"ALARM: ""ETEdge-TG-Etnowgbs-cdn-ENSA4TPDNYD15-5xxErrorRate-Alarm"" in US East (N. Virginia)",Closed,Not Violated,Critical - P1,Uptime Team,11-04-2026 15:11,1d 21h,FALSE
1153371,Client,SH-MS-ES  (11-04-2026),Closed,Not Violated,Medium - P3,-,11-04-2026 15:12,1d 21h,FALSE
1153372,Alarm,AWS Cost Spike Alert  ,Closed,Not Violated,Medium - P3,Enterprise Linux Team,11-04-2026 15:14,1d 21h,FALSE
1153373,Alarm,AWS Cost Spike Alert  ,Closed,Not Violated,Medium - P3,Uptime Team,11-04-2026 15:17,1d 21h,FALSE
1153374,Alarm,"ALARM: ""kishorilala-Prod-SAP-B1-1b-Memory-85%#Alarm"" in Asia Pacific (Mumbai)",Closed,Not Violated,Critical - P1,Uptime Team,11-04-2026 15:18,1d 21h,FALSE
1153375,Alarm,"ALARM: ""sepl-prod-mysql-RDS-DBconnections-200-#Alarm"" in Asia Pacific (Mumbai)",Closed,Not Violated,-,Uptime Team,11-04-2026 15:18,1d 21h,FALSE
1153376,Alarm,AWS Cost Spike Alert  ,Internal Dependency,Not Violated,Medium - P3,DevOps Team,11-04-2026 15:20,1d 21h,FALSE
1153378,Alarm,"ALARM: ""Genupathlab-ITDOSE-DB-1b-FreeSpace-Disk(D)-15%-#Alarm"" in Asia Pacific (Mumbai)",Closed,Not Violated,Critical - P1,Uptime Team,11-04-2026 15:21,1d 21h,FALSE
1153377,Alarm,"ALARM: ""Genupathlab-ITDOSE-DB-1b-FreeSpace-Disk(D)-15%-#Alarm"" in Asia Pacific (Mumbai)",Closed,Not Violated,Critical - P1,Uptime Team,11-04-2026 15:21,1d 21h,FALSE
1153379,Alarm,"ALARM: ""Midland-MIS-Prod-Server-1a-CPU-85%-#Alarm"" in Asia Pacific (Mumbai)",Closed,Not Violated,Critical - P1,Uptime Team,11-04-2026 15:22,1d 21h,FALSE
1153380,Alarm,"ALARM: ""Shrachi-Mediapackage-SSENSRT1-EgressResponseTime-#Alarm"" in Asia Pacific (Mumbai)",Closed,Not Violated,Critical - P1,SMB Linux Team,11-04-2026 15:25,1d 21h,FALSE
1153381,Alarm,"ALARM: ""stream1.ssen.co-4xx-error-#Alarm"" in US East (N. Virginia)",Closed,Not Violated,Critical - P1,SMB Linux Team,11-04-2026 15:28,1d 21h,FALSE
1153382,Alarm,AWS Cost Spike Alert  ,Internal Dependency,Not Violated,Medium - P3,DevOps Team,11-04-2026 15:28,1d 21h,FALSE
1153384,Alarm,"ALARM: ""sepl-prod-mysql-RDS-DBconnections-200-#Alarm"" in Asia Pacific (Mumbai)",Closed,Not Violated,-,Uptime Team,11-04-2026 15:28,1d 21h,FALSE
1153383,Client,Re: Regarding Workmates billing,Internal Dependency,Not Violated,Medium - P3,Enterprise Linux Team,11-04-2026 15:28,1d 21h,FALSE
1153385,Alarm,AWS Cost Spike Alert  ,Internal Dependency,Not Violated,Medium - P3,DevOps Team,11-04-2026 15:32,1d 21h,FALSE
1153386,Alarm,"ALARM: ""Midland-MIS-Prod-Server-1a-CPU-85%-#Alarm"" in Asia Pacific (Mumbai)",Closed,Not Violated,Critical - P1,Uptime Team,11-04-2026 15:32,1d 21h,FALSE
1153387,Alarm,"ALARM: ""Kims-Hospital-KSRVPRDDB-Server-2b-Memory-90%-#Alarm"" in Asia Pacific (Hyderabad)",Closed,Not Violated,-,Uptime Team,11-04-2026 15:32,1d 21h,FALSE
1153388,Client,VPN Reset,Closed,Not Violated,Medium - P3,Uptime Team,11-04-2026 15:33,1d 20h,FALSE
1153389,Alarm,AWS Cost Spike Alert  ,Closed,Not Violated,Medium - P3,Uptime Team,11-04-2026 15:34,1d 20h,FALSE
1153390,Alarm,"ALARM: ""softweb-srishti-rds-oracle-21c-Memory-85% #Alarm"" in Asia Pacific (Mumbai)",Closed,Not Violated,Critical - P1,Uptime Team,11-04-2026 15:36,1d 20h,FALSE
1153391,Alarm,AWS Cost Spike Alert  ,Closed,Not Violated,Medium - P3,Uptime Team,11-04-2026 15:38,1d 20h,FALSE
1153392,Alarm,"ALARM: ""Kims-Hospital-Prod-Web-Server-1b-CPUUtilization-85% #Alarm"" in Asia Pacific (Mumbai)",Closed,Not Violated,-,Uptime Team,11-04-2026 15:39,1d 20h,FALSE
1153393,Alarm,"ALARM: ""sepl-prod-mysql-RDS-DBconnections-200-#Alarm"" in Asia Pacific (Mumbai)",Closed,Not Violated,-,Uptime Team,11-04-2026 15:39,1d 20h,FALSE
1153395,Alarm,"ALARM: ""Vawsum-Prime-UAT-APP-1a-CPUUtilization-85%-#Alarm"" in Asia Pacific (Mumbai)",Closed,Not Violated,Critical - P1,Uptime Team,11-04-2026 15:41,1d 20h,FALSE
1153396,Alarm,AWS Cost Spike Alert  ,Closed,Not Violated,Medium - P3,Uptime Team,11-04-2026 15:41,1d 20h,FALSE
1153397,Alarm,"ALARM: ""SURAJLOGISTIX-Prod-App-Pub-1c-Memory-90%#Alarm"" in Asia Pacific (Mumbai)",Closed,Not Violated,-,Uptime Team,11-04-2026 15:42,1d 20h,FALSE
1153398,Alarm,"ALARM: ""Midland-MIS-Prod-Server-1a-CPU-85%-#Alarm"" in Asia Pacific (Mumbai)",Closed,Not Violated,Critical - P1,Uptime Team,11-04-2026 15:42,1d 20h,FALSE
1153399,Alarm,AWS Cost Alert,Closed,Not Violated,Medium - P3,Uptime Team,11-04-2026 15:44,1d 20h,FALSE
1153400,Alarm,"ALARM: ""kishorilala-Prod-SAP-B1-1b-Memory-85%#Alarm"" in Asia Pacific (Mumbai)",Closed,Not Violated,Critical - P1,Uptime Team,11-04-2026 15:44,1d 20h,FALSE
1153401,Alarm,"ALARM: ""Kims-Hospital-KSRVPRDDB-Server-2b-Memory-90%-#Alarm"" in Asia Pacific (Hyderabad)",Closed,Not Violated,-,Uptime Team,11-04-2026 15:45,1d 20h,FALSE
1153402,Alarm,AWS Cost Alert  ,Closed,Not Violated,Medium - P3,Uptime Team,11-04-2026 15:47,1d 20h,FALSE
1153403,Alarm,"ALARM: ""Kims-Hospital-Prod-Web-Server-1b-CPUUtilization-85% #Alarm"" in Asia Pacific (Mumbai)",Closed,Not Violated,-,Uptime Team,11-04-2026 15:47,1d 20h,FALSE
1153404,Alarm,AWS Cost Spike Alert  ,Closed,Not Violated,Medium - P3,Uptime Team,11-04-2026 15:48,1d 20h,FALSE
1153405,Alarm,"ALARM: ""MBM-Group-Prod-DB-1b-CPU-85%-#Alarm"" in Asia Pacific (Mumbai)",Closed,Not Violated,Critical - P1,Uptime Team,11-04-2026 15:50,1d 20h,FALSE
1153406,Alarm,"ALARM: ""Cnergee-Prod-MYSQL-1b-Memory-95%(Critical)-#Alarm"" in Asia Pacific (Mumbai)",Closed,Not Violated,-,Uptime Team,11-04-2026 15:52,1d 20h,FALSE
1153407,Alarm,AWS Cost Spike Alert  ,Closed,Not Violated,Medium - P3,Uptime Team,11-04-2026 15:52,1d 20h,FALSE
1153408,Alarm,"ALARM: ""sepl-prod-mysql-RDS-DBconnections-200-#Alarm"" in Asia Pacific (Mumbai)",Closed,Not Violated,Critical - P1,Uptime Team,11-04-2026 15:53,1d 20h,FALSE
1153409,Alarm,AWS Cost Spike Alert  ,Closed,Not Violated,Medium - P3,Uptime Team,11-04-2026 15:55,1d 20h,FALSE
1153410,Alarm,"ALARM: ""sepl-prod-mysql-RDS-DBconnections-200-#Alarm"" in Asia Pacific (Mumbai)",Closed,Not Violated,Critical - P1,Uptime Team,11-04-2026 15:58,1d 20h,FALSE
1153411,Alarm,"ALARM: ""ETEdge-TG-CDN-INSIGHTS-ET3TON8I54DZP-5xxErrorRate-Alarm"" in US East (N. Virginia)",Closed,Not Violated,Critical - P1,Uptime Team,11-04-2026 15:58,1d 20h,FALSE
1153412,Alarm,⚠️ AWS Cost Alert: 2026-04-10,Internal Dependency,Not Violated,Medium - P3,DevOps Team,11-04-2026 15:59,1d 20h,FALSE
1153413,Alarm,"ALARM: ""ARS-Steels-Prod-APP-1a-CPU-90%-#Alarm"" in Asia Pacific (Mumbai)",Closed,Not Violated,-,Uptime Team,11-04-2026 16:00,1d 20h,FALSE
1153414,Alarm,"ALARM: ""AFPL-Gold-Loan-Prod-DB-Mem-85%-#Alarm"" in Asia Pacific (Mumbai)",Closed,Not Violated,Critical - P1,Uptime Team,11-04-2026 16:00,1d 20h,FALSE
1153415,Alarm,"ALARM: ""sepl-prod-mysql-RDS-DBconnections-200-#Alarm"" in Asia Pacific (Mumbai)",Closed,Not Violated,Critical - P1,Uptime Team,11-04-2026 16:01,1d 20h,FALSE
1153416,Alarm,"ALARM: ""softweb-srishti-rds-oracle-21c-Memory-85% #Alarm"" in Asia Pacific (Mumbai)",Closed,Not Violated,Critical - P1,Uptime Team,11-04-2026 16:03,1d 20h,FALSE
1153417,Alarm,⚠️ AWS Cost Alert: 2026-04-10,Closed,Not Violated,Medium - P3,DevOps Team,11-04-2026 16:06,1d 20h,FALSE
1153418,Alarm,"ALARM: ""AFPL-Prod-Seceon-CCE-Pub-1b-Memory-85%-#Alarms"" in Asia Pacific (Mumbai)",Closed,Not Violated,-,Uptime Team,11-04-2026 16:06,1d 20h,FALSE
1153421,Alarm,"ALARM: ""Kims-Hospital-Prod-Web-Server-1b-CPUUtilization-85% #Alarm"" in Asia Pacific (Mumbai)",Closed,Not Violated,-,Uptime Team,11-04-2026 16:07,1d 20h,FALSE
1153422,Alarm,AWS Cost Alert: 2026-04-10,Internal Dependency,Not Violated,Medium - P3,DevOps Team,11-04-2026 16:09,1d 20h,FALSE
1153423,Alarm,"ALARM: ""ETEdge-TG-CDN-INSIGHTS-ET3TON8I54DZP-5xxErrorRate-Alarm"" in US East (N. Virginia)",Closed,Not Violated,Critical - P1,Uptime Team,11-04-2026 16:10,1d 20h,FALSE
1153424,Alarm,  AWS Alert: 2026-04-10,Internal Dependency,Not Violated,Medium - P3,DevOps Team,11-04-2026 16:14,1d 20h,FALSE
1153425,Alarm,AWS Alert: 2026-04-10,Closed,Not Violated,Medium - P3,DevOps Team,11-04-2026 16:16,1d 20h,FALSE
1153426,Alarm,"ALARM: ""HoiChoi-x-CWM-x-ProdRevAmp-hoichoi-aws-aps1-prod-ecs-hoichoi-th..."" in Asia Pacific (Mumbai)",Closed,Not Violated,Critical - P1,Uptime Team,11-04-2026 16:17,1d 20h,FALSE
1153427,Alarm,"ALARM: ""aws-codedeploy-bitbucket-laravel-eezaamout-UAT-RDS-Freeable-Mem..."" in Asia Pacific (Mumbai)",Closed,Not Violated,Critical - P1,Uptime Team,11-04-2026 16:18,1d 20h,FALSE
1153428,Alarm,⚠️ AWS Cost Alert: 2026-04-10,Closed,Not Violated,Medium - P3,Uptime Team,11-04-2026 16:19,1d 20h,FALSE
1153429,Alarm,"ALARM: ""aws-codedeploy-bitbucket-laravel-eezaamout-UAT-RDS-Freeable-Mem..."" in Asia Pacific (Mumbai)",Closed,Not Violated,Critical - P1,Uptime Team,11-04-2026 16:22,1d 20h,FALSE
1153430,Alarm,"ALARM: ""sepl-prod-mysql-RDS-DBconnections-200-#Alarm"" in Asia Pacific (Mumbai)",Closed,Not Violated,Critical - P1,Uptime Team,11-04-2026 16:23,1d 20h,FALSE
1153431,Alarm,⚠️ AWS Cost Alert: 2026-04-10,Closed,Not Violated,Medium - P3,Uptime Team,11-04-2026 16:24,1d 20h,FALSE
1153432,Alarm,"ALARM: ""AFPL-Gold-Loan-Prod-DB-Mem-85%-#Alarm"" in Asia Pacific (Mumbai)",Closed,Not Violated,Critical - P1,Uptime Team,11-04-2026 16:28,1d 20h,FALSE
1153433,Alarm,⚠️ AWS Cost Alert: Multistream-L2 | 121611421348 2026-04-10,Closed,Not Violated,Medium - P3,DevOps Team,11-04-2026 16:32,1d 20h,FALSE
1153434,Alarm,⚠️ AWS Cost Alert: Multistream-L2 | 121611421348 2026-04-10,Closed,Not Violated,Medium - P3,DevOps Team,11-04-2026 16:33,1d 20h,FALSE
1153435,Alarm,"ALARM: ""sepl-prod-mysql-RDS-DBconnections-200-#Alarm"" in Asia Pacific (Mumbai)",Closed,Not Violated,-,Uptime Team,11-04-2026 16:33,1d 19h,FALSE
1153436,Client,Server Schedule For Tomorrow 12 Apr 2026,Scheduled Activity,Not Violated,Medium - P3,SMB Linux Team,11-04-2026 16:38,1d 19h,FALSE
1153438,Alarm,"ALARM: ""Prod-rds(Addatimes)-cpu-85%-#Alarm"" in Asia Pacific (Mumbai)",Closed,Not Violated,Critical - P1,Uptime Team,11-04-2026 16:41,1d 19h,FALSE
1153439,Alarm,"ALARM: ""PrestigePlastics-Prod-Tally-1b-Memory-85%-#Alarm"" in Africa (Cape Town)",Closed,Not Violated,Critical - P1,Uptime Team,11-04-2026 16:47,1d 19h,FALSE
1153441,Alarm,"ALARM: ""AFPL-Prod-Seceon-CCE-Pub-1b-Memory-85%-#Alarms"" in Asia Pacific (Mumbai)",Closed,Not Violated,-,Uptime Team,11-04-2026 16:50,1d 19h,FALSE
1153443,Alarm,"ALARM: ""Eleve-Diamonds-ALB-4XX-#ALARM"" in Asia Pacific (Mumbai)",Closed,Not Violated,Critical - P1,Uptime Team,11-04-2026 16:51,1d 19h,FALSE
1153444,Alarm,"ALARM: ""LeeNee-Rama-Overseas-Prod-App-1b-Disk(C)-VolumeAvgThroughput#Alarm"" in Asia Pacific (Mumbai)",Closed,Not Violated,-,Uptime Team,11-04-2026 16:52,1d 19h,FALSE
1153445,Alarm,AWS Budgets: PRESTIGE_PLASTICS-SARL-Budget has exceeded your alert threshold,Closed,Not Violated,Medium - P3,SMB Linux Team,11-04-2026 16:56,1d 19h,FALSE
1153446,Alarm,"ALARM: ""anxiprodb-instace-1-new-16-01-rds#DatabaseConnections"" in Asia Pacific (Sydney)",Closed,Not Violated,Critical - P1,Uptime Team,11-04-2026 16:58,1d 19h,FALSE
1153447,Alarm,AWS Notification - Subscription Confirmation,Closed,Not Violated,Medium - P3,Uptime Team,11-04-2026 16:59,1d 19h,FALSE
1153448,Alarm,"ALARM: ""Ankura-Hospitals-Prod-HANA-1b-Disk-(/hana/data)-85%#Alarm"" in Asia Pacific (Mumbai)",Awaiting Customer Response,Not Violated,Critical - P1,Uptime Team,11-04-2026 16:59,1d 19h,FALSE
1153449,Alarm,In10Media is Down from multiple locations,Closed,Not Violated,-,Uptime Team,11-04-2026 17:02,1d 19h,FALSE
1153450,Alarm,In10Media is Up,Closed,Not Violated,-,Uptime Team,11-04-2026 17:03,1d 19h,FALSE
1153451,Alarm,"ALARM: ""anxiprodb-instace-1-new-16-01-rds#DatabaseConnections"" in Asia Pacific (Sydney)",Closed,Not Violated,Critical - P1,Uptime Team,11-04-2026 17:03,1d 19h,FALSE
1153452,Alarm,"ALARM: ""kims-app-db1-CPU-90%-#Alarm"" in Asia Pacific (Hyderabad)",Closed,Not Violated,Critical - P1,Uptime Team,11-04-2026 17:05,1d 19h,FALSE
1153453,Alarm,AWS Notification - Subscription Confirmation,Closed,Not Violated,Medium - P3,Uptime Team,11-04-2026 17:10,1d 19h,FALSE
1153454,Alarm,"ALARM: ""softweb-srishti-rds-oracle-21c-CPU-85% #Alarm"" in Asia Pacific (Mumbai)",Closed,Not Violated,Critical - P1,Uptime Team,11-04-2026 17:13,1d 19h,FALSE
1153455,Alarm,"ALARM: ""Kims-Hospital-KSRVPRDDB-Server-2b-Memory-90%-#Alarm"" in Asia Pacific (Hyderabad)",Closed,Not Violated,-,Uptime Team,11-04-2026 17:22,1d 19h,FALSE
1153456,Alarm,"ALARM: ""softweb-srishti-rds-oracle-21c-CPU-85% #Alarm"" in Asia Pacific (Mumbai)",Closed,Not Violated,Critical - P1,Uptime Team,11-04-2026 17:25,1d 19h,FALSE
1153457,Alarm,"ALARM: ""Dev_DevOps_test-Prod-CPU-95%#Alarm"" in Asia Pacific (Mumbai)",Closed,Not Violated,Critical - P1,Uptime Team,11-04-2026 17:26,1d 19h,FALSE
1153458,Alarm,"ALARM: ""Eleve-Diamonds-ALB-4XX-#ALARM"" in Asia Pacific (Mumbai)",Closed,Not Violated,Critical - P1,Uptime Team,11-04-2026 17:26,1d 19h,FALSE
1153459,Alarm,"ALARM: ""SoftWeb-App-pub-server-1b-#CPUUtilization-90%-#ALARM"" in Asia Pacific (Mumbai)",Closed,Not Violated,High - P2,Uptime Team,11-04-2026 17:26,1d 19h,FALSE
1153460,Alarm,"ALARM: ""Dev_DevOps_test-Prod-CPU-85%#Alarm"" in Asia Pacific (Mumbai)",Closed,Not Violated,Critical - P1,Uptime Team,11-04-2026 17:27,1d 19h,FALSE
1153461,Alarm,"ALARM: ""Eleve-Diamonds-ALB-4XX-#ALARM"" in Asia Pacific (Mumbai)",Closed,Not Violated,Critical - P1,Uptime Team,11-04-2026 17:33,1d 18h,FALSE
1153462,Alarm,"ALARM: ""softweb-srishti-rds-oracle-21c-Memory-85% #Alarm"" in Asia Pacific (Mumbai)",Closed,Not Violated,Critical - P1,Uptime Team,11-04-2026 17:35,1d 18h,FALSE
1153463,Alarm,"ALARM: ""ARS-Steels-Prod-APP-1a-CPU-95%-#Alarm"" in Asia Pacific (Mumbai)",Closed,Not Violated,-,Uptime Team,11-04-2026 17:37,1d 18h,FALSE
1153465,Alarm,"ALARM: ""ORFIL-orfil-db-report-PROD-RDS-CPU-Alert"" in Asia Pacific (Mumbai)",Closed,Not Violated,-,Uptime Team,11-04-2026 17:42,1d 18h,FALSE
1153466,Alarm,"ALARM: ""ORFIL-orfil-db-report-PROD-RDS-CPU-Alert"" in Asia Pacific (Mumbai)",Closed,Not Violated,-,Uptime Team,11-04-2026 17:42,1d 18h,FALSE
1153467,Client,AWS Cost Management: Cost anomaly detected on 2026-04-11T12:13:39.047712662Z,Closed,Not Violated,Medium - P3,Enterprise Windows Team,11-04-2026 17:43,1d 18h,FALSE
1153468,Alarm,"ALARM: ""AFPL-Prod-Seceon-CCE-Pub-1b-Memory-85%-#Alarms"" in Asia Pacific (Mumbai)",Closed,Not Violated,-,Uptime Team,11-04-2026 17:49,1d 18h,FALSE
1153470,Alarm,"ALARM: ""Kims-Hospital-Prod-Web-Server-1b-CPUUtilization-85% #Alarm"" in Asia Pacific (Mumbai)",Closed,Not Violated,-,Uptime Team,11-04-2026 17:52,1d 18h,FALSE
1153471,Client,Workmates Backup - No successful backups reminder,Closed,Not Violated,Medium - P3,SMB Linux Team,11-04-2026 17:53,1d 18h,FALSE
1153472,Alarm,"ALARM: ""ComfortLady-HanaDB-Memory-85%-#Alarm"" in Asia Pacific (Mumbai)",Closed,Not Violated,Critical - P1,Uptime Team,11-04-2026 17:53,1d 18h,FALSE
1153473,Alarm,"ALARM: ""ComfortLady-Prod-HanaDB-1b-Memory-85%-#Alarm"" in Asia Pacific (Mumbai)",Closed,Not Violated,Critical - P1,Uptime Team,11-04-2026 17:53,1d 18h,FALSE
1153474,Alarm,"ALARM: ""RS-SS-PROD-API-1-AP-1b-CPU-85%-#Alarm"" in Asia Pacific (Mumbai)",Closed,Not Violated,Critical - P1,Uptime Team,11-04-2026 18:07,1d 18h,FALSE
1153475,Alarm,"ALARM: ""SURAJLOGISTIX-Prod-App-Pub-1c-CPU-90%-#Alarm"" in Asia Pacific (Mumbai)",Closed,Not Violated,-,Uptime Team,11-04-2026 18:08,1d 18h,FALSE
1153476,Alarm,"ALARM: ""SoftWeb-DB-Pvt-1b-#CPUUtilization-95%-#ALARM"" in Asia Pacific (Mumbai)",Closed,Not Violated,-,Uptime Team,11-04-2026 18:10,1d 18h,FALSE
1153477,Alarm,"ALARM: ""PrestigePlastics-Prod-Tally-1b-Memory-85%-#Alarm"" in Africa (Cape Town)",Closed,Not Violated,Critical - P1,Uptime Team,11-04-2026 18:18,1d 18h,FALSE
1153478,Alarm,"ALARM: ""Arjava-Advisor-ClickHouse-DB-1b-Disk(Root)-85%-#Alarm"" in Asia Pacific (Mumbai)",Closed,Not Violated,Critical - P1,Uptime Team,11-04-2026 18:19,1d 18h,FALSE
1153480,Alarm,"ALARM: ""Genupathlab-ITDOSE-DB-1b-FreeSpace-Disk(D)-15%-#Alarm"" in Asia Pacific (Mumbai)",Closed,Not Violated,Critical - P1,Uptime Team,11-04-2026 18:21,1d 18h,FALSE
1153479,Alarm,"ALARM: ""Genupathlab-ITDOSE-DB-1b-FreeSpace-Disk(D)-15%-#Alarm"" in Asia Pacific (Mumbai)",Closed,Not Violated,Critical - P1,Uptime Team,11-04-2026 18:21,1d 18h,FALSE
1153481,Alarm,"ALARM: ""KFIN-AIF-UAT-Digital-Onboarding-1b-CPU-85%-#Alarm"" in Asia Pacific (Mumbai)",Closed,Not Violated,Critical - P1,Uptime Team,11-04-2026 18:21,1d 18h,FALSE
1153482,Alarm,"ALARM: ""SURAJLOGISTIX-Prod-App-Pub-1c-CPU-90%-#Alarm"" in Asia Pacific (Mumbai)",Closed,Not Violated,-,Uptime Team,11-04-2026 18:21,1d 18h,FALSE
1153483,Alarm,"ALARM: ""SoftWeb-App-pub-server-1b-#CPUUtilization-90%-#ALARM"" in Asia Pacific (Mumbai)",Closed,Not Violated,High - P2,Uptime Team,11-04-2026 18:21,1d 18h,FALSE
1153484,Client,[INC-47116] : FW: Security Alert | CASE - 25096 | Security Group Modification Detected By Aws Cloudtrail | Low | LTTS,Closed,Not Violated,Medium - P3,Enterprise Linux Team,11-04-2026 18:29,1d 18h,FALSE
1153485,Client,[INC-47115] : FW: Security Alert | CASE - 25092 | Security Group Modification Detected By Aws Cloudtrail | Low | LTTS,Closed,Not Violated,Medium - P3,Enterprise Linux Team,11-04-2026 18:30,1d 18h,FALSE
1153486,Alarm,Argus News is Down from multiple locations,Closed,Not Violated,-,Uptime Team,11-04-2026 18:33,1d 17h,FALSE
1153487,Alarm,Argus News is Up,Closed,Not Violated,-,Uptime Team,11-04-2026 18:34,1d 17h,FALSE
1153489,Alarm,"ALARM: ""Kims-Hospital-VpnConnection-FootDoctorClinic-ISP-#Alarm"" in Asia Pacific (Hyderabad)",Closed,Not Violated,Critical - P1,Uptime Team,11-04-2026 18:43,1d 17h,FALSE
1153490,Alarm,"ALARM: ""LeeNee-Rama-Overseas-Prod-App-1b-Disk(C)-VolumeAvgThroughput#Alarm"" in Asia Pacific (Mumbai)",Closed,Not Violated,Critical - P1,Uptime Team,11-04-2026 18:47,1d 17h,FALSE
1153491,Client,Keep Server ON tomorrow.,Scheduled Activity,Not Violated,Medium - P3,Uptime Team,11-04-2026 18:50,1d 17h,FALSE
1153492,Alarm,"ALARM: ""Kims-Hospital-VpnConnection-FootDoctorClinic-ISP-#Alarm"" in Asia Pacific (Hyderabad)",Closed,Not Violated,Critical - P1,Uptime Team,11-04-2026 18:51,1d 17h,FALSE
1153493,Alarm,"ALARM: ""Vyzrd-App+DB-Dev-Laravel-Server-2b-Disk(/)-85%#Alarm"" in Asia Pacific (Sydney)",Awaiting Customer Response,Not Violated,-,Uptime Team,11-04-2026 18:53,1d 17h,FALSE
1153494,Client,AWS Cost Management: Cost anomaly detected on 2026-04-11T13:27:42.822279613Z,Internal Dependency,Not Violated,Medium - P3,SMB Linux Team,11-04-2026 18:57,1d 17h,FALSE
1153495,Alarm,"ALARM: ""Kims-Hospital-VpnConnection-FootDoctorClinic-ISP-#Alarm"" in Asia Pacific (Hyderabad)",Closed,Not Violated,Critical - P1,Uptime Team,11-04-2026 18:58,1d 17h,FALSE
1153496,Alarm,"ALARM: ""AMPL-Audit-Prod-App-Server-1b-Disk(Root)-85%-#Alarm"" in Asia Pacific (Mumbai)",Closed,Not Violated,Medium - P3,Uptime Team,11-04-2026 18:59,1d 17h,FALSE
1153498,Alarm,"ALARM: ""Midland-CKYC-Prod-Server-1a_CPUUtilization_85%_#Alarm"" in Asia Pacific (Mumbai)",Closed,Not Violated,-,Uptime Team,11-04-2026 19:02,1d 17h,FALSE
1153499,Alarm,Shifa Hospitals is Down from multiple locations,Closed,Not Violated,-,Uptime Team,11-04-2026 19:05,1d 17h,FALSE
1153500,Client,TAKE BACKUP OF SOME TABLE ON URGENT BASIS,Awaiting Customer Response,Not Violated,Medium - P3,Enterprise Linux Team,11-04-2026 19:05,1d 17h,FALSE
1153503,Alarm,AWS Budgets: PRESTIGE_PLASTICS-SARL-Budget has exceeded your alert threshold,Closed,Not Violated,Medium - P3,SMB Linux Team,11-04-2026 19:11,1d 17h,FALSE
1153504,Alarm,"ALARM: ""KFIN-AIF-TCL-Memory-85%-#Alarm"" in Asia Pacific (Mumbai)",Closed,Not Violated,Critical - P1,Uptime Team,11-04-2026 19:12,1d 17h,FALSE
1153505,Alarm,"ALARM: ""ComfortLady-HanaDB-Memory-85%-#Alarm"" in Asia Pacific (Mumbai)",Closed,Not Violated,Critical - P1,Uptime Team,11-04-2026 19:13,1d 17h,FALSE
1153506,Alarm,"ALARM: ""ComfortLady-Prod-HanaDB-1b-Memory-85%-#Alarm"" in Asia Pacific (Mumbai)",Closed,Not Violated,Critical - P1,Uptime Team,11-04-2026 19:13,1d 17h,FALSE
1153507,Alarm,"ALARM: ""ETEdge-TG-Etnowgbs-cdn-ENSA4TPDNYD15-5xxErrorRate-Alarm"" in US East (N. Virginia)",Closed,Not Violated,Critical - P1,Uptime Team,11-04-2026 19:15,1d 17h,FALSE
1153508,Alarm,"ALARM: ""Kims-Hospital-VpnConnection-FootDoctorClinic-ISP-#Alarm"" in Asia Pacific (Hyderabad)",Closed,Not Violated,Critical - P1,Uptime Team,11-04-2026 19:16,1d 17h,FALSE
1153509,Client,Workmates Backup - No successful backups reminder,Closed,Not Violated,Medium - P3,Enterprise Windows Team,11-04-2026 19:23,1d 17h,FALSE
1153510,Alarm,"ALARM: ""ComfortLady-Prod-HanaDB-1b-Memory-85%-#Alarm"" in Asia Pacific (Mumbai)",Closed,Not Violated,Critical - P1,Uptime Team,11-04-2026 19:34,1d 16h,FALSE
1153511,Alarm,"ALARM: ""ComfortLady-HanaDB-Memory-85%-#Alarm"" in Asia Pacific (Mumbai)",Closed,Not Violated,Critical - P1,Uptime Team,11-04-2026 19:34,1d 16h,FALSE
1153512,Alarm,"ALARM: ""softweb-srishti-rds-oracle-21c-CPU-85% #Alarm"" in Asia Pacific (Mumbai)",Closed,Not Violated,Critical - P1,Uptime Team,11-04-2026 19:35,1d 16h,FALSE
1153513,Alarm,"ALARM: ""Magpet-Prod-SAP-New-Pub-NEW-CPU-85%-#Alarm"" in Asia Pacific (Mumbai)",Closed,Not Violated,-,Uptime Team,11-04-2026 19:37,1d 16h,FALSE
1153514,Alarm,"ALARM: ""softweb-srishti-rds-oracle-21c-Memory-85% #Alarm"" in Asia Pacific (Mumbai)",Closed,Not Violated,Critical - P1,Uptime Team,11-04-2026 19:37,1d 16h,FALSE
1153515,Alarm,"ALARM: ""KhimjiJwellers-Prod-DB-1b-CPU-85%-Alarm"" in Asia Pacific (Mumbai)",Closed,Not Violated,Critical - P1,Uptime Team,11-04-2026 19:37,1d 16h,FALSE
1153516,Alarm,"ALARM: ""ETEdge-TG-CDN-INSIGHTS-ET3TON8I54DZP-5xxErrorRate-Alarm"" in US East (N. Virginia)",Closed,Not Violated,Critical - P1,Uptime Team,11-04-2026 19:37,1d 16h,FALSE
1153517,Alarm,"ALARM: ""hoichoi-aws-aps1-prod-ecs-hoichoi-backend_high_cpu_util_alarm"" in Asia Pacific (Mumbai)",Closed,Not Violated,Critical - P1,Uptime Team,11-04-2026 19:38,1d 16h,FALSE
1153519,Alarm,"ALARM: ""softweb-srishti-rds-oracle-21c-CPU-85% #Alarm"" in Asia Pacific (Mumbai)",Closed,Not Violated,Critical - P1,Uptime Team,11-04-2026 19:41,1d 16h,FALSE
1153521,Alarm,"ALARM: ""anxiprodb-instace-1-new-16-01-rds#DatabaseConnections"" in Asia Pacific (Sydney)",Closed,Not Violated,Critical - P1,Uptime Team,11-04-2026 19:44,1d 16h,FALSE
1153522,Alarm,"ALARM: ""CGPL-Corpiness-Prod-DB-Primary-1b-Disk(root)-85%-#Alarm"" in Asia Pacific (Mumbai)",Closed,Not Violated,Critical - P1,Uptime Team,11-04-2026 19:48,1d 16h,FALSE
1153523,Alarm,"ALARM: ""hoichoi-aws-aps1-prod-ecs-hoichoi-backend_high_cpu_util_alarm"" in Asia Pacific (Mumbai)",Closed,Not Violated,Critical - P1,Uptime Team,11-04-2026 19:49,1d 16h,FALSE
1153524,Alarm,"ALARM: ""anxiprodb-instace-1-new-16-01-rds#DatabaseConnections"" in Asia Pacific (Sydney)",Closed,Not Violated,Critical - P1,Uptime Team,11-04-2026 19:49,1d 16h,FALSE
1153525,Alarm,Argus News is Down from multiple locations,Closed,Not Violated,-,Uptime Team,11-04-2026 19:50,1d 16h,FALSE
1153527,Alarm,Argus News is Up,Closed,Not Violated,-,Uptime Team,11-04-2026 19:52,1d 16h,FALSE
1153528,Alarm,"ALARM: ""ETEdge-TG-CDN-INSIGHTS-ET3TON8I54DZP-5xxErrorRate-Alarm"" in US East (N. Virginia)",Closed,Not Violated,Critical - P1,Uptime Team,11-04-2026 19:52,1d 16h,FALSE
1153529,Alarm,"ALARM: ""SoftWeb-App-pub-server-1b-#CPUUtilization-90%-#ALARM"" in Asia Pacific (Mumbai)",Closed,Not Violated,High - P2,Uptime Team,11-04-2026 19:52,1d 16h,FALSE
1153530,Alarm,"ALARM: ""HoiChoi-x-CWM-x-ProdRevAmp-hoichoi-aws-aps1-prod-ecs-hoichoi-th..."" in Asia Pacific (Mumbai)",Closed,Not Violated,Critical - P1,Uptime Team,11-04-2026 19:53,1d 16h,FALSE
1153531,Alarm,"ALARM: ""anxiprodb-instace-1-new-16-01-rds#DatabaseConnections"" in Asia Pacific (Sydney)",Closed,Not Violated,Critical - P1,Uptime Team,11-04-2026 19:59,1d 16h,FALSE
1153532,Alarm,AWS Notification Message,Closed,Not Violated,Medium - P3,Uptime Team,11-04-2026 20:00,1d 16h,FALSE
1153533,Alarm,AWS Notification Message,Closed,Not Violated,Medium - P3,Uptime Team,11-04-2026 20:00,1d 16h,FALSE
1153534,Alarm,AWS Notification Message,Closed,Not Violated,Medium - P3,Uptime Team,11-04-2026 20:00,1d 16h,FALSE
1153537,Alarm,"ALARM: ""softweb-srishti-rds-oracle-21c-CPU-85% #Alarm"" in Asia Pacific (Mumbai)",Closed,Not Violated,Critical - P1,Uptime Team,11-04-2026 20:03,1d 16h,FALSE
1153538,Alarm,"ALARM: ""anxiprodb-instace-1-new-16-01-rds#DatabaseConnections"" in Asia Pacific (Sydney)",Closed,Not Violated,Critical - P1,Uptime Team,11-04-2026 20:03,1d 16h,FALSE
1153539,Alarm,"ALARM: ""AFPL-Prod-Seceon-CCE-Pub-1b-Memory-85%-#Alarms"" in Asia Pacific (Mumbai)",Closed,Not Violated,-,Uptime Team,11-04-2026 20:05,1d 16h,FALSE
1153541,Alarm,"ALARM: ""flicktv-prod-valkey-cache-ElastiCacheProcessingUnits#Alarm"" in Asia Pacific (Mumbai)",Closed,Not Violated,Critical - P1,Uptime Team,11-04-2026 20:05,1d 16h,FALSE
1153543,Alarm,"ALARM: ""ETEdge-TG-CDN-INSIGHTS-ET3TON8I54DZP-5xxErrorRate-Alarm"" in US East (N. Virginia)",Closed,Not Violated,Critical - P1,Uptime Team,11-04-2026 20:06,1d 16h,FALSE
1153544,Alarm,"ALARM: ""SoftWeb-App-pub-server-1b-#CPUUtilization-90%-#ALARM"" in Asia Pacific (Mumbai)",Closed,Not Violated,High - P2,Uptime Team,11-04-2026 20:07,1d 16h,FALSE
1153545,Alarm,"ALARM: ""Dev_DevOps_test-Prod-Memory-85%#Alarm"" in Asia Pacific (Mumbai)",Closed,Not Violated,Critical - P1,Uptime Team,11-04-2026 20:12,1d 16h,FALSE
1153546,Alarm,"ALARM: ""BDG-Metal-Prod-DB-1b-Disk(D:)-90%#Alarm"" in Asia Pacific (Mumbai)",Closed,Not Violated,Critical - P1,Enterprise Windows Team,11-04-2026 20:13,1d 16h,FALSE
1153547,Alarm,"ALARM: ""softweb-srishti-rds-oracle-21c-CPU-85% #Alarm"" in Asia Pacific (Mumbai)",Closed,Not Violated,Critical - P1,Uptime Team,11-04-2026 20:17,1d 16h,FALSE
1153548,Alarm,AWS Cost Management: Cost anomaly detected on 2026-04-11T14:48:02.155313872Z,Closed,Not Violated,Medium - P3,SMB Linux Team,11-04-2026 20:18,1d 16h,FALSE
1153549,Alarm,"ALARM: ""ETEdge-TG-CDN-INSIGHTS-ET3TON8I54DZP-5xxErrorRate-Alarm"" in US East (N. Virginia)",Closed,Not Violated,Critical - P1,Uptime Team,11-04-2026 20:21,1d 16h,FALSE
1153550,Alarm,"ALARM: ""Dev_DevOps_test-Prod-Memory-85%#Alarm"" in Asia Pacific (Mumbai)",Closed,Not Violated,Critical - P1,Uptime Team,11-04-2026 20:23,1d 16h,FALSE
1153551,Client,for server open,Awaiting Customer Response,Not Violated,Medium - P3,Uptime Team,11-04-2026 20:24,1d 16h,FALSE
1153552,Client,Server scale up for tickets (12th April),Awaiting Customer Response,Not Violated,Medium - P3,DevOps Team,11-04-2026 20:30,1d 16h,FALSE
1153555,Alarm,"ALARM: ""ORFILCRM-PROD-CPU-85%-#Alarm"" in Asia Pacific (Mumbai)",Closed,Not Violated,Critical - P1,Uptime Team,11-04-2026 20:41,1d 15h,FALSE
1153556,Alarm,"ALARM: ""ORFILCRM-PROD-CPU-95%-#Alarm"" in Asia Pacific (Mumbai)",Closed,Not Violated,Critical - P1,Uptime Team,11-04-2026 20:42,1d 15h,FALSE
1153558,Client,Attention required on case 177485325600072: Guidance on RDS Reserved Instances and Organization Account Setup,Closed,Not Violated,Medium - P3,Uptime Team,11-04-2026 20:48,1d 15h,FALSE
1153560,Alarm,"ALARM: ""PrestigePlastics-Prod-Tally-1b-Memory-85%-#Alarm"" in Africa (Cape Town)",Closed,Not Violated,Critical - P1,Uptime Team,11-04-2026 20:50,1d 15h,FALSE
1153561,Alarm,"ALARM: ""ComfortLady-Prod-HanaDB-1b-Memory-85%-#Alarm"" in Asia Pacific (Mumbai)",Closed,Not Violated,Critical - P1,Uptime Team,11-04-2026 20:51,1d 15h,FALSE
1153562,Alarm,"ALARM: ""ComfortLady-HanaDB-Memory-85%-#Alarm"" in Asia Pacific (Mumbai)",Closed,Not Violated,Critical - P1,Uptime Team,11-04-2026 20:51,1d 15h,FALSE
1153563,Alarm,"ALARM: ""Magpet-Prod-SAP-New-Pub-NEW-CPU-85%-#Alarm"" in Asia Pacific (Mumbai)",Closed,Not Violated,-,Uptime Team,11-04-2026 20:52,1d 15h,FALSE
1153564,Alarm,"ALARM: ""Kims-Hospital-Prod-Web-Server-1b-CPUUtilization-85% #Alarm"" in Asia Pacific (Mumbai)",Closed,Not Violated,-,Uptime Team,11-04-2026 20:59,1d 15h,FALSE
1153565,Alarm,"ALARM: ""ComfortLady-Prod-HanaDB-1b-Memory-85%-#Alarm"" in Asia Pacific (Mumbai)",Closed,Not Violated,Critical - P1,Uptime Team,11-04-2026 20:59,1d 15h,FALSE
1153566,Alarm,"ALARM: ""ComfortLady-HanaDB-Memory-85%-#Alarm"" in Asia Pacific (Mumbai)",Closed,Not Violated,Critical - P1,Uptime Team,11-04-2026 20:59,1d 15h,FALSE
1153567,Alarm,"Failed ! Auto instance stop of ""HM-SanctumNatural-Prod-App-Pub-1b"" | HM-Sanctum",Closed,Not Violated,Medium - P3,Uptime Team,11-04-2026 21:00,1d 15h,FALSE
1153568,Alarm,"Failed ! Auto instance stop of ""HM-SanctumNatural-DB-Pvt-1b"" | HM-Sanctum",Closed,Not Violated,Medium - P3,Uptime Team,11-04-2026 21:00,1d 15h,FALSE
1153569,Alarm,Argus News is Down from multiple locations,Closed,Not Violated,-,Uptime Team,11-04-2026 21:01,1d 15h,FALSE
1153570,Alarm,"ALARM: ""ComfortLady-Prod-HanaDB-1b-Memory-85%-#Alarm"" in Asia Pacific (Mumbai)",Closed,Not Violated,Critical - P1,Uptime Team,11-04-2026 21:01,1d 15h,FALSE
1153571,Alarm,"ALARM: ""ComfortLady-HanaDB-Memory-85%-#Alarm"" in Asia Pacific (Mumbai)",Closed,Not Violated,Critical - P1,Uptime Team,11-04-2026 21:01,1d 15h,FALSE
1153572,Client,Workmates-MSP360-Reports,Closed,Not Violated,Medium - P3,Uptime Team,11-04-2026 21:01,1d 15h,FALSE
1153573,Client,Workmates-MSP360-Reports,Closed,Not Violated,Medium - P3,Uptime Team,11-04-2026 21:01,1d 15h,FALSE
1153574,Alarm,"ALARM: ""KhimjiJwellers-Prod-DB-1b-CPU-85%-Alarm"" in Asia Pacific (Mumbai)",Closed,Not Violated,Critical - P1,Uptime Team,11-04-2026 21:01,1d 15h,FALSE
1153575,Alarm,"ALARM: ""Critical-KhimjiJwellers-Prod-DB-1b-CPU-95%#Alarm"" in Asia Pacific (Mumbai)",Closed,Not Violated,Critical - P1,Uptime Team,11-04-2026 21:01,1d 15h,FALSE
1153576,Alarm,"ALARM: ""Magpet-Prod-SAP-New-Pub-NEW-CPU-85%-#Alarm"" in Asia Pacific (Mumbai)",Closed,Not Violated,-,Uptime Team,11-04-2026 21:02,1d 15h,FALSE
1153577,Alarm,Argus News is Up,Closed,Not Violated,-,Uptime Team,11-04-2026 21:02,1d 15h,FALSE
1153578,Client,Workmates-MSP360-Reports,Closed,Not Violated,Medium - P3,Uptime Team,11-04-2026 21:02,1d 15h,FALSE
1153579,Client,Workmates-MSP360-Reports,Closed,Not Violated,Medium - P3,Uptime Team,11-04-2026 21:02,1d 15h,FALSE
1153580,Client,Workmates-MSP360-Reports,Closed,Not Violated,Medium - P3,Uptime Team,11-04-2026 21:02,1d 15h,FALSE
1153581,Client,Workmates-MSP360-Reports,Closed,Not Violated,Medium - P3,Uptime Team,11-04-2026 21:03,1d 15h,FALSE
1153582,Alarm,"ALARM: ""Dev_DevOps_test-Prod-Memory-85%#Alarm"" in Asia Pacific (Mumbai)",Closed,Not Violated,Critical - P1,Uptime Team,11-04-2026 21:03,1d 15h,FALSE
1153583,Alarm,"ALARM: ""BB-APM-SyntheticMonitoring1-UAT-1b-CPU-95%-#Alarm#"" in Asia Pacific (Mumbai)",Closed,Not Violated,Critical - P1,Uptime Team,11-04-2026 21:03,1d 15h,FALSE
1153584,Client,Workmates-MSP360-Reports,Closed,Not Violated,Medium - P3,Uptime Team,11-04-2026 21:04,1d 15h,FALSE
1153586,Alarm,"ALARM: ""KFIN-AIF-TCL-Memory-85%-#Alarm"" in Asia Pacific (Mumbai)",Closed,Not Violated,Critical - P1,Uptime Team,11-04-2026 21:08,1d 15h,FALSE
1153588,Client,Workmates-MSP360-Reports,Closed,Not Violated,Medium - P3,Uptime Team,11-04-2026 21:18,1d 15h,FALSE
1153589,Alarm,"[Notification] Upcoming routine retirement of your AWS Elastic Container Service tasks running on AWS Fargate beginning Sat, 18 Apr 2026 15:00 GMT. [AWS Account: 225187500207]",Internal Dependency,Not Violated,Medium - P3,Enterprise Windows Team,11-04-2026 21:19,1d 15h,FALSE
1153590,Alarm,"ALARM: ""Genupathlab-ITDOSE-DB-1b-FreeSpace-Disk(D)-15%-#Alarm"" in Asia Pacific (Mumbai)",Closed,Not Violated,Critical - P1,Uptime Team,11-04-2026 21:21,1d 15h,FALSE
1153591,Alarm,"ALARM: ""Genupathlab-ITDOSE-DB-1b-FreeSpace-Disk(D)-15%-#Alarm"" in Asia Pacific (Mumbai)",Closed,Not Violated,Critical - P1,Uptime Team,11-04-2026 21:21,1d 15h,FALSE
1153592,Client,Workmates Backup - No successful backups reminder,Closed,Not Violated,Medium - P3,SMB Linux Team,11-04-2026 21:23,1d 15h,FALSE
1153593,Client,Workmates Backup - No successful backups reminder,Closed,Not Violated,Medium - P3,SMB Linux Team,11-04-2026 21:23,1d 15h,FALSE
1153595,Alarm,"ALARM: ""softweb-srishti-rds-oracle-21c-CPU-85% #Alarm"" in Asia Pacific (Mumbai)",Closed,Not Violated,Critical - P1,Uptime Team,11-04-2026 21:28,1d 15h,FALSE
1153596,Alarm,"Important notice about your AWS Account regarding VPN connections [AWS Account: 295216128092, VPN Connection: vpn-06f1758b30042ead1, Tunnel Outside IP: 13.232.190.110]",Closed,Not Violated,Medium - P3,Uptime Team,11-04-2026 21:31,1d 15h,FALSE
1153597,Alarm,IKF Finance is Down from multiple locations,Closed,Not Violated,-,Uptime Team,11-04-2026 21:32,1d 15h,FALSE
1153598,Alarm,"ALARM: ""softweb-srishti-rds-oracle-21c-Memory-85% #Alarm"" in Asia Pacific (Mumbai)",Closed,Not Violated,Critical - P1,Uptime Team,11-04-2026 21:38,1d 14h,FALSE
1153599,Alarm,"ALARM: ""KFIN-AIF-TCL-Memory-85%-#Alarm"" in Asia Pacific (Mumbai)",Closed,Not Violated,Critical - P1,Uptime Team,11-04-2026 21:39,1d 14h,FALSE
1153601,Alarm,"ALARM: ""softweb-srishti-rds-oracle-21c-CPU-85% #Alarm"" in Asia Pacific (Mumbai)",Closed,Not Violated,Critical - P1,Uptime Team,11-04-2026 21:44,1d 14h,FALSE
1153602,Alarm,"ALARM: ""HoiChoi-x-CWM-x-ProdRevAmp-hoichoi-aws-aps1-prod-ecs-hoichoi-th..."" in Asia Pacific (Mumbai)",Closed,Not Violated,Critical - P1,Uptime Team,11-04-2026 21:51,1d 14h,FALSE
1153603,Alarm,"ALARM: ""KFIN-AIF-TCL-Memory-85%-#Alarm"" in Asia Pacific (Mumbai)",Closed,Not Violated,Critical - P1,Uptime Team,11-04-2026 21:51,1d 14h,FALSE
1153604,Alarm,"ALARM: ""softweb-srishti-rds-oracle-21c-CPU-85% #Alarm"" in Asia Pacific (Mumbai)",Closed,Not Violated,Critical - P1,Uptime Team,11-04-2026 21:53,1d 14h,FALSE
1153605,Alarm,"ALARM: ""softweb-srishti-rds-oracle-21c-Memory-85% #Alarm"" in Asia Pacific (Mumbai)",Closed,Not Violated,Critical - P1,Uptime Team,11-04-2026 21:55,1d 14h,FALSE
1153606,Client,Amazon Web Services: You have opened a new Support case: 177592522000709,Closed,Not Violated,Medium - P3,Uptime Team,11-04-2026 22:03,1d 14h,FALSE
1153607,Client,[Case 177592522000709] Customer Added Communication: local file continues update to s3 mounr,Closed,Not Violated,Medium - P3,Uptime Team,11-04-2026 22:03,1d 14h,FALSE
1153608,Alarm,RICB is Down from multiple locations,Closed,Not Violated,-,Uptime Team,11-04-2026 22:04,1d 14h,FALSE
1153609,Alarm,"[Notification] Upcoming routine retirement of your AWS Elastic Container Service tasks running on AWS Fargate beginning Sat, 18 Apr 2026 16:00 GMT. [AWS Account: 572905478820]",Closed,Not Violated,Medium - P3,DevOps Team,11-04-2026 22:04,1d 14h,FALSE
1153610,Alarm,"ALARM: ""RICB-MyBusinessProfile-TG-UnhealthyHost-#Alarm"" in Asia Pacific (Mumbai)",Closed,Not Violated,Critical - P1,Uptime Team,11-04-2026 22:05,1d 14h,FALSE
1153611,Alarm,Lux Industries | https://luxind.in/login is Down from multiple locations,Closed,Not Violated,-,Uptime Team,11-04-2026 22:05,1d 14h,FALSE
1153612,Client,Workmates-MSP360-Reports,Closed,Not Violated,Medium - P3,Uptime Team,11-04-2026 22:05,1d 14h,FALSE
1153613,Alarm,"ALARM: ""Cnergee-Prod-MYSQL-1b-Memory-95%(Critical)-#Alarm"" in Asia Pacific (Mumbai)",Closed,Not Violated,-,Uptime Team,11-04-2026 22:12,1d 14h,FALSE
1153614,Alarm,"ALARM: ""Kims-Hospital-Prod-Web-Server-1b-CPUUtilization-85% #Alarm"" in Asia Pacific (Mumbai)",Closed,Not Violated,-,Uptime Team,11-04-2026 22:12,1d 14h,FALSE
1153615,Alarm,"ALARM: ""PragatiMilk-S4HANA-Prod-DB-1b-Memory-85%-#Alarm"" in Asia Pacific (Mumbai)",Closed,Not Violated,Critical - P1,Uptime Team,11-04-2026 22:13,1d 14h,FALSE
1153616,Alarm,"ALARM: ""Magpet-Prod-SAP-New-Pub-NEW-CPU-85%-#Alarm"" in Asia Pacific (Mumbai)",Closed,Not Violated,-,Uptime Team,11-04-2026 22:17,1d 14h,FALSE
1153617,Alarm,"ALARM: ""hoichoi-aws-aps1-prod-ecs-hoichoi-identity_high_cpu_util_alarm"" in Asia Pacific (Mumbai)",Closed,Not Violated,Critical - P1,Uptime Team,11-04-2026 22:19,1d 14h,FALSE
1153618,Alarm,"ALARM: ""ETEdge-TG-Etnowgbs-cdn-ENSA4TPDNYD15-5xxErrorRate-Alarm"" in US East (N. Virginia)",Closed,Not Violated,Critical - P1,Uptime Team,11-04-2026 22:21,1d 14h,FALSE
1153620,Alarm,"ALARM: ""HoiChoi-x-CWM-x-ProdRevAmp-hoichoi-aws-aps1-prod-ecs-hoichoi-th..."" in Asia Pacific (Mumbai)",Closed,Not Violated,Critical - P1,Uptime Team,11-04-2026 22:23,1d 14h,FALSE
1153619,Client,Workmates Backup - No successful backups reminder,Closed,Not Violated,Medium - P3,Uptime Team,11-04-2026 22:23,1d 14h,FALSE
1153621,Alarm,Health Event: AWS ECS TASK PATCHING RETIREMENT affecting 21 entities in ap-south-1 on account 795532678498.,Closed,Not Violated,Medium - P3,DevOps Team,11-04-2026 22:29,1d 14h,FALSE
1153622,Alarm,"[Notification] Upcoming routine retirement of your AWS Elastic Container Service tasks running on AWS Fargate beginning Sat, 18 Apr 2026 16:00 GMT. [AWS Account: 795532678498]",Closed,Not Violated,Medium - P3,DevOps Team,11-04-2026 22:34,1d 13h,FALSE
1153623,Alarm,"ALARM: ""ETEdge-TG-CDN-ASG-E335QIABR4R65K-5xxErrorRate-Alarm"" in US East (N. Virginia)",Closed,Not Violated,Critical - P1,Uptime Team,11-04-2026 22:35,1d 13h,FALSE
1153624,Alarm,Argus News is Down from multiple locations,Closed,Not Violated,-,Uptime Team,11-04-2026 22:38,1d 13h,FALSE
1153625,Alarm,Argus News is Up,Closed,Not Violated,-,Uptime Team,11-04-2026 22:38,1d 13h,FALSE
1153626,Alarm,"ALARM: ""AFPL-Gold-Loan-Prod-DB-Mem-85%-#Alarm"" in Asia Pacific (Mumbai)",Closed,Not Violated,Critical - P1,Uptime Team,11-04-2026 22:39,1d 13h,FALSE
1153627,Alarm,"ALARM: ""HoiChoi-x-CWM-x-ProdRevAmp-hoichoi-aws-aps1-prod-ecs-hoichoi-th..."" in Asia Pacific (Mumbai)",Closed,Not Violated,Critical - P1,Uptime Team,11-04-2026 22:41,1d 13h,FALSE
1153628,Alarm,"ALARM: ""PragatiMilk-S4HANA-Prod-DB-1b-Memory-85%-#Alarm"" in Asia Pacific (Mumbai)",Closed,Not Violated,Critical - P1,Uptime Team,11-04-2026 22:41,1d 13h,FALSE
1153629,Alarm,"ALARM: ""AFPL-Prod-Seceon-CCE-Pub-1b-Memory-85%-#Alarms"" in Asia Pacific (Mumbai)",Closed,Not Violated,-,Uptime Team,11-04-2026 22:42,1d 13h,FALSE
1153632,Alarm,"ALARM: ""jmc-prod-app2-1b-StatusCheckFailed-Instance-Alarm"" in Asia Pacific (Mumbai)",Closed,Not Violated,-,Uptime Team,11-04-2026 22:52,1d 13h,FALSE
1153633,Client,Workmates Backup - No successful backups reminder,Closed,Not Violated,Medium - P3,Enterprise Windows Team,11-04-2026 22:53,1d 13h,FALSE
1153634,Alarm,"ALARM: ""IKF-FInance-OMNI-APP-Pvt-1a-Disk(C)-85%-#Alarm"" in Asia Pacific (Mumbai)",Awaiting Customer Response,Not Violated,Critical - P1,Uptime Team,11-04-2026 22:57,1d 13h,FALSE
1153635,Alarm,Lux Industries | https://luxdms.in/promoClaims/Login is Down from multiple locations,Closed,Not Violated,-,Uptime Team,11-04-2026 23:01,1d 13h,FALSE
1153636,Alarm,"ALARM: ""RCB-Website-Prod-ALB-%xx-Alert"" in Asia Pacific (Mumbai)",Closed,Not Violated,-,DevOps Team,11-04-2026 23:02,1d 13h,FALSE
1153637,Alarm,Lux Industries | https://luxindustries.co.in/luxadtracker/login is Down from multiple locations,Closed,Not Violated,-,Uptime Team,11-04-2026 23:03,1d 13h,FALSE
1153638,Alarm,"ALARM: ""kims-app-db2-CPU-85%-#Alarm"" in Asia Pacific (Hyderabad)",Closed,Not Violated,Critical - P1,Uptime Team,11-04-2026 23:08,1d 13h,FALSE
1153639,Alarm,RCB is Down from multiple locations,Closed,Not Violated,-,DevOps Team,11-04-2026 23:10,1d 13h,FALSE
1153640,Alarm,RCB FanApp is Down from multiple locations,Closed,Not Violated,-,DevOps Team,11-04-2026 23:11,1d 13h,FALSE
1153641,Alarm,RCB FanApp is Up,Closed,Not Violated,-,DevOps Team,11-04-2026 23:11,1d 13h,FALSE
1153642,Alarm,RCB Hustle is Down from multiple locations,Closed,Not Violated,Medium - P3,DevOps Team,11-04-2026 23:11,1d 13h,FALSE
1153643,Alarm,RCB is Up,Closed,Not Violated,-,DevOps Team,11-04-2026 23:12,1d 13h,FALSE
1153644,Alarm,RCB Hustle is Up,Closed,Not Violated,Medium - P3,DevOps Team,11-04-2026 23:12,1d 13h,FALSE
1153645,Client,SG-ES-NS-11-03-2026,Closed,Not Violated,Medium - P3,Uptime Team,11-04-2026 23:15,1d 13h,FALSE
1153646,Alarm,"Important notice about your AWS Account regarding VPN connections [AWS Account: 585879808086, VPN Connection: vpn-02df03984fd37fac4, Tunnel Outside IP: 3.7.21.7]",Closed,Not Violated,Medium - P3,Uptime Team,11-04-2026 23:21,1d 13h,FALSE
1153647,Alarm,"ALARM: ""AFPL-Prod-Seceon-CCE-Pub-1b-Memory-85%-#Alarms"" in Asia Pacific (Mumbai)",Closed,Not Violated,-,Uptime Team,11-04-2026 23:31,1d 13h,FALSE
1153650,Alarm,"ALARM: ""softweb-srishti-rds-oracle-21c-Memory-85% #Alarm"" in Asia Pacific (Mumbai)",Closed,Not Violated,Critical - P1,Uptime Team,11-04-2026 23:37,1d 12h,FALSE
1153651,Alarm,Support Elders is Down from multiple locations,Closed,Not Violated,-,Uptime Team,11-04-2026 23:39,1d 12h,FALSE
1153652,Alarm,"ALARM: ""ETEdge-TG-Etnowgbs-cdn-ENSA4TPDNYD15-5xxErrorRate-Alarm"" in US East (N. Virginia)",Closed,Not Violated,Critical - P1,Uptime Team,11-04-2026 23:40,1d 12h,FALSE
1153654,Alarm,Supportelders is Down from multiple locations,Closed,Not Violated,-,Uptime Team,11-04-2026 23:42,1d 12h,FALSE
1153655,Alarm,"ALARM: ""AFPL-Prod-Seceon-CCE-Pub-1b-Memory-85%-#Alarms"" in Asia Pacific (Mumbai)",Closed,Not Violated,-,Uptime Team,11-04-2026 23:44,1d 12h,FALSE
1153657,Client,Workmates-MSP360-Reports,Closed,Not Violated,Medium - P3,SMB Linux Team,11-04-2026 23:44,1d 12h,FALSE
1153659,Alarm,Support Elders is Up,Closed,Not Violated,-,Uptime Team,11-04-2026 23:44,1d 12h,FALSE
1153661,Alarm,Supportelders is Up,Closed,Not Violated,-,Uptime Team,11-04-2026 23:45,1d 12h,FALSE
1153662,Alarm,"ALARM: ""AFPL-Gold-Loan-Prod-DB-Mem-85%-#Alarm"" in Asia Pacific (Mumbai)",Closed,Not Violated,Critical - P1,Uptime Team,11-04-2026 23:47,1d 12h,FALSE
1153668,Alarm,"ALARM: ""Single-Page-Utility-VM-CPU-85% #Alarm"" in Asia Pacific (Mumbai)",Closed,Not Violated,Critical - P1,Uptime Team,11-04-2026 23:57,1d 12h,FALSE
1153670,Alarm,Bankify is Down from multiple locations,Closed,Not Violated,-,Uptime Team,11-04-2026 23:57,1d 12h,FALSE
1153671,Client,[ALERT] [resolved] Bankify-PodRestart - Namespace: prod-app - Resource: Pod: od-scheduler-594dd8c8cd-bxczw ,Closed,Not Violated,Medium - P3,Uptime Team,11-04-2026 23:57,1d 12h,FALSE
1153672,Alarm,Bankify 7pay is Down from multiple locations,Closed,Not Violated,-,Uptime Team,11-04-2026 23:59,1d 12h,FALSE
1153673,Alarm,Bankify is Down from multiple locations,Closed,Not Violated,-,Uptime Team,11-04-2026 23:59,1d 12h,FALSE
1153674,Alarm,Bankify is Down from multiple locations,Closed,Not Violated,-,Uptime Team,12-04-2026 00:00,1d 12h,FALSE
1153675,Alarm,Bankify is Down from multiple locations,Closed,Not Violated,-,Uptime Team,12-04-2026 00:00,1d 12h,FALSE
1153677,Alarm,"ALARM: ""Lighthouse-Saasify-Prod-Cent0s-Oracle-DB-1b-CPU-85%-#Alarm"" in Asia Pacific (Mumbai)",Closed,Not Violated,Critical - P1,Uptime Team,12-04-2026 00:01,1d 12h,FALSE
1153678,Client,[CRITICAL][AWS CONFIG] NON_COMPLIANT - Volume - vol-0fa83c3ae95fc6616,Closed,Not Violated,Medium - P3,Enterprise Linux Team,12-04-2026 00:02,1d 12h,FALSE
1153680,Client,[CRITICAL][AWS CONFIG] NON_COMPLIANT - Volume - vol-0056c49b07470067c,Closed,Not Violated,Medium - P3,Enterprise Linux Team,12-04-2026 00:02,1d 12h,FALSE
1153679,Client,[CRITICAL][AWS CONFIG] NON_COMPLIANT - Volume - vol-0056c49b07470067c,Closed,Not Violated,Medium - P3,Enterprise Linux Team,12-04-2026 00:02,1d 12h,FALSE
1153681,Client,[CRITICAL][AWS CONFIG] NON_COMPLIANT - Volume - vol-0fa83c3ae95fc6616,Closed,Not Violated,Medium - P3,Enterprise Linux Team,12-04-2026 00:02,1d 12h,FALSE
1153682,Alarm,"ALARM: ""Support Elders-Prod-Web-1a-CPU-85%-#Alarm"" in Asia Pacific (Mumbai)",Closed,Not Violated,Critical - P1,Uptime Team,12-04-2026 00:02,1d 12h,FALSE
1153683,Alarm,"ALARM: ""CenturyPly-FloorAutomation-App-DB-VolumeReadOps-#Alarm"" in Asia Pacific (Mumbai)",Closed,Not Violated,Critical - P1,Uptime Team,12-04-2026 00:03,1d 12h,FALSE
1153684,Alarm,"ALARM: ""Bazoki-Prod-DB-1b-CPU-85%-#Alarm"" in Asia Pacific (Mumbai)",Closed,Not Violated,Critical - P1,-,12-04-2026 00:04,1d 12h,FALSE
1153685,Alarm,"ALARM: ""Support Elders-Prod-Web-1a-CPU-85%-#Alarm"" in Asia Pacific (Mumbai)",Closed,Not Violated,Critical - P1,-,12-04-2026 00:04,1d 12h,FALSE
1153686,Alarm,Arundhati Jewellers is Down from multiple locations,Closed,Not Violated,-,-,12-04-2026 00:05,1d 12h,FALSE
1153687,Alarm,Arundhati Jewellers is Down from multiple locations,Closed,Not Violated,-,-,12-04-2026 00:05,1d 12h,FALSE
1153689,Alarm,Bankify 7pay is Down from multiple locations,Closed,Not Violated,-,Uptime Team,12-04-2026 00:06,1d 12h,FALSE
1153690,Alarm,"ALARM: ""kfinpwm-narc-prod-rds-CPU-85%-#Alarm"" in Asia Pacific (Mumbai)",Closed,Not Violated,Critical - P1,Uptime Team,12-04-2026 00:06,1d 12h,FALSE
1153691,Alarm,"ALARM: ""AnnapurnaPay-Prod-pvt-Jenkins-Server-CPU-95%-#Alarm"" in Asia Pacific (Mumbai)",Closed,Not Violated,-,Uptime Team,12-04-2026 00:06,1d 12h,FALSE
1153692,Alarm,Bankify 7pay is Down from multiple locations,Closed,Not Violated,-,Uptime Team,12-04-2026 00:06,1d 12h,FALSE
1153693,Alarm,"ALARM: ""AnnapurnaPay-Prod-pvt-Jenkins-Server-CPU-85%-#Alarm"" in Asia Pacific (Mumbai)",Closed,Not Violated,Critical - P1,Uptime Team,12-04-2026 00:06,1d 12h,FALSE
1153694,Alarm,"ALARM: ""kfinpwm-narc-prod-rds-CPU-85%-#Alarm"" in Asia Pacific (Mumbai)",Closed,Not Violated,Critical - P1,Uptime Team,12-04-2026 00:06,1d 12h,FALSE
1153695,Alarm,"ALARM: ""AnnapurnaPay-Prod-pvt-Jenkins-Server-CPU-95%-#Alarm"" in Asia Pacific (Mumbai)",Closed,Not Violated,-,Uptime Team,12-04-2026 00:06,1d 12h,FALSE
1153696,Alarm,"ALARM: ""AnnapurnaPay-Prod-pvt-Jenkins-Server-CPU-85%-#Alarm"" in Asia Pacific (Mumbai)",Closed,Not Violated,Critical - P1,Uptime Team,12-04-2026 00:06,1d 12h,FALSE
1153697,Alarm,Bankify 7pay is Down from multiple locations,Closed,Not Violated,-,Uptime Team,12-04-2026 00:07,1d 12h,FALSE
1153698,Alarm,"ALARM: ""AMPL-eFIMO-Prod-DB1-1b-Disk(G)-85%-#Alarm"" in Asia Pacific (Mumbai)",Awaiting Customer Response,Not Violated,-,Uptime Team,12-04-2026 00:08,1d 12h,FALSE
1153699,Alarm,"ALARM: ""MK-Agro-PRD-SSFA-DBP-01-Memory-85%-#Alarm"" in Asia Pacific (Mumbai)",Closed,Not Violated,Critical - P1,Uptime Team,12-04-2026 00:11,1d 12h,FALSE
1153700,Alarm,"ALARM: ""Support Elders-Prod-Web-1a-CPU-85%-#Alarm"" in Asia Pacific (Mumbai)",Closed,Not Violated,Critical - P1,Uptime Team,12-04-2026 00:12,1d 12h,FALSE
1153702,Alarm,"ALARM: ""Kims-Hospital-KSRVDMSPRD-Server-2b-Disk(/sapdb)-85%-#Alarm"" in Asia Pacific (Hyderabad)",Closed,Not Violated,-,Uptime Team,12-04-2026 00:22,1d 12h,FALSE
1153703,Alarm,"ALARM: ""AFPL-Prod-Seceon-CCE-Pub-1b-Memory-85%-#Alarms"" in Asia Pacific (Mumbai)",Closed,Not Violated,-,Uptime Team,12-04-2026 00:27,1d 12h,FALSE
1153707,Alarm,"ALARM: ""PragatiMilk-S4HANA-Prod-DB-1b-Memory-85%-#Alarm"" in Asia Pacific (Mumbai)",Closed,Not Violated,Critical - P1,Uptime Team,12-04-2026 00:28,1d 12h,FALSE
1153708,Alarm,"ALARM: ""softweb-srishti-rds-oracle-21c-Memory-85% #Alarm"" in Asia Pacific (Mumbai)",Closed,Not Violated,Critical - P1,Uptime Team,12-04-2026 00:37,1d 11h,FALSE
1153709,Alarm,In10Media is Down from multiple locations,Closed,Not Violated,-,Uptime Team,12-04-2026 00:41,1d 11h,FALSE
1153710,Alarm,In10Media is Up,Closed,Not Violated,-,Uptime Team,12-04-2026 00:42,1d 11h,FALSE
1153711,Alarm,"ALARM: ""softweb-srishti-rds-oracle-21c-Memory-85% #Alarm"" in Asia Pacific (Mumbai)",Closed,Not Violated,Critical - P1,Uptime Team,12-04-2026 00:43,1d 11h,FALSE
1153712,Alarm,"ALARM: ""hoichoi-aws-aps1-prod-ecs-hoichoi-analytics_high_cpu_util_alarm"" in Asia Pacific (Mumbai)",Closed,Not Violated,Critical - P1,Uptime Team,12-04-2026 00:44,1d 11h,FALSE
1153714,Alarm,"ALARM: ""Bazoki-Prod-DB-1b-CPU-85%-#Alarm"" in Asia Pacific (Mumbai)",Closed,Not Violated,Critical - P1,Uptime Team,12-04-2026 00:46,1d 11h,FALSE
1153715,Alarm,"ALARM: ""Bazoki-Prod-DB-1b-CPU-85%-#Alarm"" in Asia Pacific (Mumbai)",Closed,Not Violated,Critical - P1,Uptime Team,12-04-2026 00:51,1d 11h,FALSE
1153716,Alarm,"ALARM: ""Single-Page-Utility-VM-CPU-85% #Alarm"" in Asia Pacific (Mumbai)",Closed,Not Violated,Critical - P1,Uptime Team,12-04-2026 00:52,1d 11h,FALSE
1153717,Client,Workmates Backup - No successful backups reminder,Closed,Not Violated,Medium - P3,Enterprise Windows Team,12-04-2026 00:53,1d 11h,FALSE
1153718,Alarm,"ALARM: ""Bazoki-Prod-DB-1b-CPU-85%-#Alarm"" in Asia Pacific (Mumbai)",Closed,Not Violated,Critical - P1,Uptime Team,12-04-2026 01:02,1d 11h,FALSE
1153719,Alarm,Bankify is Down from multiple locations,Closed,Not Violated,-,Uptime Team,12-04-2026 01:04,1d 11h,FALSE
1153720,Alarm,Bankify 7pay is Down from multiple locations,Closed,Not Violated,-,Uptime Team,12-04-2026 01:05,1d 11h,FALSE
1153721,Alarm,Bankify is Down from multiple locations,Closed,Not Violated,-,Uptime Team,12-04-2026 01:06,1d 11h,FALSE
1153722,Alarm,"ALARM: ""softweb-srishti-rds-oracle-21c-Memory-85% #Alarm"" in Asia Pacific (Mumbai)",Closed,Not Violated,Critical - P1,Uptime Team,12-04-2026 01:06,1d 11h,FALSE
1153723,Alarm,"ALARM: ""Innovel-Tally-Sarala-server-Pub-1b-CPU-85%-#Alarm"" in Asia Pacific (Mumbai)",Closed,Not Violated,-,Uptime Team,12-04-2026 01:07,1d 11h,FALSE
1153724,Alarm,"ALARM: ""anxiprodb-instace-1-new-16-01-rds#DatabaseConnections"" in Asia Pacific (Sydney)",Closed,Not Violated,Critical - P1,Uptime Team,12-04-2026 01:08,1d 11h,FALSE
1153725,Alarm,Argus News is Down from multiple locations,Closed,Not Violated,-,Uptime Team,12-04-2026 01:10,1d 11h,FALSE
1153726,Alarm,Argus News is Up,Closed,Not Violated,-,Uptime Team,12-04-2026 01:10,1d 11h,FALSE
1153727,Alarm,"ALARM: ""hoichoi-aws-aps1-prod-ecs-hoichoi-analytics_high_cpu_util_alarm"" in Asia Pacific (Mumbai)",Closed,Not Violated,Critical - P1,Uptime Team,12-04-2026 01:14,1d 11h,FALSE
1153728,Alarm,"ALARM: ""hoichoi-aws-aps1-prod-ecs-hoichoi-identity_high_cpu_util_alarm"" in Asia Pacific (Mumbai)",Closed,Not Violated,Critical - P1,Uptime Team,12-04-2026 01:16,1d 11h,FALSE
1153729,Alarm,"Important notice about your AWS Account regarding VPN connections [AWS Account: 410097949519, VPN Connection: vpn-0fae52ddce7688965, Tunnel Outside IP: 13.126.161.144]",Closed,Not Violated,Medium - P3,Uptime Team,12-04-2026 01:16,1d 11h,FALSE
1153730,Alarm,"ALARM: ""hoichoi-aws-aps1-prod-ecs-hoichoi-analytics_high_memory_util_alarm"" in Asia Pacific (Mumbai)",Closed,Not Violated,Critical - P1,Uptime Team,12-04-2026 01:17,1d 11h,FALSE
1153731,Alarm,"ALARM: ""Eleve-Diamonds-REPORTING-PROD-CPU-85%-#ALARM"" in Asia Pacific (Mumbai)",Closed,Not Violated,Critical - P1,Uptime Team,12-04-2026 01:17,1d 11h,FALSE
1153732,Alarm,"ALARM: ""KhimjiJwellers-Prod-App-1b-CPU-85%-#Alarm"" in Asia Pacific (Mumbai)",Closed,Not Violated,Critical - P1,Uptime Team,12-04-2026 01:17,1d 11h,FALSE
1153733,Alarm,"ALARM: ""Lalchand-Jewellers-App1-Prod-1b-CPU-85%-#ALARM"" in Asia Pacific (Mumbai)",Closed,Not Violated,Critical - P1,Uptime Team,12-04-2026 01:17,1d 11h,FALSE
1153734,Alarm,"ALARM: ""Samriddhi-Jewellers-ERP-CPU-85%-#ALARM"" in Asia Pacific (Mumbai)",Closed,Not Violated,Critical - P1,Uptime Team,12-04-2026 01:18,1d 11h,FALSE
1153735,Alarm,"ALARM: ""Eleve-Diamonds-ERP-PROD-CPU-85%-#ALARM"" in Asia Pacific (Mumbai)",Closed,Not Violated,Critical - P1,Uptime Team,12-04-2026 01:18,1d 11h,FALSE
1153736,Alarm,"ALARM: ""Lalchand-Jewellers-ALB-TG-8443-UnhealthyHostCount-#ALARM"" in Asia Pacific (Mumbai)",Closed,Not Violated,Critical - P1,Uptime Team,12-04-2026 01:18,1d 11h,FALSE
1153737,Alarm,Khimji is Down from multiple locations,Closed,Not Violated,-,Uptime Team,12-04-2026 01:18,1d 11h,FALSE
1153738,Alarm,Khimji is Up,Closed,Not Violated,-,Uptime Team,12-04-2026 01:19,1d 11h,FALSE
1153739,Alarm,"ALARM: ""ETEdge-TG-CDN-INSIGHTS-ET3TON8I54DZP-5xxErrorRate-Alarm"" in US East (N. Virginia)",Closed,Not Violated,Critical - P1,Uptime Team,12-04-2026 01:20,1d 11h,FALSE
1153740,Alarm,"ALARM: ""kfinpwm-narc-prod-rds-FreeStorageSpace-15%-#Alarm"" in Asia Pacific (Mumbai)",Closed,Not Violated,Critical - P1,Uptime Team,12-04-2026 01:24,1d 11h,FALSE
1153741,Alarm,"ALARM: ""kfinpwm-narc-prod-rds-FreeStorageSpace-15%-#Alarm"" in Asia Pacific (Mumbai)",Closed,Not Violated,Critical - P1,Uptime Team,12-04-2026 01:24,1d 11h,FALSE
1153742,Alarm,"ALARM: ""NewTownSchool_JIE-Prod-DB-1b-New-2-CPU-70%-utilized-#Alarm"" in Asia Pacific (Mumbai)",Closed,Not Violated,Critical - P1,Uptime Team,12-04-2026 01:36,1d 10h,FALSE
1153743,Alarm,"ALARM: ""sai-paramount-db-readreplicalag-#Alarm"" in Asia Pacific (Mumbai)",Closed,Not Violated,Critical - P1,Uptime Team,12-04-2026 01:38,1d 10h,FALSE
1153744,Alarm,"ALARM: ""hoichoi-aws-aps1-prod-ecs-hoichoi-backend_high_cpu_util_alarm"" in Asia Pacific (Mumbai)",Closed,Not Violated,Critical - P1,Uptime Team,12-04-2026 01:42,1d 10h,FALSE
1153745,Client,Deploy the pipeline,Awaiting Customer Response,Not Violated,Medium - P3,DevOps Team,12-04-2026 01:44,1d 10h,FALSE
1153747,Alarm,"ALARM: ""Verma-Jewellers-Prod-DB-1b-Memory-85%-#ALARM"" in Asia Pacific (Mumbai)",Closed,Not Violated,Critical - P1,Uptime Team,12-04-2026 01:46,1d 10h,FALSE
1153748,Client,Workmates Backup - No successful backups reminder,Closed,Not Violated,Medium - P3,SMB Linux Team,12-04-2026 01:53,1d 10h,FALSE
1153749,Alarm,"ALARM: ""ETEdge-TG-Etnowgbs-cdn-ENSA4TPDNYD15-5xxErrorRate-Alarm"" in US East (N. Virginia)",Closed,Not Violated,Critical - P1,Uptime Team,12-04-2026 01:53,1d 10h,FALSE
1153750,Alarm,"ALARM: ""Midland-MIS-Prod-Server-1a-FreeSpace-Disk(D)-10%-#Alarm"" in Asia Pacific (Mumbai)",Closed,Not Violated,-,Uptime Team,12-04-2026 01:55,1d 10h,FALSE
1153751,Alarm,Argus News is Down from multiple locations,Closed,Not Violated,-,Uptime Team,12-04-2026 01:56,1d 10h,FALSE
1153752,Alarm,Argus News is Up,Closed,Not Violated,-,Uptime Team,12-04-2026 01:58,1d 10h,FALSE
1153753,Alarm,"ALARM: ""AFPL-Prod-Seceon-CCE-Pub-1b-Memory-85%-#Alarms"" in Asia Pacific (Mumbai)",Closed,Not Violated,-,Uptime Team,12-04-2026 01:59,1d 10h,FALSE
1153758,Alarm,"ALARM: ""Lighthouse-Saasify-Prod-Cent0s-Oracle-DB-1b-CPU-85%-#Alarm"" in Asia Pacific (Mumbai)",Closed,Not Violated,Critical - P1,Uptime Team,12-04-2026 02:01,1d 10h,FALSE
1153759,Alarm,"ALARM: ""AFPL-Gold-Loan-Prod-DB-Mem-85%-#Alarm"" in Asia Pacific (Mumbai)",Closed,Not Violated,Critical - P1,Uptime Team,12-04-2026 02:03,1d 10h,FALSE
1153760,Alarm,Khimji is Down from multiple locations,Closed,Not Violated,-,Uptime Team,12-04-2026 02:04,1d 10h,FALSE
1153761,Alarm,Khimji is Down from multiple locations,Closed,Not Violated,-,Uptime Team,12-04-2026 02:04,1d 10h,FALSE
1153762,Alarm,Khimji is Down from multiple locations,Closed,Not Violated,-,Uptime Team,12-04-2026 02:04,1d 10h,FALSE
1153764,Alarm,"ALARM: ""Geetarani-grm-mysql-rds-CPU-90%-Alarm"" in Asia Pacific (Mumbai)",Closed,Not Violated,-,Uptime Team,12-04-2026 02:17,1d 10h,FALSE
1153765,Alarm,"ALARM: ""Geetarani-grm-mysql-rds-CPU-85%-Alarm"" in Asia Pacific (Mumbai)",Closed,Not Violated,-,Uptime Team,12-04-2026 02:17,1d 10h,FALSE
1153766,Alarm,"ALARM: ""HiraPanna-Prod-DB-1b-Memory-85%-#Alarm"" in Asia Pacific (Mumbai)",Closed,Not Violated,Critical - P1,Uptime Team,12-04-2026 02:20,1d 10h,FALSE
1153767,Alarm,Khimji is Up,Closed,Not Violated,-,Uptime Team,12-04-2026 02:24,1d 10h,FALSE
1153768,Alarm,Khimji is Up,Closed,Not Violated,-,Uptime Team,12-04-2026 02:25,1d 10h,FALSE
1153769,Alarm,Khimji is Up,Closed,Not Violated,-,Uptime Team,12-04-2026 02:25,1d 10h,FALSE
1153772,Alarm,"ALARM: ""IWMBUZZ-PROD-WPS-ADMIN-Memory-85%-#Alarm"" in Asia Pacific (Mumbai)",Closed,Not Violated,Critical - P1,Uptime Team,12-04-2026 02:37,1d 9h,FALSE
1153773,Alarm,"ALARM: ""Kims-Hospital-Prod-Web-Server-1b-CPUUtilization-85% #Alarm"" in Asia Pacific (Mumbai)",Closed,Not Violated,-,Uptime Team,12-04-2026 02:42,1d 9h,FALSE
1153774,Alarm,"ALARM: ""softweb-srishti-rds-oracle-21c-Memory-85% #Alarm"" in Asia Pacific (Mumbai)",Closed,Not Violated,Critical - P1,Uptime Team,12-04-2026 02:44,1d 9h,FALSE
1153776,Alarm,"ALARM: ""hoichoi-aws-aps1-prod-ecs-hoichoi-backend_high_memory_util_alarm"" in Asia Pacific (Mumbai)",Closed,Not Violated,Critical - P1,Uptime Team,12-04-2026 02:47,1d 9h,FALSE
1153777,Alarm,"ALARM: ""AFPL-Prod-Seceon-CCE-Pub-1b-Memory-85%-#Alarms"" in Asia Pacific (Mumbai)",Closed,Not Violated,-,Uptime Team,12-04-2026 02:48,1d 9h,FALSE
1153779,Alarm,"ALARM: ""JF-TU-FSx-FS-StorageCapacityUtilization-90%-#Alarm"" in Asia Pacific (Mumbai)",Internal Dependency,Not Violated,Critical - P1,DevOps Team,12-04-2026 02:48,1d 9h,FALSE
1153780,Alarm,"ALARM: ""JF-TU-FSx-FS-StorageCapacityUtilization-95%-#Alarm"" in Asia Pacific (Mumbai)",Internal Dependency,Not Violated,Critical - P1,DevOps Team,12-04-2026 02:49,1d 9h,FALSE
1153783,Alarm,"ALARM: ""AFPL-Prod-Seceon-CCE-Pub-1b-Memory-85%-#Alarms"" in Asia Pacific (Mumbai)",Closed,Not Violated,-,Uptime Team,12-04-2026 03:00,1d 9h,FALSE
1153786,Alarm,"ALARM: ""BB-OTxT-DRA-UAT-1b-CPU-85%-#Alarm"" in Asia Pacific (Mumbai)",Closed,Not Violated,Critical - P1,Uptime Team,12-04-2026 03:02,1d 9h,FALSE
1153788,Alarm,"ALARM: ""sai-paramount-db-readreplicalag-#Alarm"" in Asia Pacific (Mumbai)",Closed,Not Violated,Critical - P1,Uptime Team,12-04-2026 03:05,1d 9h,FALSE
1153789,Alarm,"Status Check Alarm: ""Verma-Jewellers-Prod-DB-1b-StatusCheckFailed_Insta..."" in Asia Pacific (Mumbai)",Closed,Not Violated,Critical - P1,Uptime Team,12-04-2026 03:06,1d 9h,FALSE
1153790,Alarm,"ALARM: ""HoiChoi-x-CWM-x-ProdRevAmp-hoichoi-aws-aps1-prod-ecs-hoichoi-pa..."" in Asia Pacific (Mumbai)",Closed,Not Violated,Critical - P1,Uptime Team,12-04-2026 03:07,1d 9h,FALSE
1153791,Alarm,"ALARM: ""sai-paramount-db-CPU-50%#Alarm"" in Asia Pacific (Mumbai)",Closed,Not Violated,Critical - P1,Uptime Team,12-04-2026 03:07,1d 9h,FALSE
1153792,Alarm,"ALARM: ""KhimjiJwellers-Prod-DB-1b-/Backup-85%-#Alarm"" in Asia Pacific (Mumbai)",Closed,Not Violated,Critical - P1,Uptime Team,12-04-2026 03:09,1d 9h,FALSE
1153793,Alarm,"ALARM: ""hoichoi-aws-aps1-prod-ecs-hoichoi-backend_high_memory_util_alarm"" in Asia Pacific (Mumbai)",Closed,Not Violated,Critical - P1,Uptime Team,12-04-2026 03:14,1d 9h,FALSE
1153794,Alarm,"ALARM: ""HiraPanna-Prod-App1-1b-CPU-85%-#Alarm"" in Asia Pacific (Mumbai)",Closed,Not Violated,Critical - P1,Uptime Team,12-04-2026 03:21,1d 9h,FALSE
1153795,Alarm,"ALARM: ""IWMBUZZ-PROD-WPS-ADMIN-Memory-85%-#Alarm"" in Asia Pacific (Mumbai)",Closed,Not Violated,Critical - P1,Uptime Team,12-04-2026 03:22,1d 9h,FALSE
1153796,Alarm,"ALARM: ""ETEdge-TG-CDN-INSIGHTS-ET3TON8I54DZP-5xxErrorRate-Alarm"" in US East (N. Virginia)",Closed,Not Violated,Critical - P1,Uptime Team,12-04-2026 03:25,1d 9h,FALSE
1153797,Alarm,"ALARM: ""HiraPanna-Prod-DB-1b-StatusCheckFailed_Instance-#Alarm"" in Asia Pacific (Mumbai)",Closed,Not Violated,Critical - P1,Uptime Team,12-04-2026 03:26,1d 9h,FALSE
1153798,Alarm,"ALARM: ""HoiChoi-x-CWM-x-ProdRevAmp-hoichoi-aws-aps1-prod-ecs-hoichoi-th..."" in Asia Pacific (Mumbai)",Closed,Not Violated,Critical - P1,Uptime Team,12-04-2026 03:33,1d 9h,FALSE
1153799,Alarm,"ALARM: ""softweb-srishti-rds-oracle-21c-Memory-85% #Alarm"" in Asia Pacific (Mumbai)",Closed,Not Violated,Critical - P1,Uptime Team,12-04-2026 03:37,1d 8h,FALSE
1153800,Alarm,"ALARM: ""kfinpwm-narc-prod-rds-CPU-85%-#Alarm"" in Asia Pacific (Mumbai)",Closed,Not Violated,Critical - P1,Uptime Team,12-04-2026 03:37,1d 8h,FALSE
1153801,Alarm,"ALARM: ""kfinpwm-narc-prod-rds-CPU-85%-#Alarm"" in Asia Pacific (Mumbai)",Closed,Not Violated,Critical - P1,Uptime Team,12-04-2026 03:37,1d 8h,FALSE
1153803,Alarm,"ALARM: ""Softweb-GPS-Prod-(APP-DB)-1b-Disk(/)-95%-#Alarm"" in Asia Pacific (Mumbai)",Closed,Not Violated,-,Uptime Team,12-04-2026 03:47,1d 8h,FALSE
1153804,Alarm,"ALARM: ""kfinpwm-hex-nexedgeriabusiness-prod-rds-Low-FreeableMemory-15%-..."" in Asia Pacific (Mumbai)",Closed,Not Violated,Critical - P1,Uptime Team,12-04-2026 03:48,1d 8h,FALSE
1153805,Alarm,"ALARM: ""kfinpwm-hex-nexedgeriabusiness-prod-rds-Low-FreeableMemory-15%-..."" in Asia Pacific (Mumbai)",Closed,Not Violated,Critical - P1,Uptime Team,12-04-2026 03:48,1d 8h,FALSE
1153806,Alarm,"ALARM: ""Bazoki-Prod-DB-1b-CPU-85%-#Alarm"" in Asia Pacific (Mumbai)",Closed,Not Violated,Critical - P1,Uptime Team,12-04-2026 03:51,1d 8h,FALSE
1153807,Alarm,"ALARM: ""kfinpwm-hex-prod-rds-Low-FreeableMemory-15%-#Alarm"" in Asia Pacific (Mumbai)",Closed,Not Violated,Critical - P1,Uptime Team,12-04-2026 03:53,1d 8h,FALSE
1153808,Alarm,"ALARM: ""kfinpwm-hex-prod-rds-Low-FreeableMemory-15%-#Alarm"" in Asia Pacific (Mumbai)",Closed,Not Violated,Critical - P1,Uptime Team,12-04-2026 03:53,1d 8h,FALSE
1153809,Alarm,"ALARM: ""sai-paramount-db-readreplicalag-#Alarm"" in Asia Pacific (Mumbai)",Closed,Not Violated,Critical - P1,Uptime Team,12-04-2026 03:55,1d 8h,FALSE
1153810,Alarm,"ALARM: ""MataGroup-Prod-AppDB-Pub-1a-New-CPU-85%-#Alarm"" in Asia Pacific (Mumbai)",Closed,Not Violated,Critical - P1,Uptime Team,12-04-2026 03:57,1d 8h,FALSE
1153811,Alarm,"ALARM: ""Bazoki-Prod-App-1b-CPU-85%#Alarms"" in Asia Pacific (Mumbai)",Closed,Not Violated,Critical - P1,Uptime Team,12-04-2026 03:57,1d 8h,FALSE
1153812,Alarm,"ALARM: ""Geetarani-grm-mysql-rds-CPU-90%-Alarm"" in Asia Pacific (Mumbai)",Closed,Not Violated,-,Uptime Team,12-04-2026 03:57,1d 8h,FALSE
1153813,Alarm,"ALARM: ""Geetarani-grm-mysql-rds-CPU-95%-Alarm"" in Asia Pacific (Mumbai)",Closed,Not Violated,High - P2,Uptime Team,12-04-2026 03:57,1d 8h,FALSE
1153814,Alarm,"ALARM: ""kfinpwm-hex-nexedgeriabusiness-prod-rds-Low-FreeStorageSpace-15..."" in Asia Pacific (Mumbai)",Closed,Not Violated,Critical - P1,Uptime Team,12-04-2026 03:57,1d 8h,FALSE
1153815,Alarm,"ALARM: ""Geetarani-grm-mysql-rds-CPU-85%-Alarm"" in Asia Pacific (Mumbai)",Closed,Not Violated,-,Uptime Team,12-04-2026 03:57,1d 8h,FALSE
1153816,Alarm,"ALARM: ""kfinpwm-hex-nexedgeriabusiness-prod-rds-Low-FreeStorageSpace-15..."" in Asia Pacific (Mumbai)",Closed,Not Violated,Critical - P1,Uptime Team,12-04-2026 03:57,1d 8h,FALSE
1153817,Alarm,"ALARM: ""anxiprodb-instace-1-new-16-01-rds#DatabaseConnections"" in Asia Pacific (Sydney)",Closed,Not Violated,Critical - P1,Uptime Team,12-04-2026 03:59,1d 8h,FALSE
1153818,Alarm,"Important notice about your AWS Account regarding VPN connections [AWS Account: 119841209825, VPN Connection: vpn-0afc862ee0cffa686, Tunnel Outside IP: 18.60.70.60]",Closed,Not Violated,Medium - P3,Uptime Team,12-04-2026 04:02,1d 8h,FALSE
1153824,Alarm,"ALARM: ""anxiprodb-instace-1-new-16-01-rds#DatabaseConnections"" in Asia Pacific (Sydney)",Closed,Not Violated,Critical - P1,Uptime Team,12-04-2026 04:15,1d 8h,FALSE
1153825,Alarm,"ALARM: ""KhimjiJwellers-Prod-DB-1b-CPU-85%-Alarm"" in Asia Pacific (Mumbai)",Closed,Not Violated,Critical - P1,Uptime Team,12-04-2026 04:16,1d 8h,FALSE
1153826,Alarm,"ALARM: ""cPanel-CPU-85%-#Alarm"" in Asia Pacific (Mumbai)",Closed,Not Violated,Critical - P1,Uptime Team,12-04-2026 04:16,1d 8h,FALSE
1153827,Alarm,"ALARM: ""JAY-PRECISION-Prod-SAPB1-1b-VolumeWriteBytes-85%#Alarm"" in Asia Pacific (Mumbai)",Closed,Not Violated,Critical - P1,Uptime Team,12-04-2026 04:18,1d 8h,FALSE
1153828,Alarm,"ALARM: ""ShriramInsightBrokers-Prod-OpenVPN-1b-StatusCheckFailed_Instanc..."" in Asia Pacific (Mumbai)",Closed,Not Violated,Critical - P1,Uptime Team,12-04-2026 04:19,1d 8h,FALSE
1153829,Alarm,"ALARM: ""HoiChoi-x-CWM-x-ProdRevAmp-hoichoi-aws-aps1-prod-ecs-hoichoi-th..."" in Asia Pacific (Mumbai)",Closed,Not Violated,Critical - P1,Uptime Team,12-04-2026 04:21,1d 8h,FALSE
1153830,Alarm,"ALARM: ""KhimjiJwellers-Prod-DB-1b-Memory-85%-Alarm"" in Asia Pacific (Mumbai)",Closed,Not Violated,Critical - P1,Uptime Team,12-04-2026 04:21,1d 8h,FALSE
1153831,Alarm,Bankify is Up,Closed,Not Violated,-,Uptime Team,12-04-2026 04:33,1d 8h,FALSE
1153832,Alarm,Bankify is Up,Closed,Not Violated,-,Uptime Team,12-04-2026 04:34,1d 7h,FALSE
1153833,Alarm,Bankify is Up,Closed,Not Violated,-,Uptime Team,12-04-2026 04:34,1d 7h,FALSE
1153834,Alarm,Bankify 7pay is Up,Closed,Not Violated,-,Uptime Team,12-04-2026 04:35,1d 7h,FALSE
1153835,Alarm,Bankify 7pay is Up,Closed,Not Violated,-,Uptime Team,12-04-2026 04:35,1d 7h,FALSE
1153836,Alarm,Bankify 7pay is Up,Closed,Not Violated,-,Uptime Team,12-04-2026 04:35,1d 7h,FALSE
1153837,Alarm,Bankify 7pay is Up,Closed,Not Violated,-,Uptime Team,12-04-2026 04:36,1d 7h,FALSE
1153838,Alarm,Bankify is Up,Closed,Not Violated,-,Uptime Team,12-04-2026 04:37,1d 7h,FALSE
1153839,Alarm,Bankify is Up,Closed,Not Violated,-,Uptime Team,12-04-2026 04:37,1d 7h,FALSE
1153840,Alarm,"ALARM: ""IWMBUZZ-PROD-WPS-ADMIN-Memory-85%-#Alarm"" in Asia Pacific (Mumbai)",Closed,Not Violated,Critical - P1,Uptime Team,12-04-2026 04:40,1d 7h,FALSE
1153841,Alarm,"ALARM: ""technicsi-rdsdb-instance-rr-green-wq8ozx-CPU-85%-#Alarm"" in Asia Pacific (Mumbai)",Closed,Not Violated,Critical - P1,Uptime Team,12-04-2026 04:40,1d 7h,FALSE
1153842,Alarm,"ALARM: ""Absolute-Barbeque-Prod-Hana-1b-Disk-(/)-85%#Alarm"" in Asia Pacific (Mumbai)",Closed,Not Violated,Critical - P1,Uptime Team,12-04-2026 04:41,1d 7h,FALSE
1153843,Alarm,"ALARM: ""AFPL-Prod-Seceon-CCE-Pub-1b-Memory-85%-#Alarms"" in Asia Pacific (Mumbai)",Closed,Not Violated,-,Uptime Team,12-04-2026 04:42,1d 7h,FALSE
1153845,Alarm,"ALARM: ""Absolute-Barbeque-Prod-Hana-1b-Disk-(/)-95%#Alarm"" in Asia Pacific (Mumbai)",Closed,Not Violated,Critical - P1,Uptime Team,12-04-2026 04:42,1d 7h,FALSE
1153847,Alarm,Bankify 7pay is Up,Closed,Not Violated,-,Uptime Team,12-04-2026 04:43,1d 7h,FALSE
1153848,Alarm,In10Media is Down from multiple locations,Closed,Not Violated,-,Uptime Team,12-04-2026 04:43,1d 7h,FALSE
1153849,Alarm,In10Media is Up,Closed,Not Violated,-,Uptime Team,12-04-2026 04:44,1d 7h,FALSE
1153852,Alarm,Bankify is Up,Closed,Not Violated,-,Uptime Team,12-04-2026 04:46,1d 7h,FALSE
1153853,Alarm,Argus News is Down from multiple locations,Closed,Not Violated,-,Uptime Team,12-04-2026 04:54,1d 7h,FALSE
1153854,Alarm,Argus News is Up,Closed,Not Violated,-,Uptime Team,12-04-2026 04:54,1d 7h,FALSE
1153855,Alarm,"ALARM: ""Trakkerz & ERP (CMS-New-Windows)-Disk(D)-85%#Alarm"" in Asia Pacific (Mumbai)",Closed,Not Violated,-,Uptime Team,12-04-2026 04:55,1d 7h,FALSE
1153856,Alarm,"ALARM: ""HoiChoi-x-CWM-x-ProdRevAmp-hoichoi-aws-aps1-prod-ecs-hoichoi-th..."" in Asia Pacific (Mumbai)",Closed,Not Violated,Critical - P1,Uptime Team,12-04-2026 04:58,1d 7h,FALSE
1153857,Alarm,"ALARM: ""SoftWeb-App-pub-server-1b-Disk(D)-85%-#ALARM"" in Asia Pacific (Mumbai)",Closed,Not Violated,-,Uptime Team,12-04-2026 04:59,1d 7h,FALSE
1153858,Alarm,****Success : Daily Backup****KFIN-Database-Backup-Upload-Notification,Closed,Not Violated,Medium - P3,Uptime Team,12-04-2026 05:00,1d 7h,FALSE
1153859,Alarm,"ALARM: ""BB-OTxT-DRA-UAT-1b-CPU-85%-#Alarm"" in Asia Pacific (Mumbai)",Closed,Not Violated,Critical - P1,Uptime Team,12-04-2026 05:02,1d 7h,FALSE
1153861,Alarm,ATPL-JIE | https://admin-prod.jobsineducation.net/ is Down from multiple locations,Closed,Not Violated,-,Uptime Team,12-04-2026 05:04,1d 7h,FALSE
1153862,Alarm,Arundhati Jewellers is Up,Closed,Not Violated,-,Uptime Team,12-04-2026 05:04,1d 7h,FALSE
1153863,Alarm,Arundhati Jewellers is Up,Closed,Not Violated,-,Uptime Team,12-04-2026 05:05,1d 7h,FALSE
1153864,Alarm,ATPL-JIE | https://admin-prod.jobsineducation.net/ is Up,Closed,Not Violated,-,Uptime Team,12-04-2026 05:07,1d 7h,FALSE
1153865,Alarm,AWS Cost Management: Cost anomaly detected on 2026-04-11T23:37:33.718659244Z,Closed,Not Violated,Medium - P3,Enterprise Windows Team,12-04-2026 05:07,1d 7h,FALSE
1153866,Alarm,Argus News is Down from multiple locations,Closed,Not Violated,-,Uptime Team,12-04-2026 05:09,1d 7h,FALSE
1153867,Alarm,Argus News is Up,Closed,Not Violated,-,Uptime Team,12-04-2026 05:11,1d 7h,FALSE
1153868,Client,AWS Cost Management: Cost anomaly detected on 2026-04-11T23:43:22.95128257Z,Closed,Not Violated,Medium - P3,SMB Linux Team,12-04-2026 05:13,1d 7h,FALSE
1153869,Client,AWS Cost Management: Cost anomaly detected on 2026-04-11T23:43:56.778717143Z,Closed,Not Violated,Medium - P3,SMB Linux Team,12-04-2026 05:14,1d 7h,FALSE
1153870,Alarm,"ALARM: ""AFPL-Prod-Seceon-CCE-Pub-1b-Memory-85%-#Alarms"" in Asia Pacific (Mumbai)",Closed,Not Violated,-,Uptime Team,12-04-2026 05:15,1d 7h,FALSE
1153873,Alarm,Gabriels Technology is Down from multiple locations,Closed,Not Violated,-,Uptime Team,12-04-2026 05:19,1d 7h,FALSE
1153874,Alarm,Gabriels Technology is Up,Closed,Not Violated,-,Uptime Team,12-04-2026 05:21,1d 7h,FALSE
1153876,Alarm,"ALARM: ""SoftwebGloster-Prod-App-1b-CPU-85%-#Alarm"" in Asia Pacific (Mumbai)",Closed,Not Violated,Critical - P1,Uptime Team,12-04-2026 05:26,1d 7h,FALSE
1153877,Alarm,"ALARM: ""AFPL-Prod-Seceon-CCE-Pub-1b-Memory-85%-#Alarms"" in Asia Pacific (Mumbai)",Closed,Not Violated,-,Uptime Team,12-04-2026 05:28,1d 7h,FALSE
1153881,Alarm,"ALARM: ""DE-invest-d-14th-May-CPU-95%-#Alarm"" in Asia Pacific (Mumbai)",Closed,Not Violated,Critical - P1,Uptime Team,12-04-2026 05:42,1d 6h,FALSE
1153886,Alarm,"ALARM: ""DE-invest-d-14th-May-CPU-95%-#Alarm"" in Asia Pacific (Mumbai)",Closed,Not Violated,Critical - P1,Uptime Team,12-04-2026 05:46,1d 6h,FALSE
1153887,Alarm,AWS Budgets Report: Annapurna-Efimo-Budget Report,Internal Dependency,Not Violated,Medium - P3,SMB Windows Team,12-04-2026 05:51,1d 6h,FALSE
1153888,Alarm,[Action Required] Bedrock Model Deprecation Notice – Claude 3 Haiku [AWS Account: 975050021363] [US-EAST-1],Internal Dependency,Not Violated,Medium - P3,SMB Linux Team,12-04-2026 05:52,1d 6h,FALSE
1153889,Alarm,"ALARM: ""Kims-Hospital-Prod-Web-Server-1b-CPUUtilization-85% #Alarm"" in Asia Pacific (Mumbai)",Closed,Not Violated,-,Uptime Team,12-04-2026 05:52,1d 6h,FALSE
1153890,Alarm,URGENT Action Required - Your certificate renewal,Closed,Not Violated,Medium - P3,Enterprise Linux Team,12-04-2026 05:58,1d 6h,FALSE
1153891,Alarm,"ALARM: ""SoftwebGloster-Prod-App-1b-Disk(C:)-85%-#Alarm"" in Asia Pacific (Mumbai)",Closed,Not Violated,Critical - P1,Uptime Team,12-04-2026 05:59,1d 6h,FALSE
1153892,Alarm,⚠️ AWS Cost Alert: Multistream-L2 | 121611421348 2026-04-11,Internal Dependency,Not Violated,Medium - P3,DevOps Team,12-04-2026 06:00,1d 6h,FALSE
1153893,Alarm,"ALARM: ""NewTownSchool_Agorae-Prod-VPN-1b-50%-CPU #Alarm"" in Asia Pacific (Mumbai)",Closed,Not Violated,Critical - P1,Uptime Team,12-04-2026 06:03,1d 6h,FALSE
1153894,Alarm,Lux Industries | https://luxdms.in/promoClaims/Login is Up,Closed,Not Violated,-,Uptime Team,12-04-2026 06:04,1d 6h,FALSE
1153895,Alarm,"ALARM: ""Midland-Tableau-Prod-Server-1a_CPUUtilization_90%_#Alarm"" in Asia Pacific (Mumbai)",Closed,Not Violated,High - P2,Uptime Team,12-04-2026 06:07,1d 6h,FALSE
1153896,Alarm,Your certificate is renewed,Closed,Not Violated,-,SMB Linux Team,12-04-2026 06:09,1d 6h,FALSE
1153897,Alarm,Your certificate is renewed,Closed,Not Violated,-,Uptime Team,12-04-2026 06:09,1d 6h,FALSE
1153898,Alarm,Your certificate is renewed,Closed,Not Violated,-,Uptime Team,12-04-2026 06:10,1d 6h,FALSE
1153899,Alarm,Your certificate is renewed,Closed,Not Violated,-,Uptime Team,12-04-2026 06:12,1d 6h,FALSE
1153900,Alarm,Your certificate is renewed,Closed,Not Violated,-,Uptime Team,12-04-2026 06:14,1d 6h,FALSE
1153901,Alarm,Argus News is Down from multiple locations,Closed,Not Violated,-,Uptime Team,12-04-2026 06:20,1d 6h,FALSE
1153902,Alarm,Argus News is Up,Closed,Not Violated,-,Uptime Team,12-04-2026 06:21,1d 6h,FALSE
1153903,Alarm,"ALARM: ""softweb-srishti-rds-oracle-21c-Memory-85% #Alarm"" in Asia Pacific (Mumbai)",Closed,Not Violated,Critical - P1,Uptime Team,12-04-2026 06:23,1d 6h,FALSE
1153904,Alarm,"ALARM: ""Arundhati-Jewellers-DB-1b-Disk(/)-85%-#Alarm"" in Asia Pacific (Mumbai)",Closed,Not Violated,Critical - P1,Uptime Team,12-04-2026 06:25,1d 6h,FALSE
1153905,Alarm,Gabriels Technology is Down from multiple locations,Closed,Not Violated,-,Uptime Team,12-04-2026 06:26,1d 6h,FALSE
1153906,Alarm,"ALARM: ""SoftwebGloster-Prod-App-1b-CPU-85%-#Alarm"" in Asia Pacific (Mumbai)",Closed,Not Violated,Critical - P1,Uptime Team,12-04-2026 06:26,1d 6h,FALSE
1153907,Alarm,"ALARM: ""KhimjiJwellers-Prod-DB-1b-CPU-85%-Alarm"" in Asia Pacific (Mumbai)",Closed,Not Violated,Critical - P1,Uptime Team,12-04-2026 06:27,1d 6h,FALSE
1153908,Alarm,Argus News is Down from multiple locations,Closed,Not Violated,-,Uptime Team,12-04-2026 06:30,1d 6h,FALSE
1153909,Alarm,Gabriels Technology is Up,Closed,Not Violated,-,Uptime Team,12-04-2026 06:31,1d 6h,FALSE
1153910,Alarm,Argus News is Up,Closed,Not Violated,-,Uptime Team,12-04-2026 06:31,1d 6h,FALSE
1153911,Alarm,"ALARM: ""Arukus-PROD-APP-CPU-85% #Alarm"" in Asia Pacific (Mumbai)",Closed,Not Violated,Critical - P1,Uptime Team,12-04-2026 06:33,1d 6h,FALSE
1153912,Alarm,"ALARM: ""anxiprodb-instace-1-new-16-01-rds#DatabaseConnections"" in Asia Pacific (Sydney)",Closed,Not Violated,Critical - P1,Uptime Team,12-04-2026 06:36,1d 5h,FALSE
1153913,Alarm,"ALARM: ""aws-codedeploy-bitbucket-laravel-eezaamout-UAT-RDS-Freeable-Mem..."" in Asia Pacific (Mumbai)",Closed,Not Violated,Critical - P1,Uptime Team,12-04-2026 06:43,1d 5h,FALSE
1153914,Alarm,"ALARM: ""MBM-Group-Prod-App-1b-CPU-85%-#ALARM"" in Asia Pacific (Mumbai)",Closed,Not Violated,Critical - P1,Uptime Team,12-04-2026 06:45,1d 5h,FALSE
1153916,Alarm,"ALARM: ""hoichoi-aws-aps1-prod-ecs-hoichoi-backend_high_memory_util_alarm"" in Asia Pacific (Mumbai)",Closed,Not Violated,Critical - P1,Uptime Team,12-04-2026 06:46,1d 5h,FALSE
1153918,Alarm,"ALARM: ""AFPL-Prod-Seceon-CCE-Pub-1b-Memory-85%-#Alarms"" in Asia Pacific (Mumbai)",Closed,Not Violated,-,Uptime Team,12-04-2026 06:54,1d 5h,FALSE
1153921,Alarm,Important notice about your AWS Account regarding VPN connections [AWS Account: 094257043624],Closed,Not Violated,Medium - P3,Uptime Team,12-04-2026 06:58,1d 5h,FALSE
1153922,Alarm,Important notice about your AWS Account regarding VPN connections [AWS Account: 121795248749],Closed,Not Violated,Medium - P3,Uptime Team,12-04-2026 06:59,1d 5h,FALSE
1153923,Alarm,Important notice about your AWS Account regarding VPN connections [AWS Account: 295216128092],Closed,Not Violated,Medium - P3,Uptime Team,12-04-2026 07:00,1d 5h,FALSE
1153924,Alarm,Gabriels Technology is Down from multiple locations,Closed,Not Violated,-,Uptime Team,12-04-2026 07:01,1d 5h,FALSE
1153925,Alarm,Gabriels Technology is Up,Closed,Not Violated,-,Uptime Team,12-04-2026 07:02,1d 5h,FALSE
1153927,Alarm,"ALARM: ""BDG-Metal-Prod-App-1b-Disk(C:)85%#Alarm"" in Asia Pacific (Mumbai)",Closed,Not Violated,High - P2,Uptime Team,12-04-2026 07:04,1d 5h,FALSE
1153928,Alarm,Lux Industries | https://luxind.in/login is Up,Closed,Not Violated,-,Uptime Team,12-04-2026 07:04,1d 5h,FALSE
1153929,Alarm,Important notice about your AWS Account regarding VPN connections [AWS Account: 024488762401],Closed,Not Violated,Medium - P3,Uptime Team,12-04-2026 07:04,1d 5h,FALSE
1153930,Alarm,"ALARM: ""SoftwebGloster-Prod-App-1b-CPU-85%-#Alarm"" in Asia Pacific (Mumbai)",Closed,Not Violated,Critical - P1,Uptime Team,12-04-2026 07:06,1d 5h,FALSE
1153931,Alarm,"ALARM: ""Shrachi-Prod-Website-CPU-Utilization-85%#Alarm"" in Asia Pacific (Mumbai)",Closed,Not Violated,Critical - P1,Uptime Team,12-04-2026 07:06,1d 5h,FALSE
1153932,Alarm,"ALARM: ""Midland-Tableau-Prod-Server-1a_CPUUtilization_90%_#Alarm"" in Asia Pacific (Mumbai)",Closed,Not Violated,High - P2,Uptime Team,12-04-2026 07:07,1d 5h,FALSE
1153933,Alarm,"ALARM: ""softweb-srishti-rds-oracle-21c-Memory-85% #Alarm"" in Asia Pacific (Mumbai)",Closed,Not Violated,Critical - P1,Uptime Team,12-04-2026 07:08,1d 5h,FALSE
1153934,Alarm,Important notice about your AWS Account regarding VPN connections [AWS Account: 119841209825],Closed,Not Violated,Medium - P3,Uptime Team,12-04-2026 07:09,1d 5h,FALSE
1153935,Client,Master the Art of Successful Bidding,Closed,Not Violated,Medium - P3,Uptime Team,12-04-2026 07:10,1d 5h,FALSE
1153936,Alarm,Important notice about your AWS Account regarding VPN connections [AWS Account: 294869348866],Closed,Not Violated,Medium - P3,Uptime Team,12-04-2026 07:11,1d 5h,FALSE
1153937,Alarm,Important notice about your AWS Account regarding VPN connections [AWS Account: 410097949519],Closed,Not Violated,Medium - P3,Uptime Team,12-04-2026 07:12,1d 5h,FALSE
1153938,Alarm,Important notice about your AWS Account regarding VPN connections [AWS Account: 433759180486],Closed,Not Violated,Medium - P3,Uptime Team,12-04-2026 07:13,1d 5h,FALSE
1153939,Alarm,Important notice about your AWS Account regarding VPN connections [AWS Account: 324050363265],Closed,Not Violated,Medium - P3,Uptime Team,12-04-2026 07:16,1d 5h,FALSE
1153940,Alarm,Important notice about your AWS Account regarding VPN connections [AWS Account: 699951450237],Closed,Not Violated,Medium - P3,Uptime Team,12-04-2026 07:16,1d 5h,FALSE
1153941,Alarm,Important notice about your AWS Account regarding VPN connections [AWS Account: 415348423851],Closed,Not Violated,Medium - P3,Uptime Team,12-04-2026 07:20,1d 5h,FALSE
1153942,Alarm,Important notice about your AWS Account regarding VPN connections [AWS Account: 796973495311],Closed,Not Violated,Medium - P3,Uptime Team,12-04-2026 07:21,1d 5h,FALSE
1153943,Alarm,"ALARM: ""SoftwebGloster-Prod-App-1b-CPU-85%-#Alarm"" in Asia Pacific (Mumbai)",Closed,Not Violated,Critical - P1,Uptime Team,12-04-2026 07:21,1d 5h,FALSE
1153944,Alarm,Gabriels Technology is Down from multiple locations,Closed,Not Violated,-,Uptime Team,12-04-2026 07:24,1d 5h,FALSE
1153945,Alarm,Gabriels Technology is Up,Closed,Not Violated,-,Uptime Team,12-04-2026 07:24,1d 5h,FALSE
1153946,Alarm,"ALARM: ""softweb-srishti-rds-oracle-21c-Memory-85% #Alarm"" in Asia Pacific (Mumbai)",Closed,Not Violated,Critical - P1,Uptime Team,12-04-2026 07:25,1d 5h,FALSE
1153950,Client,SH-NS-MS-12-04-26,Closed,Not Violated,Medium - P3,Uptime Team,12-04-2026 07:31,1d 5h,FALSE
1153952,Alarm,Gabriels Technology is Down from multiple locations,Closed,Not Violated,-,Uptime Team,12-04-2026 07:31,1d 5h,FALSE
1153953,Alarm,Gabriels Technology is Up,Closed,Not Violated,-,Uptime Team,12-04-2026 07:32,1d 5h,FALSE
1153954,Alarm,"ALARM: ""AMPL-eFIMO-Prod-RDB-1b-CPU-90%-#Alarm"" in Asia Pacific (Mumbai)",Closed,Not Violated,-,Uptime Team,12-04-2026 07:41,1d 4h,FALSE
1153956,Alarm,"ALARM: ""aws-codedeploy-bitbucket-laravel-eezaamout-UAT-RDS-Freeable-Mem..."" in Asia Pacific (Mumbai)",Closed,Not Violated,Critical - P1,Uptime Team,12-04-2026 07:47,1d 4h,FALSE
1153957,Alarm,Argus News is Down from multiple locations,Closed,Not Violated,-,Uptime Team,12-04-2026 07:52,1d 4h,FALSE
1153958,Alarm,Argus News is Up,Closed,Not Violated,-,Uptime Team,12-04-2026 07:53,1d 4h,FALSE
1153959,Alarm,"ALARM: ""softweb-srishti-rds-oracle-21c-Memory-85% #Alarm"" in Asia Pacific (Mumbai)",Closed,Not Violated,Critical - P1,Uptime Team,12-04-2026 07:56,1d 4h,FALSE
1153960,Alarm,SAP Backup Status Report,Closed,Not Violated,Medium - P3,Enterprise Windows Team,12-04-2026 08:00,1d 4h,FALSE
1153961,Alarm,Lux Industries | https://luxindustries.co.in/luxadtracker/login is Up,Closed,Not Violated,-,Uptime Team,12-04-2026 08:02,1d 4h,FALSE
1153962,Alarm,IKF Finance is Up,Closed,Not Violated,-,Uptime Team,12-04-2026 08:05,1d 4h,FALSE
1153963,Alarm,"ALARM: ""softweb-srishti-rds-oracle-21c-Memory-85% #Alarm"" in Asia Pacific (Mumbai)",Closed,Not Violated,Critical - P1,Uptime Team,12-04-2026 08:10,1d 4h,FALSE
1153964,Alarm,Important notice about your AWS Account regarding VPN connections [AWS Account: 422855597339],Closed,Not Violated,Medium - P3,Uptime Team,12-04-2026 08:16,1d 4h,FALSE
1153967,Alarm,"ALARM: ""BDG-Metal-Prod-DB-1b-Disk(D:)-90%#Alarm"" in Asia Pacific (Mumbai)",Awaiting Customer Response,Not Violated,-,Uptime Team,12-04-2026 08:21,1d 4h,FALSE
1153968,Alarm,"ALARM: ""anxiproddb-instance-1-ap-southeast-2b-new-CPU#Alarm"" in Asia Pacific (Sydney)",Closed,Not Violated,Critical - P1,Uptime Team,12-04-2026 08:30,1d 4h,FALSE
1153969,Alarm,"ALARM: ""IWMBUZZ-PROD-WPS-ADMIN-Memory-85%-#Alarm"" in Asia Pacific (Mumbai)",Closed,Not Violated,Critical - P1,Uptime Team,12-04-2026 08:31,1d 4h,FALSE
1153970,Alarm,"ALARM: ""ETEdge-TG-Etnowgbs-cdn-ENSA4TPDNYD15-5xxErrorRate-Alarm"" in US East (N. Virginia)",Closed,Not Violated,Critical - P1,Uptime Team,12-04-2026 08:34,1d 3h,FALSE
1153971,Alarm,"ALARM: ""Absolute-Barbeque-Prod-SAPB1-1b-Disk(E:)-85%#Alarm"" in Asia Pacific (Mumbai)",Awaiting Customer Response,Not Violated,Critical - P1,Uptime Team,12-04-2026 08:36,1d 3h,FALSE
1153972,Alarm,"ALARM: ""RCB-Website-ALB-Prod-4XX-Alert"" in Asia Pacific (Mumbai)",Closed,Not Violated,-,Uptime Team,12-04-2026 08:38,1d 3h,FALSE
1153974,Alarm,AWS Notification Message,Closed,Not Violated,Medium - P3,SMB Linux Team,12-04-2026 09:00,1d 3h,FALSE
1153975,Alarm,AWS Notification Message,Closed,Not Violated,Medium - P3,SMB Linux Team,12-04-2026 09:00,1d 3h,FALSE
1153976,Alarm,AWS Notification Message,Closed,Not Violated,Medium - P3,SMB Linux Team,12-04-2026 09:00,1d 3h,FALSE
1153977,Alarm,Shifa Hospitals is Up,Closed,Not Violated,-,Uptime Team,12-04-2026 09:05,1d 3h,FALSE
1153978,Alarm,Vawsum | https://vawsum.com/ is Down from multiple locations,Closed,Not Violated,-,Uptime Team,12-04-2026 09:07,1d 3h,FALSE
1153979,Alarm,"ALARM: ""softweb-srishti-rds-oracle-21c-Memory-85% #Alarm"" in Asia Pacific (Mumbai)",Closed,Not Violated,Critical - P1,Uptime Team,12-04-2026 09:10,1d 3h,FALSE
1153980,Alarm,"ALARM: ""hoichoi-aws-aps1-prod-ecs-hoichoi-backend_high_memory_util_alarm"" in Asia Pacific (Mumbai)",Closed,Not Violated,Critical - P1,Uptime Team,12-04-2026 09:11,1d 3h,FALSE
1153981,Alarm,Vawsum | https://vawsum.com/ is Up,Closed,Not Violated,-,Uptime Team,12-04-2026 09:18,1d 3h,FALSE
1153982,Alarm,"ALARM: ""SoftWeb-DB-Pvt-1b-#CPUUtilization-95%-#ALARM"" in Asia Pacific (Mumbai)",Closed,Not Violated,Critical - P1,Uptime Team,12-04-2026 09:21,1d 3h,FALSE
1153986,Alarm,"ALARM: ""ComfortLady-Prod-HanaDB-1b-Disk(/hana/shared)-85%-#Alarm"" in Asia Pacific (Mumbai)",Closed,Not Violated,Critical - P1,Uptime Team,12-04-2026 09:33,1d 3h,FALSE
1153987,Alarm,"ALARM: ""Magpet-Prod-SAP-New-Pub-NEW-DISK(C:)-85%-ALARM"" in Asia Pacific (Mumbai)",Closed,Not Violated,-,Uptime Team,12-04-2026 09:33,1d 2h,FALSE
1153988,Alarm,"ALARM: ""ABM-Technomatrix-Prod-Web/DB-1a-New-Disk(C)-85%-#Alarm"" in Asia Pacific (Mumbai)",Closed,Not Violated,Critical - P1,Uptime Team,12-04-2026 09:34,1d 2h,FALSE
1153989,Alarm,"ALARM: ""ABM-Technomatrix-Prod-Web/DB-1a-New-Disk(C)-85%-#Alarm"" in Asia Pacific (Mumbai)",Closed,Not Violated,Critical - P1,Uptime Team,12-04-2026 09:34,1d 2h,FALSE
1153990,Alarm,"ALARM: ""ComfortLady-HanaDB-Cpu-85%-Alarm"" in Asia Pacific (Mumbai)",Closed,Not Violated,Critical - P1,Uptime Team,12-04-2026 09:36,1d 2h,FALSE
1153991,Alarm,"ALARM: ""NewTownSchool_JIE-Prod-DB-1b-New-2-CPU-70%-utilized-#Alarm"" in Asia Pacific (Mumbai)",Closed,Not Violated,Critical - P1,Uptime Team,12-04-2026 09:37,1d 2h,FALSE
1153992,Alarm,"ALARM: ""SoftWeb-DB-Pvt-1b-#CPUUtilization-95%-#ALARM"" in Asia Pacific (Mumbai)",Closed,Not Violated,Critical - P1,Uptime Team,12-04-2026 09:41,1d 2h,FALSE
1153993,Alarm,"ALARM: ""SoftWeb-DB-Pvt-1b-#CPUUtilization-95%-#ALARM"" in Asia Pacific (Mumbai)",Closed,Not Violated,-,Uptime Team,12-04-2026 09:45,1d 2h,FALSE
1153994,Alarm,"ALARM: ""SoftWeb-DB-Pvt-1b-#CPUUtilization-95%-#ALARM"" in Asia Pacific (Mumbai)",Closed,Not Violated,-,Uptime Team,12-04-2026 09:47,1d 2h,FALSE
1153996,Alarm,Argus News is Down from multiple locations,Closed,Not Violated,-,Uptime Team,12-04-2026 09:50,1d 2h,FALSE
1153997,Alarm,Argus News is Up,Closed,Not Violated,-,Uptime Team,12-04-2026 09:50,1d 2h,FALSE
1153998,Alarm,"Important notice about your AWS Account regarding VPN connections [AWS Account: 699951450237, VPN Connection: vpn-0827afb87ab703f61, Tunnel Outside IP: 3.6.237.52]",Closed,Not Violated,Medium - P3,Uptime Team,12-04-2026 09:51,1d 2h,FALSE
1153999,Alarm,"ALARM: ""aws-codedeploy-bitbucket-laravel-eezaamout-UAT-RDS-Freeable-Mem..."" in Asia Pacific (Mumbai)",Closed,Not Violated,Critical - P1,Uptime Team,12-04-2026 09:55,1d 2h,FALSE
1154000,Client,Whitelisting Of IP Address,Awaiting Customer Response,Not Violated,Medium - P3,SMB Windows Team,12-04-2026 10:02,1d 2h,FALSE
1154001,Alarm,"ALARM: ""Sampark-Spark Activity-Prod-Disk(Root)-85%#Alarm"" in Asia Pacific (Mumbai)",Closed,Not Violated,-,Uptime Team,12-04-2026 10:06,1d 2h,FALSE
1154002,Alarm,"ALARM: ""ETEdge-TG-Etnowgbs-cdn-ENSA4TPDNYD15-5xxErrorRate-Alarm"" in US East (N. Virginia)",Closed,Not Violated,Critical - P1,Uptime Team,12-04-2026 10:07,1d 2h,FALSE
1154003,Alarm,"ALARM: ""ETEdge-TG-Etnowgbs-cdn-ENSA4TPDNYD15-5xxErrorRate-Alarm"" in US East (N. Virginia)",Closed,Not Violated,Critical - P1,Uptime Team,12-04-2026 10:20,1d 2h,FALSE
1154004,Alarm,"ALARM: ""Drivers4me-Prod-RDS-Memory-85%#Alarms"" in Asia Pacific (Mumbai)",Closed,Not Violated,Critical - P1,DevOps Team,12-04-2026 10:21,1d 2h,FALSE
1154005,Alarm,"ALARM: ""AFPL-Prod-Seceon-CCE-Pub-1b-Memory-85%-#Alarms"" in Asia Pacific (Mumbai)",Closed,Not Violated,-,Uptime Team,12-04-2026 10:21,1d 2h,FALSE
1154007,Alarm,"ALARM: ""ABM-Prod-App+PGSQL-DB-1a-CPU-85%-#Alarm"" in Asia Pacific (Mumbai)",Closed,Not Violated,Critical - P1,Uptime Team,12-04-2026 10:21,1d 2h,FALSE
1154008,Alarm,"ALARM: ""ABM-Prod-App+PGSQL-DB-1a-CPU-85%-#Alarm"" in Asia Pacific (Mumbai)",Closed,Not Violated,Critical - P1,Uptime Team,12-04-2026 10:22,1d 2h,FALSE
1154011,Alarm,"ALARM: ""softweb-srishti-rds-oracle-21c-Memory-85% #Alarm"" in Asia Pacific (Mumbai)",Closed,Not Violated,Critical - P1,Uptime Team,12-04-2026 10:25,1d 2h,FALSE
1154012,Alarm,"ALARM: ""anxiprodb-instace-1-new-16-01-rds#DatabaseConnections"" in Asia Pacific (Sydney)",Closed,Not Violated,Critical - P1,Uptime Team,12-04-2026 10:25,1d 2h,FALSE
1154013,Alarm,"ALARM: ""AFPL-Prod-Seceon-CCE-Pub-1b-Memory-85%-#Alarms"" in Asia Pacific (Mumbai)",Closed,Not Violated,-,Uptime Team,12-04-2026 10:26,1d 2h,FALSE
1154015,Alarm,"ALARM: ""Bazoki-Prod-DB-1b-CPU-85%-#Alarm"" in Asia Pacific (Mumbai)",Closed,Not Violated,Critical - P1,Uptime Team,12-04-2026 10:26,1d 2h,FALSE
1154021,Alarm,"ALARM: ""aws-codedeploy-bitbucket-laravel-eezaamout-UAT-RDS-Freeable-Mem..."" in Asia Pacific (Mumbai)",Closed,Not Violated,Critical - P1,Uptime Team,12-04-2026 10:34,1d 1h,FALSE
1154022,Alarm,"ALARM: ""anxiprodb-instace-1-new-16-01-rds#DatabaseConnections"" in Asia Pacific (Sydney)",Closed,Not Violated,Critical - P1,Uptime Team,12-04-2026 10:46,1d 1h,FALSE
1154024,Alarm,"Important notice about your AWS Account regarding VPN connections [AWS Account: 254860293158, VPN Connection: vpn-0dad77af52458e77e, Tunnel Outside IP: 15.206.196.154]",Closed,Not Violated,Medium - P3,Uptime Team,12-04-2026 10:51,1d 1h,FALSE
1154026,Alarm,"ALARM: ""HoiChoi-x-CWM-x-ProdRevAmp-hoichoi-aws-aps1-prod-ecs-hoichoi-th..."" in Asia Pacific (Mumbai)",Closed,Not Violated,Critical - P1,Uptime Team,12-04-2026 10:58,1d 1h,FALSE
1154027,Alarm,"ALARM: ""AFPL-Prod-Seceon-CCE-Pub-1b-Memory-85%-#Alarms"" in Asia Pacific (Mumbai)",Closed,Not Violated,-,Uptime Team,12-04-2026 11:00,1d 1h,FALSE
1154031,Alarm,"ALARM: ""Bazoki-Prod-DB-1b-CPU-85%-#Alarm"" in Asia Pacific (Mumbai)",Closed,Not Violated,Critical - P1,Uptime Team,12-04-2026 11:06,1d 1h,FALSE
1154032,Alarm,"ALARM: ""ETEdge-TG-Etnowgbs-cdn-ENSA4TPDNYD15-5xxErrorRate-Alarm"" in US East (N. Virginia)",Closed,Not Violated,Critical - P1,Uptime Team,12-04-2026 11:07,1d 1h,FALSE
1154033,Alarm,"ALARM: ""AFPL-Prod-Seceon-CCE-Pub-1b-Memory-85%-#Alarms"" in Asia Pacific (Mumbai)",Closed,Not Violated,-,Uptime Team,12-04-2026 11:07,1d 1h,FALSE
1154039,Alarm,"ALARM: ""PragtiMilk-Prod-Web-1b-CPU-95%-#Alarm"" in Asia Pacific (Mumbai)",Closed,Not Violated,-,Uptime Team,12-04-2026 11:21,1d 1h,FALSE
1154040,Alarm,"ALARM: ""PragtiMilk-MobileApp+DB Server-1b-CPU-95%-#Alarm"" in Asia Pacific (Mumbai)",Closed,Not Violated,-,Uptime Team,12-04-2026 11:21,1d 1h,FALSE
1154041,Alarm,"ALARM: ""Bazoki-Prod-DB-1b-CPU-85%-#Alarm"" in Asia Pacific (Mumbai)",Closed,Not Violated,Critical - P1,Uptime Team,12-04-2026 11:23,1d 1h,FALSE
1154042,Client,Disable auto schedule,Internal Dependency,Not Violated,Medium - P3,SMB Windows Team,12-04-2026 11:24,1d 1h,FALSE
1154043,Alarm,"ALARM: ""Bazoki-Prod-DB-1b-CPU-85%-#Alarm"" in Asia Pacific (Mumbai)",Closed,Not Violated,Critical - P1,Uptime Team,12-04-2026 11:24,1d 1h,FALSE
1154044,Alarm,"ALARM: ""IWMBUZZ-PROD-WPS-ADMIN-Memory-85%-#Alarm"" in Asia Pacific (Mumbai)",Closed,Not Violated,Critical - P1,Uptime Team,12-04-2026 11:26,1d 1h,FALSE
1154045,Alarm,"ALARM: ""Kims-Hospital-Prod-EHR-2b-CPU-85%-#Alarm"" in Asia Pacific (Hyderabad)",Closed,Not Violated,Critical - P1,Uptime Team,12-04-2026 11:27,1d 1h,FALSE
1154046,Alarm,"ALARM: ""Eleve-Diamonds-ALB-4XX-#ALARM"" in Asia Pacific (Mumbai)",Closed,Not Violated,Critical - P1,Uptime Team,12-04-2026 11:33,1d 0h,FALSE
1154047,Alarm,"ALARM: ""softweb-srishti-rds-oracle-21c-Memory-85% #Alarm"" in Asia Pacific (Mumbai)",Closed,Not Violated,Critical - P1,Uptime Team,12-04-2026 11:34,1d 0h,FALSE
1154048,Alarm,"ALARM: ""PragtiMilk-Prod-Web-1b-CPU-85%-#Alarm"" in Asia Pacific (Mumbai)",Closed,Not Violated,-,Uptime Team,12-04-2026 11:34,1d 0h,FALSE
1154049,Alarm,"ALARM: ""Bazoki-Prod-DB-1b-CPU-85%-#Alarm"" in Asia Pacific (Mumbai)",Closed,Not Violated,Critical - P1,Uptime Team,12-04-2026 11:35,1d 0h,FALSE
1154050,Alarm,"ALARM: ""IWMBUZZ-PROD-WPS-ADMIN-Memory-85%-#Alarm"" in Asia Pacific (Mumbai)",Closed,Not Violated,Critical - P1,Uptime Team,12-04-2026 11:39,1d 0h,FALSE
1154051,Alarm,"ALARM: ""AFPL-Prod-Seceon-CCE-Pub-1b-Memory-85%-#Alarms"" in Asia Pacific (Mumbai)",Closed,Not Violated,-,Uptime Team,12-04-2026 11:39,1d 0h,FALSE
1154054,Alarm,"ALARM: ""Kims-Hospital-Prod-Web-Server-1b-CPUUtilization-85% #Alarm"" in Asia Pacific (Mumbai)",Closed,Not Violated,-,Uptime Team,12-04-2026 11:42,1d 0h,FALSE
1154057,Client,Workmates Backup - No successful backups reminder,Closed,Not Violated,Medium - P3,SMB Linux Team,12-04-2026 11:53,1d 0h,FALSE
1154061,Alarm,"ALARM: ""Kims-Hospital-Prod-Web-Server-1b-CPUUtilization-85% #Alarm"" in Asia Pacific (Mumbai)",Closed,Not Violated,-,Uptime Team,12-04-2026 11:57,1d 0h,FALSE
1154062,Alarm,"ALARM: ""kfinpwm-hex-prod-rds-Low-FreeableMemory-15%-#Alarm"" in Asia Pacific (Mumbai)",Closed,Not Violated,Critical - P1,Uptime Team,12-04-2026 11:57,1d 0h,FALSE
1154063,Alarm,"ALARM: ""kfinpwm-hex-prod-rds-Low-FreeableMemory-15%-#Alarm"" in Asia Pacific (Mumbai)",Closed,Not Violated,Critical - P1,Uptime Team,12-04-2026 11:57,1d 0h,FALSE
1154064,Alarm,"ALARM: ""Bazoki-Prod-DB-1b-CPU-85%-#Alarm"" in Asia Pacific (Mumbai)",Closed,Not Violated,Critical - P1,Uptime Team,12-04-2026 12:02,1d 0h,FALSE
1154065,Alarm,"ALARM: ""hoichoi-aws-aps1-prod-ecs-hoichoi-analytics_high_cpu_util_alarm"" in Asia Pacific (Mumbai)",Closed,Not Violated,Critical - P1,Uptime Team,12-04-2026 12:25,1d 0h,FALSE
1154066,Alarm,RICB is Up,Closed,Not Violated,-,Uptime Team,12-04-2026 12:26,1d 0h,FALSE
1154067,Alarm,"ALARM: ""Ajmera-Prod-SAPB1-1b-Memory-95%Alarm"" in Asia Pacific (Mumbai)",Closed,Not Violated,Critical - P1,Uptime Team,12-04-2026 12:30,1d 0h,FALSE
1154069,Alarm,"ALARM: ""softweb-srishti-rds-oracle-21c-CPU-85% #Alarm"" in Asia Pacific (Mumbai)",Closed,Not Violated,Critical - P1,Uptime Team,12-04-2026 12:34,23:59:02,FALSE
1154070,Alarm,"ALARM: ""IWMBUZZ-PROD-WPS-ADMIN-Memory-85%-#Alarm"" in Asia Pacific (Mumbai)",Closed,Not Violated,Critical - P1,Uptime Team,12-04-2026 12:38,23:55:30,FALSE
1154071,Alarm,In10Media is Down from multiple locations,Closed,Not Violated,-,Uptime Team,12-04-2026 12:40,23:53:15,FALSE
1154073,Alarm,In10Media is Up,Closed,Not Violated,-,Uptime Team,12-04-2026 12:43,23:50:03,FALSE
1154074,Alarm,"ALARM: ""www.latestly.com-5XX-error-above-5%-for-5mins#ALARM"" in US East (N. Virginia)",Closed,Not Violated,Critical - P1,Uptime Team,12-04-2026 12:45,23:48:09,FALSE
1154077,Alarm,"ALARM: ""Bazoki-HTTPCode_Target_5XX_Count-ALB-Count-2#Alarms"" in Asia Pacific (Mumbai)",Closed,Not Violated,Critical - P1,Uptime Team,12-04-2026 12:52,23:40:52,FALSE
1154078,Alarm,"ALARM: ""softweb-srishti-rds-oracle-21c-Memory-85% #Alarm"" in Asia Pacific (Mumbai)",Closed,Not Violated,Critical - P1,Uptime Team,12-04-2026 12:56,23:37:21,FALSE
1154082,Alarm,"Important notice about your AWS Account regarding VPN connections [AWS Account: 796973495311, VPN Connection: vpn-00850f5d1aba57f33, Tunnel Outside IP: 15.206.83.232]",Closed,Not Violated,Medium - P3,Uptime Team,12-04-2026 13:06,23:26:59,FALSE
1154083,Alarm,"ALARM: ""hoichoi-aws-aps1-prod-ecs-hoichoi-identity_high_cpu_util_alarm"" in Asia Pacific (Mumbai)",Closed,Not Violated,Critical - P1,Uptime Team,12-04-2026 13:18,23:15:17,FALSE
1154084,Alarm,"ALARM: ""BB-RPD-SC-UAT-1b-CPU-85%-#Alarm"" in Asia Pacific (Mumbai)",Closed,Not Violated,Critical - P1,Uptime Team,12-04-2026 13:21,23:11:40,FALSE
1154085,Alarm,"ALARM: ""Eleve-Diamonds-ALB-4XX-#ALARM"" in Asia Pacific (Mumbai)",Closed,Not Violated,Critical - P1,Uptime Team,12-04-2026 13:32,23:00:41,FALSE
1154086,Alarm,"ALARM: ""anxiprodb-instace-1-new-16-01-rds#DatabaseConnections"" in Asia Pacific (Sydney)",Closed,Not Violated,Critical - P1,Uptime Team,12-04-2026 13:40,22:52:47,FALSE
1154087,Alarm,"ALARM: ""anxiprodb-instace-1-new-16-01-rds#DatabaseConnections"" in Asia Pacific (Sydney)",Closed,Not Violated,Critical - P1,Uptime Team,12-04-2026 13:44,22:48:46,FALSE
1154088,Alarm,"ALARM: ""hoichoi-aws-aps1-prod-ecs-hoichoi-identity_high_cpu_util_alarm"" in Asia Pacific (Mumbai)",Closed,Not Violated,Critical - P1,Uptime Team,12-04-2026 13:49,22:44:17,FALSE
1154090,Alarm,Argus News is Down from multiple locations,Closed,Not Violated,-,Uptime Team,12-04-2026 13:55,22:38:19,FALSE
1154091,Alarm,Argus News is Up,Closed,Not Violated,-,Uptime Team,12-04-2026 13:55,22:37:49,FALSE
1154092,Alarm,"ALARM: ""anxiprodb-instace-1-new-16-01-rds#DatabaseConnections"" in Asia Pacific (Sydney)",Closed,Not Violated,Critical - P1,Uptime Team,12-04-2026 14:04,22:28:47,FALSE
1154093,Alarm,"ALARM: ""anxiprodb-instace-1-new-16-01-rds#DatabaseConnections"" in Asia Pacific (Sydney)",Closed,Not Violated,Critical - P1,Uptime Team,12-04-2026 14:07,22:25:50,FALSE
1154097,Alarm,"ALARM: ""anxiprodb-instace-1-new-16-01-rds#DatabaseConnections"" in Asia Pacific (Sydney)",Closed,Not Violated,Critical - P1,Uptime Team,12-04-2026 14:14,22:18:47,FALSE
1154098,Alarm,"ALARM: ""anxiprodb-instace-1-new-16-01-rds#DatabaseConnections"" in Asia Pacific (Sydney)",Closed,Not Violated,Critical - P1,Uptime Team,12-04-2026 14:18,22:14:52,FALSE
1154100,Alarm,"ALARM: ""Geetarani-grm-mysql-rds-CPU-90%-Alarm"" in Asia Pacific (Mumbai)",Closed,Not Violated,-,Uptime Team,12-04-2026 14:22,22:11:06,FALSE
1154101,Alarm,"ALARM: ""Geetarani-grm-mysql-rds-CPU-85%-Alarm"" in Asia Pacific (Mumbai)",Closed,Not Violated,-,Uptime Team,12-04-2026 14:22,22:10:44,FALSE
1154102,Alarm,Argus News is Down from multiple locations,Closed,Not Violated,-,Uptime Team,12-04-2026 14:25,22:07:54,FALSE
1154103,Alarm,Argus News is Up,Closed,Not Violated,-,Uptime Team,12-04-2026 14:27,22:05:48,FALSE
1154104,Alarm,"ALARM: ""softweb-srishti-rds-oracle-21c-Memory-85% #Alarm"" in Asia Pacific (Mumbai)",Closed,Not Violated,Critical - P1,Uptime Team,12-04-2026 14:35,21:58:22,FALSE
1154105,Alarm,"ALARM: ""AFPL-Prod-Seceon-CCE-Pub-1b-Memory-85%-#Alarms"" in Asia Pacific (Mumbai)",Closed,Not Violated,-,Uptime Team,12-04-2026 14:36,21:57:24,FALSE
1154107,Alarm,"ALARM: ""anxiprodb-instace-1-new-16-01-rds#DatabaseConnections"" in Asia Pacific (Sydney)",Closed,Not Violated,Critical - P1,Uptime Team,12-04-2026 14:36,21:56:44,FALSE
1154108,Alarm,"ALARM: ""NewTownSchool_JIE-Prod-DB-1b-New-2-CPU-85%-utilized-#Alarm"" in Asia Pacific (Mumbai)",Closed,Not Violated,Critical - P1,Uptime Team,12-04-2026 14:37,21:56:30,FALSE
1154110,Alarm,"ALARM: ""NewTownSchool_JIE-Prod-DB-1b-New-2-CPU-70%-utilized-#Alarm"" in Asia Pacific (Mumbai)",Closed,Not Violated,Critical - P1,Uptime Team,12-04-2026 14:37,21:56:18,FALSE
1154111,Alarm,"ALARM: ""NewTownSchool_JIE-Prod-DB-1b-New-2-CPU-95%-utilized-#Alarm"" in Asia Pacific (Mumbai)",Closed,Not Violated,Critical - P1,Uptime Team,12-04-2026 14:37,21:56:14,FALSE
1154112,Alarm,"ALARM: ""SoftWeb-App-pub-server-1b-Disk(D)-85%-#ALARM"" in Asia Pacific (Mumbai)",Awaiting Customer Response,Not Violated,-,Uptime Team,12-04-2026 14:39,21:53:42,FALSE
1154114,Alarm,Argus News is Down from multiple locations,Closed,Not Violated,-,Uptime Team,12-04-2026 14:51,21:42:30,FALSE
1154115,Alarm,Argus News is Up,Closed,Not Violated,-,Uptime Team,12-04-2026 14:53,21:40:23,FALSE
1154116,Alarm,"ALARM: ""softweb-srishti-rds-oracle-21c-Memory-85% #Alarm"" in Asia Pacific (Mumbai)",Closed,Not Violated,Critical - P1,Uptime Team,12-04-2026 14:54,21:39:19,FALSE
1154117,Alarm,"ALARM: ""softweb-srishti-rds-oracle-21c-CPU-85% #Alarm"" in Asia Pacific (Mumbai)",Closed,Not Violated,Critical - P1,Uptime Team,12-04-2026 14:56,21:37:05,FALSE
1154118,Alarm,"ALARM: ""RCB-Website-ALB-Prod-4XX-Alert"" in Asia Pacific (Mumbai)",Closed,Not Violated,-,Uptime Team,12-04-2026 15:03,21:30:02,FALSE
1154119,Alarm,"ALARM: ""anxiprodb-instace-1-new-16-01-rds#DatabaseConnections"" in Asia Pacific (Sydney)",Closed,Not Violated,Critical - P1,Uptime Team,12-04-2026 15:11,21:21:47,FALSE
1154120,Client,SH-MS-ES-12-01-2026,Closed,Not Violated,Medium - P3,-,12-04-2026 15:15,21:18:32,FALSE
1154121,Client,SH-MS-ES  (12-04-2026),Closed,Not Violated,Medium - P3,-,12-04-2026 15:15,21:18:24,FALSE
1154122,Alarm,"ALARM: ""Genupathlab-ITDOSE-DB-1b-FreeSpace-Disk(D)-15%-#Alarm"" in Asia Pacific (Mumbai)",Closed,Not Violated,Critical - P1,Uptime Team,12-04-2026 15:21,21:12:17,FALSE
1154123,Alarm,"ALARM: ""Genupathlab-ITDOSE-DB-1b-FreeSpace-Disk(D)-15%-#Alarm"" in Asia Pacific (Mumbai)",Closed,Not Violated,Critical - P1,Uptime Team,12-04-2026 15:21,21:12:16,FALSE
1154124,Alarm,"ALARM: ""ETEdge-TG-CDN-INSIGHTS-ET3TON8I54DZP-5xxErrorRate-Alarm"" in US East (N. Virginia)",Closed,Not Violated,Critical - P1,Uptime Team,12-04-2026 15:21,21:11:46,FALSE
1154125,Alarm,Argus News is Down from multiple locations,Closed,Not Violated,-,Uptime Team,12-04-2026 15:26,21:06:58,FALSE
1154126,Client,AWS Budgets: Account 576415024131 has a budget exceeding your alert threshold,Awaiting Customer Response,Not Violated,Medium - P3,DevOps Team,12-04-2026 15:26,21:06:48,FALSE
1154127,Alarm,Argus News is Up,Closed,Not Violated,-,Uptime Team,12-04-2026 15:27,21:06:26,FALSE
1154128,Alarm,"ALARM: ""RCB-FAN-APP-Prod-Jenkins-Pvt-1b-CPU-85%-#Alarm"" in Asia Pacific (Mumbai)",Closed,Not Violated,-,Uptime Team,12-04-2026 15:31,21:01:51,FALSE
1154129,Alarm,"ALARM: ""ETEdge-TG-CDN-INSIGHTS-ET3TON8I54DZP-5xxErrorRate-Alarm"" in US East (N. Virginia)",Closed,Not Violated,Critical - P1,Uptime Team,12-04-2026 15:35,20:57:45,FALSE
1154130,Alarm,"ALARM: ""softweb-srishti-rds-oracle-21c-Memory-85% #Alarm"" in Asia Pacific (Mumbai)",Closed,Not Violated,Critical - P1,Uptime Team,12-04-2026 15:40,20:53:20,FALSE
1154133,Alarm,AWS Cost Management: Cost anomaly detected on 2026-04-12T10:19:50.494448874Z,Internal Dependency,Not Violated,Medium - P3,Enterprise Windows Team,12-04-2026 15:50,20:43:28,FALSE
1154134,Alarm,AWS Cost Management: Cost anomaly detected on 2026-04-12T10:20:18.836827857Z,Internal Dependency,Not Violated,Medium - P3,Enterprise Windows Team,12-04-2026 15:50,20:43:02,FALSE
1154136,Alarm,"ALARM: ""anxiprodb-instace-1-new-16-01-rds#DatabaseConnections"" in Asia Pacific (Sydney)",Closed,Not Violated,Critical - P1,Uptime Team,12-04-2026 15:55,20:37:45,FALSE
1154139,Alarm,[ALERT][NodeUnreachable][FIRING] ProdToorey | ns=prodmonitoring,Internal Dependency,Not Violated,-,DevOps Team,12-04-2026 15:56,20:37:21,FALSE
1154138,Alarm,[ALERT][NodeNotReady][FIRING] ProdToorey | ns=prodmonitoring,Internal Dependency,Not Violated,-,DevOps Team,12-04-2026 15:56,20:37:21,FALSE
1154141,Alarm,"ALARM: ""anxiprodb-instace-1-new-16-01-rds#DatabaseConnections"" in Asia Pacific (Sydney)",Closed,Not Violated,Critical - P1,Uptime Team,12-04-2026 15:59,20:33:48,FALSE
1154145,Alarm,[ALERT][PodNotReady][FIRING] ProdToorey | ns=prodmonitoring,Internal Dependency,Not Violated,-,DevOps Team,12-04-2026 16:00,20:33:22,FALSE
1154142,Alarm,[ALERT][PodNotReady][FIRING] ProdToorey | ns=prodinfra,Internal Dependency,Not Violated,-,DevOps Team,12-04-2026 16:00,20:33:22,FALSE
1154143,Alarm,[ALERT][PodNotReady][FIRING] ProdToorey | ns=prodlangfuse,Internal Dependency,Not Violated,-,DevOps Team,12-04-2026 16:00,20:33:22,FALSE
1154144,Alarm,[ALERT][PodNotReady][FIRING] ProdToorey | ns=kube-system,Internal Dependency,Not Violated,-,DevOps Team,12-04-2026 16:00,20:33:22,FALSE
1154146,Client,[Case 177598992800729] New correspondence added,Closed,Not Violated,Medium - P3,Uptime Team,12-04-2026 16:02,20:31:12,FALSE
1154147,Client,Amazon Web Services: You have opened a new Support case: 177598992800729,Closed,Not Violated,Medium - P3,Uptime Team,12-04-2026 16:02,20:31:12,FALSE
1154148,Alarm,"ALARM: ""RCB-Website-Prod-ALB-Requests-Count"" in Asia Pacific (Mumbai)",Closed,Not Violated,Critical - P1,Uptime Team,12-04-2026 16:03,20:29:44,FALSE
1154149,Alarm,[ALERT][PodRestart][FIRING] ProdToorey | ns=prodmonitoring,Internal Dependency,Not Violated,-,DevOps Team,12-04-2026 16:04,20:29:22,FALSE
1154150,Alarm,[ALERT][PodNotReady][RESOLVED] ProdToorey | ns=prodmonitoring,Internal Dependency,Not Violated,-,DevOps Team,12-04-2026 16:05,20:28:20,FALSE
1154152,Alarm,[ALERT][PodNotReady][RESOLVED] ProdToorey | ns=prodlangfuse,Internal Dependency,Not Violated,-,DevOps Team,12-04-2026 16:05,20:28:20,FALSE
1154151,Alarm,[ALERT][PodRestart][FIRING] ProdToorey | ns=prodlangfuse,Internal Dependency,Not Violated,-,DevOps Team,12-04-2026 16:05,20:28:20,FALSE
1154153,Alarm,[ALERT][PodNotReady][RESOLVED] ProdToorey | ns=prodinfra,Internal Dependency,Not Violated,-,DevOps Team,12-04-2026 16:05,20:28:19,FALSE
1154154,Alarm,[ALERT][PodNotReady][RESOLVED] ProdToorey | ns=kube-system,Internal Dependency,Not Violated,-,DevOps Team,12-04-2026 16:05,20:28:19,FALSE
1154155,Alarm,[ALERT][NodeUnreachable][RESOLVED] ProdToorey | ns=prodmonitoring,Internal Dependency,Not Violated,-,DevOps Team,12-04-2026 16:06,20:27:18,FALSE
1154156,Alarm,[ALERT][NodeNotReady][RESOLVED] ProdToorey | ns=prodmonitoring,Internal Dependency,Not Violated,-,DevOps Team,12-04-2026 16:06,20:27:17,FALSE
1154158,Client,RE:[CASE 177598992800729] Request to Increase Elastic IP (EIP) Quota for NAT Gateway Creation,Closed,Not Violated,Medium - P3,Uptime Team,12-04-2026 16:10,20:23:07,FALSE
1154159,Client,[Case 177599052000921] New correspondence added,Closed,Not Violated,Medium - P3,Uptime Team,12-04-2026 16:12,20:21:19,FALSE
1154160,Client,Amazon Web Services: You have opened a new Support case: 177599052000921,Closed,Not Violated,Medium - P3,Uptime Team,12-04-2026 16:12,20:21:15,FALSE
1154161,Alarm,"ALARM: ""RCB-FAN-APP-Prod-Jenkins-Pvt-1b-CPU-85%-#Alarm"" in Asia Pacific (Mumbai)",Closed,Not Violated,-,DevOps Team,12-04-2026 16:13,20:19:53,FALSE
1154162,Alarm,[ALERT][PodOOMKilled][FIRING] ProdToorey | ns=prodlangfuse,Internal Dependency,Not Violated,Medium - P3,DevOps Team,12-04-2026 16:14,20:19:19,FALSE
1154163,Alarm,[ALERT][PodRestart][FIRING] ProdToorey | ns=prodlangfuse,Internal Dependency,Not Violated,-,DevOps Team,12-04-2026 16:15,20:18:20,FALSE
1154164,Alarm,"ALARM: ""ETEdge-TG-Etnowgbs-cdn-ENSA4TPDNYD15-5xxErrorRate-Alarm"" in US East (N. Virginia)",Closed,Not Violated,Critical - P1,Uptime Team,12-04-2026 16:20,20:12:48,FALSE
1154166,Alarm,"ALARM: ""Kims-Hospital-Prod-Web-Server-1b-CPUUtilization-85% #Alarm"" in Asia Pacific (Mumbai)",Closed,Not Violated,-,Uptime Team,12-04-2026 16:30,20:03:03,FALSE
1154170,Client,[Case 177599052000921] New correspondence added,Closed,Not Violated,Medium - P3,Uptime Team,12-04-2026 16:45,19:47:55,FALSE
1154177,Alarm,"ALARM: ""hoichoi-aws-aps1-prod-ecs-hoichoi-analytics_high_cpu_util_alarm"" in Asia Pacific (Mumbai)",Closed,Not Violated,Critical - P1,Uptime Team,12-04-2026 17:13,19:20:01,FALSE
1154178,Alarm,"ALARM: ""RDS 02"" in Asia Pacific (Mumbai)",Closed,Not Violated,Critical - P1,Uptime Team,12-04-2026 17:20,19:13:22,FALSE
1154179,Alarm,"ALARM: ""hoichoi-aws-aps1-prod-ecs-hoichoi-analytics_high_cpu_util_alarm"" in Asia Pacific (Mumbai)",Closed,Not Violated,Critical - P1,Uptime Team,12-04-2026 17:30,19:03:11,FALSE
1154182,Alarm,Argus News is Down from multiple locations,Closed,Not Violated,-,Uptime Team,12-04-2026 17:38,18:54:46,FALSE
1154183,Alarm,Argus News is Up,Closed,Not Violated,-,Uptime Team,12-04-2026 17:39,18:54:15,FALSE
1154184,Alarm,"ALARM: ""RCB-Website-ALB-Prod-4XX-Alert"" in Asia Pacific (Mumbai)",Closed,Not Violated,Critical - P1,Uptime Team,12-04-2026 17:45,18:48:04,FALSE
1154185,Alarm,"Important notice about your AWS Account regarding VPN connections [AWS Account: 024488762401, VPN Connection: vpn-07fde591d9acce8f9, Tunnel Outside IP: 65.1.249.59]",Closed,Not Violated,Medium - P3,Uptime Team,12-04-2026 17:46,18:47:06,FALSE
1154187,Client,Request to Go Live – Doctors Day Website,Awaiting Customer Response,Not Violated,Medium - P3,Enterprise Linux Team,12-04-2026 17:55,18:38:29,FALSE
1154188,Alarm,AWS Cost Management: Cost anomaly detected on 2026-04-12T12:26:37.816507208Z,Closed,Not Violated,Medium - P3,Enterprise Windows Team,12-04-2026 17:56,18:36:43,FALSE
1154189,Client,AWS Cost Management: Cost anomaly detected on 2026-04-12T12:26:36.587736729Z,Internal Dependency,Not Violated,Medium - P3,Enterprise Windows Team,12-04-2026 17:56,18:36:42,FALSE
1154190,Client,AWS Cost Management: Cost anomaly detected on 2026-04-12T12:26:37.069560861Z,Closed,Not Violated,Medium - P3,SMB Linux Team,12-04-2026 17:56,18:36:40,FALSE
1154191,Alarm,AWS Cost Management: Cost anomaly detected on 2026-04-12T12:26:42.105256034Z,Closed,Not Violated,Medium - P3,SMB Linux Team,12-04-2026 17:56,18:36:39,FALSE
1154193,Client,AWS Cost Management: Cost anomaly detected on 2026-04-12T12:26:48.639660222Z,Closed,Not Violated,Medium - P3,SMB Linux Team,12-04-2026 17:57,18:36:29,FALSE
1154192,Client,AWS Cost Management: Cost anomaly detected on 2026-04-12T12:26:49.165627909Z,Closed,Not Violated,Medium - P3,SMB Linux Team,12-04-2026 17:57,18:36:29,FALSE
1154197,Alarm,"ALARM: ""hoichoi-aws-aps1-prod-ecs-hoichoi-analytics_high_cpu_util_alarm"" in Asia Pacific (Mumbai)",Closed,Not Violated,Critical - P1,Uptime Team,12-04-2026 18:01,18:32:13,FALSE
1154198,Alarm,In10Media is Down from multiple locations,Closed,Not Violated,-,Uptime Team,12-04-2026 18:01,18:32:06,FALSE
1154199,Alarm,"ALARM: ""BB-RPD-SE-UAT-1b-CPU-85%-#Alarm"" in Asia Pacific (Mumbai)",Closed,Not Violated,Critical - P1,Uptime Team,12-04-2026 18:01,18:31:45,FALSE
1154200,Alarm,In10Media is Up,Closed,Not Violated,-,Uptime Team,12-04-2026 18:02,18:30:59,FALSE
1154201,Alarm,"ALARM: ""RCB-Website-ALB-Prod-4XX-Alert"" in Asia Pacific (Mumbai)",Closed,Not Violated,-,Uptime Team,12-04-2026 18:03,18:30:01,FALSE
1154202,Alarm,"ALARM: ""HoiChoi-x-CWM-x-ProdRevAmp-hoichoi-aws-aps1-prod-ecs-hoichoi-pa..."" in Asia Pacific (Mumbai)",Closed,Not Violated,Critical - P1,Uptime Team,12-04-2026 18:06,18:27:14,FALSE
1154203,Alarm,"ALARM: ""Arjava-Advisor-ClickHouse-DB-1b-Disk(Root)-85%-#Alarm"" in Asia Pacific (Mumbai)",Closed,Not Violated,Critical - P1,Uptime Team,12-04-2026 18:13,18:20:27,FALSE
1154204,Alarm,"ALARM: ""Midland-MIS-Prod-Server-1a-FreeSpace-Disk(D)-10%-#Alarm"" in Asia Pacific (Mumbai)",Awaiting Customer Response,Not Violated,-,Uptime Team,12-04-2026 18:14,18:18:37,FALSE
1154205,Alarm,Argus News is Down from multiple locations,Closed,Not Violated,-,Uptime Team,12-04-2026 18:19,18:14:11,FALSE
1154206,Alarm,Argus News is Up,Closed,Not Violated,-,Uptime Team,12-04-2026 18:20,18:13:31,FALSE
1154207,Alarm,"ALARM: ""Genupathlab-ITDOSE-DB-1b-FreeSpace-Disk(D)-15%-#Alarm"" in Asia Pacific (Mumbai)",Closed,Not Violated,Critical - P1,Uptime Team,12-04-2026 18:20,18:12:34,FALSE
1154208,Alarm,"ALARM: ""Genupathlab-ITDOSE-DB-1b-FreeSpace-Disk(D)-15%-#Alarm"" in Asia Pacific (Mumbai)",Closed,Not Violated,Critical - P1,Uptime Team,12-04-2026 18:21,18:12:32,FALSE
1154209,Client,Workmates Backup - No successful backups reminder,Closed,Not Violated,Medium - P3,SMB Linux Team,12-04-2026 18:23,18:10:06,FALSE
1154210,Alarm,"ALARM: ""NewTownSchool_JIE-Prod-DB-1b-New-2-CPU-70%-utilized-#Alarm"" in Asia Pacific (Mumbai)",Closed,Not Violated,Critical - P1,Uptime Team,12-04-2026 18:37,17:56:16,FALSE
1154211,Alarm,"ALARM: ""anxiprodb-instace-1-new-16-01-rds#DatabaseConnections"" in Asia Pacific (Sydney)",Closed,Not Violated,Critical - P1,Uptime Team,12-04-2026 18:46,17:46:46,FALSE
1154212,Alarm,"ALARM: ""LeeNee-Rama-Overseas-Prod-App-1b-Disk(C)-VolumeAvgThroughput#Alarm"" in Asia Pacific (Mumbai)",Closed,Not Violated,Critical - P1,Uptime Team,12-04-2026 18:47,17:46:22,FALSE
1154213,Alarm,"ALARM: ""softweb-srishti-rds-oracle-21c-CPU-85% #Alarm"" in Asia Pacific (Mumbai)",Closed,Not Violated,Critical - P1,Uptime Team,12-04-2026 18:47,17:45:56,FALSE
1154214,Client,Attention required on case 177510886500736: Multiple Domains in SES,Closed,Not Violated,Medium - P3,Uptime Team,12-04-2026 18:49,17:44:09,FALSE
1154216,Alarm,"ALARM: ""softweb-srishti-rds-oracle-21c-Memory-85% #Alarm"" in Asia Pacific (Mumbai)",Closed,Not Violated,Critical - P1,Uptime Team,12-04-2026 18:53,17:39:35,FALSE
1154217,Alarm,"ALARM: ""AMPL-Audit-Prod-App-Server-1b-Disk(Root)-85%-#Alarm"" in Asia Pacific (Mumbai)",Closed,Not Violated,-,Uptime Team,12-04-2026 18:59,17:33:47,FALSE
1154218,Alarm,"ALARM: ""anxiprodb-instace-1-new-16-01-rds#DatabaseConnections"" in Asia Pacific (Sydney)",Closed,Not Violated,Critical - P1,Uptime Team,12-04-2026 18:59,17:33:46,FALSE
1154219,Alarm,"ALARM: ""Arjava-Advisor-ClickHouse-DB-1b-Disk(Root)-85%-#Alarm"" in Asia Pacific (Mumbai)",Closed,Not Violated,Critical - P1,Uptime Team,12-04-2026 19:00,17:33:26,FALSE
1154220,Alarm,"ALARM: ""Midland-CKYC-Prod-Server-1a_CPUUtilization_85%_#Alarm"" in Asia Pacific (Mumbai)",Closed,Not Violated,-,Uptime Team,12-04-2026 19:02,17:30:57,FALSE
1154221,Alarm,"ALARM: ""AFPL-Prod-Seceon-CCE-Pub-1b-Memory-85%-#Alarms"" in Asia Pacific (Mumbai)",Closed,Not Violated,-,Uptime Team,12-04-2026 19:03,17:30:25,FALSE
1154224,Alarm,Shifa Hospitals is Down from multiple locations,Closed,Not Violated,-,Uptime Team,12-04-2026 19:04,17:29:09,FALSE
1154225,Alarm,AWS Budgets: Account 795532678498 has a budget exceeding your alert threshold,Closed,Not Violated,Medium - P3,DevOps Team,12-04-2026 19:06,17:27:31,FALSE
1154226,Alarm,"ALARM: ""softweb-srishti-rds-oracle-21c-Memory-85% #Alarm"" in Asia Pacific (Mumbai)",Closed,Not Violated,Critical - P1,Uptime Team,12-04-2026 19:06,17:26:36,FALSE
1154227,Alarm,"ALARM: ""softweb-srishti-rds-oracle-21c-CPU-85% #Alarm"" in Asia Pacific (Mumbai)",Closed,Not Violated,Critical - P1,Uptime Team,12-04-2026 19:07,17:26:03,FALSE
1154228,Alarm,"ALARM: ""Technicsi-Prod-Live-ELB-1-1b-C.P.U-85%-#Alarm"" in Asia Pacific (Mumbai)",Closed,Not Violated,Critical - P1,Uptime Team,12-04-2026 19:16,17:17:02,FALSE
1154229,Alarm,"ALARM: ""SS-HealthTech-Prod-Srv1-Elasticsearch-1a-Disk(Root)-85%#Alarm"" in Asia Pacific (Mumbai)",Closed,Not Violated,Critical - P1,Uptime Team,12-04-2026 19:21,17:11:44,FALSE
1154230,Alarm,"ALARM: ""ETEdge-TG-Etnowgbs-cdn-ENSA4TPDNYD15-5xxErrorRate-Alarm"" in US East (N. Virginia)",Closed,Not Violated,Critical - P1,Uptime Team,12-04-2026 19:22,17:10:50,FALSE
1154231,Alarm,"ALARM: ""RCB-Website-ALB-Prod-4XX-Alert"" in Asia Pacific (Mumbai)",Closed,Not Violated,-,Uptime Team,12-04-2026 19:27,17:06:01,FALSE
1154232,Alarm,"ALARM: ""softweb-srishti-rds-oracle-21c-CPU-85% #Alarm"" in Asia Pacific (Mumbai)",Closed,Not Violated,Critical - P1,Uptime Team,12-04-2026 19:27,17:05:59,FALSE
1154233,Alarm,"ALARM: ""softweb-srishti-rds-oracle-21c-Memory-85% #Alarm"" in Asia Pacific (Mumbai)",Closed,Not Violated,Critical - P1,Uptime Team,12-04-2026 19:32,17:00:40,FALSE
1154234,Alarm,"ALARM: ""Magpet-Prod-SAP-New-Pub-NEW-CPU-85%-#Alarm"" in Asia Pacific (Mumbai)",Closed,Not Violated,-,Uptime Team,12-04-2026 19:37,16:56:21,FALSE
1154235,Alarm,"ALARM: ""softweb-srishti-rds-oracle-21c-CPU-85% #Alarm"" in Asia Pacific (Mumbai)",Closed,Not Violated,Critical - P1,Uptime Team,12-04-2026 19:39,16:53:59,FALSE
1154236,Alarm,"ALARM: ""Lalchand-Jewellers-DB-Prod-1b-CPU-85%-#ALARM"" in Asia Pacific (Mumbai)",Closed,Not Violated,Critical - P1,Uptime Team,12-04-2026 19:51,16:42:27,FALSE
1154237,Alarm,"ALARM: ""Lalchand-Jewellers-DB-Prod-1b-CPU-95%-#ALARM"" in Asia Pacific (Mumbai)",Closed,Not Violated,Critical - P1,Uptime Team,12-04-2026 19:52,16:41:17,FALSE
1154239,Client,Workmates Backup - No successful backups reminder,Closed,Not Violated,Medium - P3,Enterprise Windows Team,12-04-2026 19:53,16:40:23,FALSE
1154240,Alarm,"ALARM: ""AMPL-Audit-Prod-App-Server-1b-Disk(Root)-85%-#Alarm"" in Asia Pacific (Mumbai)",Closed,Not Violated,-,Uptime Team,12-04-2026 19:54,16:38:44,FALSE
1154241,Alarm,Argus News is Down from multiple locations,Closed,Not Violated,-,Uptime Team,12-04-2026 19:57,16:36:26,FALSE
1154242,Alarm,Argus News is Up,Closed,Not Violated,-,Uptime Team,12-04-2026 19:57,16:35:53,FALSE
1154243,Alarm,AWS Notification Message,Closed,Not Violated,Medium - P3,Uptime Team,12-04-2026 20:00,16:33:15,FALSE
1154244,Alarm,"ALARM: ""Lalchand-Jewellers-DB-Prod-1b-CPU-95%-#ALARM"" in Asia Pacific (Mumbai)",Closed,Not Violated,Critical - P1,Uptime Team,12-04-2026 20:00,16:33:14,FALSE
1154245,Alarm,AWS Notification Message,Closed,Not Violated,Medium - P3,Uptime Team,12-04-2026 20:00,16:33:13,FALSE
1154246,Alarm,AWS Notification Message,Closed,Not Violated,Medium - P3,Uptime Team,12-04-2026 20:00,16:33:12,FALSE
1154247,Alarm,"ALARM: ""Lalchand-Jewellers-DB-Prod-1b-CPU-85%-#ALARM"" in Asia Pacific (Mumbai)",Closed,Not Violated,Critical - P1,Uptime Team,12-04-2026 20:00,16:32:33,FALSE
1154250,Alarm,"ALARM: ""CTVN-Prod-DB-1b-CPU-85%-#Alarm"" in Asia Pacific (Mumbai)",Closed,Not Violated,Critical - P1,Uptime Team,12-04-2026 20:07,16:26:24,FALSE
1154251,Alarm,"ALARM: ""CTVN-Prod-DB-1b-CPU-95%-#Alarm"" in Asia Pacific (Mumbai)",Closed,Not Violated,Critical - P1,Uptime Team,12-04-2026 20:07,16:26:13,FALSE
1154252,Alarm,"ALARM: ""Lalchand-Jewellers-DB-Prod-1b-CPU-85%-#ALARM"" in Asia Pacific (Mumbai)",Closed,Not Violated,Critical - P1,Uptime Team,12-04-2026 20:10,16:23:25,FALSE
1154253,Alarm,CTVN | https://calcuttatelevisionnetwork.in/ is Down from multiple locations,Closed,Not Violated,-,Uptime Team,12-04-2026 20:10,16:22:51,FALSE
1154254,Alarm,CTVN | https://db.calcuttatelevisionnetwork.in/ is Down from multiple locations,Closed,Not Violated,-,Uptime Team,12-04-2026 20:12,16:21:32,FALSE
1154255,Alarm,"ALARM: ""ETEdge-TG-Etnowgbs-cdn-ENSA4TPDNYD15-5xxErrorRate-Alarm"" in US East (N. Virginia)",Closed,Not Violated,Critical - P1,Uptime Team,12-04-2026 20:12,16:20:47,FALSE
1154256,Alarm,CTVN | https://db.calcuttatelevisionnetwork.in/ is Up,Closed,Not Violated,-,Uptime Team,12-04-2026 20:12,16:20:42,FALSE
1154257,Alarm,"ALARM: ""AMPL-Audit-Prod-VPN-1b-CPU-Utilization-85%-#Alarm"" in Asia Pacific (Mumbai)",Closed,Not Violated,Critical - P1,Uptime Team,12-04-2026 20:15,16:18:04,FALSE
1154258,Alarm,CTVN | https://calcuttatelevisionnetwork.in/ is Up,Closed,Not Violated,-,Uptime Team,12-04-2026 20:15,16:17:49,FALSE
1154259,Alarm,"ALARM: ""softweb-srishti-rds-oracle-21c-Memory-85% #Alarm"" in Asia Pacific (Mumbai)",Closed,Not Violated,Critical - P1,Uptime Team,12-04-2026 20:21,16:11:35,FALSE
1154260,Alarm,Argus News is Down from multiple locations,Closed,Not Violated,-,Uptime Team,12-04-2026 20:27,16:05:45,FALSE
1154261,Alarm,Argus News is Up,Closed,Not Violated,-,Uptime Team,12-04-2026 20:29,16:04:21,FALSE
1154262,Alarm,"ALARM: ""NandusFeed-Prod-VPN-1b-memory-85%-#Alarm"" in Asia Pacific (Mumbai)",Closed,Not Violated,Critical - P1,Uptime Team,12-04-2026 20:29,16:04:06,FALSE
1154263,Alarm,"ALARM: ""RCB-Website-ALB-Prod-4XX-Alert"" in Asia Pacific (Mumbai)",Closed,Not Violated,-,Uptime Team,12-04-2026 20:42,15:50:59,FALSE
1154266,Client,for server open,Awaiting Customer Response,Not Violated,Medium - P3,Uptime Team,12-04-2026 20:52,15:41:26,FALSE
1154268,Alarm,"ALARM: ""SS-RS-PROD-API-6-AP-1b-CPU-85%-#Alarm"" in Asia Pacific (Mumbai)",Closed,Not Violated,Critical - P1,Uptime Team,12-04-2026 20:56,15:36:55,FALSE
1154269,Alarm,"ALARM: ""SS-RS-PROD-API-3-AP-1b-CPU_Utlization#Alarm"" in Asia Pacific (Mumbai)",Closed,Not Violated,Critical - P1,Uptime Team,12-04-2026 20:56,15:36:45,FALSE
1154270,Alarm,"ALARM: ""SS-RS-PROD-API-7-AP-1b-CPU-85%-#Alarm"" in Asia Pacific (Mumbai)",Closed,Not Violated,Critical - P1,Uptime Team,12-04-2026 20:56,15:36:40,FALSE
1154271,Alarm,"ALARM: ""CTVN-Prod-DB-1b-CPU-85%-#Alarm"" in Asia Pacific (Mumbai)",Closed,Not Violated,Critical - P1,Uptime Team,12-04-2026 20:57,15:36:25,FALSE
1154272,Alarm,"ALARM: ""SS-RS-PROD-API-5-AP-1b-CPU-85%-#Alarm"" in Asia Pacific (Mumbai)",Closed,Not Violated,Critical - P1,Uptime Team,12-04-2026 20:59,15:33:38,FALSE
1154273,Alarm,"ALARM: ""AFPL-Prod-Seceon-CCE-Pub-1b-Memory-85%-#Alarms"" in Asia Pacific (Mumbai)",Closed,Not Violated,-,Uptime Team,12-04-2026 21:01,15:32:30,FALSE
1154274,Client,Workmates-MSP360-Reports,Closed,Not Violated,Medium - P3,Enterprise Windows Team,12-04-2026 21:01,15:32:12,FALSE
1154275,Client,Workmates-MSP360-Reports,Closed,Not Violated,Medium - P3,Enterprise Windows Team,12-04-2026 21:01,15:31:52,FALSE
1154277,Alarm,"ALARM: ""CTVN-Prod-DB-1b-CPU-85%-#Alarm"" in Asia Pacific (Mumbai)",Closed,Not Violated,Critical - P1,Uptime Team,12-04-2026 21:02,15:31:29,FALSE
1154278,Client,Workmates-MSP360-Reports,Closed,Not Violated,Medium - P3,Uptime Team,12-04-2026 21:02,15:31:18,FALSE
1154279,Alarm,"ALARM: ""CTVN-Prod-DB-1b-CPU-95%-#Alarm"" in Asia Pacific (Mumbai)",Closed,Not Violated,Critical - P1,Uptime Team,12-04-2026 21:02,15:31:14,FALSE
1154280,Alarm,"ALARM: ""RCB-Website-ALB-Prod-4XX-Alert"" in Asia Pacific (Mumbai)",Closed,Not Violated,-,Uptime Team,12-04-2026 21:02,15:31:00,FALSE
1154281,Alarm,"ALARM: ""ETEdge-TG-Etnowgbs-cdn-ENSA4TPDNYD15-5xxErrorRate-Alarm"" in US East (N. Virginia)",Closed,Not Violated,Critical - P1,Uptime Team,12-04-2026 21:02,15:30:48,FALSE
1154282,Client,Workmates-MSP360-Reports,Closed,Not Violated,Medium - P3,Uptime Team,12-04-2026 21:04,15:29:32,FALSE
1154283,Alarm,"ALARM: ""BB-APM-SyntheticMonitoring1-UAT-1b-CPU-95%-#Alarm#"" in Asia Pacific (Mumbai)",Closed,Not Violated,Critical - P1,Uptime Team,12-04-2026 21:04,15:29:19,FALSE
1154284,Alarm,"ALARM: ""Easternmirror-mongodb-server-CPU-85%-#Alarm"" in Asia Pacific (Mumbai)",Closed,Not Violated,-,Uptime Team,12-04-2026 21:11,15:21:48,FALSE
1154285,Alarm,"ALARM: ""CTVN-Prod-DB-1b-CPU-85%-#Alarm"" in Asia Pacific (Mumbai)",Closed,Not Violated,Critical - P1,Uptime Team,12-04-2026 21:12,15:21:28,FALSE
1154286,Alarm,"ALARM: ""Easternmirror-mongodb-server-CPU-95%-#Alarm"" in Asia Pacific (Mumbai)",Closed,Not Violated,-,Uptime Team,12-04-2026 21:12,15:21:22,FALSE
1154287,Alarm,"ALARM: ""CTVN-Prod-DB-1b-CPU-95%-#Alarm"" in Asia Pacific (Mumbai)",Closed,Not Violated,Critical - P1,Uptime Team,12-04-2026 21:12,15:21:10,FALSE
1154288,Client,Workmates-MSP360-Reports,Closed,Not Violated,Medium - P3,SMB Linux Team,12-04-2026 21:12,15:21:00,FALSE
1154289,Alarm,"ALARM: ""Geetarani-grm-mysql-rds-CPU-85%-Alarm"" in Asia Pacific (Mumbai)",Closed,Not Violated,-,Uptime Team,12-04-2026 21:12,15:20:42,FALSE
1154290,Alarm,"ALARM: ""Geetarani-grm-mysql-rds-CPU-90%-Alarm"" in Asia Pacific (Mumbai)",Closed,Not Violated,-,Uptime Team,12-04-2026 21:13,15:20:12,FALSE
1154291,Alarm,"ALARM: ""Geetarani-grm-mysql-rds-CPU-95%-Alarm"" in Asia Pacific (Mumbai)",Closed,Not Violated,High - P2,Uptime Team,12-04-2026 21:13,15:20:00,FALSE
1154292,Alarm,"ALARM: ""Genupathlab-ITDOSE-DB-1b-FreeSpace-Disk(D)-15%-#Alarm"" in Asia Pacific (Mumbai)",Closed,Not Violated,Critical - P1,Uptime Team,12-04-2026 21:21,15:12:31,FALSE
1154293,Alarm,"ALARM: ""Genupathlab-ITDOSE-DB-1b-FreeSpace-Disk(D)-15%-#Alarm"" in Asia Pacific (Mumbai)",Awaiting Customer Response,Not Violated,Critical - P1,Uptime Team,12-04-2026 21:21,15:12:31,FALSE
1154294,Client,Workmates Backup - No successful backups reminder,Closed,Not Violated,Medium - P3,Enterprise Windows Team,12-04-2026 21:23,15:10:16,FALSE
1154295,Client,Workmates Backup - No successful backups reminder,Closed,Not Violated,Medium - P3,Enterprise Windows Team,12-04-2026 21:23,15:10:08,FALSE
1154296,Client,Workmates Backup - No successful backups reminder,Closed,Not Violated,Medium - P3,SMB Linux Team,12-04-2026 21:23,15:10:07,FALSE
1154298,Alarm,IKF Finance is Down from multiple locations,Closed,Not Violated,-,Uptime Team,12-04-2026 21:33,14:59:35,FALSE
1154299,Alarm,"ALARM: ""Nanda Feeds-Prod-Tally-1b-Disk(E)-15%#Alarm"" in Asia Pacific (Mumbai)",Closed,Not Violated,Critical - P1,Uptime Team,12-04-2026 21:34,14:59:23,FALSE
1154300,Alarm,"ALARM: ""AFPL-Prod-Seceon-CCE-Pub-1b-Memory-85%-#Alarms"" in Asia Pacific (Mumbai)",Closed,Not Violated,-,Uptime Team,12-04-2026 21:34,14:59:23,FALSE
1154302,Alarm,"ALARM: ""AFPL-Prod-Seceon-CCE-Pub-1b-Memory-85%-#Alarms"" in Asia Pacific (Mumbai)",Closed,Not Violated,-,Uptime Team,12-04-2026 21:36,14:57:29,FALSE
1154304,Alarm,"ALARM: ""AFPL-Prod-Seceon-CCE-Pub-1b-Memory-85%-#Alarms"" in Asia Pacific (Mumbai)",Closed,Not Violated,-,Uptime Team,12-04-2026 21:38,14:55:31,FALSE
1154307,Alarm,"ALARM: ""hoichoi-aws-aps1-prod-ecs-hoichoi-identity_high_cpu_util_alarm"" in Asia Pacific (Mumbai)",Closed,Not Violated,Critical - P1,Uptime Team,12-04-2026 21:40,14:53:13,FALSE
1154309,Alarm,"ALARM: ""HoiChoi-x-CWM-x-ProdRevAmp-hoichoi-aws-aps1-prod-ecs-hoichoi-th..."" in Asia Pacific (Mumbai)",Closed,Not Violated,Critical - P1,Uptime Team,12-04-2026 21:42,14:51:24,FALSE
1154310,Alarm,"ALARM: ""PragatiMilk-S4HANA-Prod-DB-1b-Memory-85%-#Alarm"" in Asia Pacific (Mumbai)",Awaiting Customer Response,Not Violated,Critical - P1,Uptime Team,12-04-2026 21:45,14:47:44,FALSE
1154311,Alarm,"ALARM: ""HoiChoi-x-CWM-x-ProdRevAmp-hoichoi-aws-aps1-prod-ecs-hoichoi-th..."" in Asia Pacific (Mumbai)",Closed,Not Violated,Critical - P1,Uptime Team,12-04-2026 21:51,14:42:29,FALSE
1154312,Alarm,"ALARM: ""anxiprodb-instace-1-new-16-01-rds#DatabaseConnections"" in Asia Pacific (Sydney)",Closed,Not Violated,Critical - P1,Uptime Team,12-04-2026 21:51,14:41:43,FALSE
1154314,Alarm,"ALARM: ""softweb-srishti-rds-oracle-21c-Memory-85% #Alarm"" in Asia Pacific (Mumbai)",Closed,Not Violated,Critical - P1,Uptime Team,12-04-2026 21:54,14:38:37,FALSE
1154315,Alarm,"ALARM: ""SS-RS-PROD-API-7-AP-1b-CPU-85%-#Alarm"" in Asia Pacific (Mumbai)",Closed,Not Violated,Critical - P1,Uptime Team,12-04-2026 21:56,14:36:39,FALSE
1154316,Alarm,Argus News is Down from multiple locations,Closed,Not Violated,-,Uptime Team,12-04-2026 22:00,14:33:27,FALSE
1154317,Alarm,Argus News is Up,Closed,Not Violated,-,Uptime Team,12-04-2026 22:00,14:32:58,FALSE
1154318,Alarm,"ALARM: ""IWMBUZZ-PROD-WPS-ADMIN-Memory-85%-#Alarm"" in Asia Pacific (Mumbai)",Closed,Not Violated,Critical - P1,Uptime Team,12-04-2026 22:01,14:31:47,FALSE
1154319,Alarm,"ALARM: ""ABM-Prod-App+PGSQL-DB-1a-CPU-85%-#Alarm"" in Asia Pacific (Mumbai)",Closed,Not Violated,Critical - P1,Uptime Team,12-04-2026 22:01,14:31:41,FALSE
1154320,Alarm,"ALARM: ""ABM-Prod-App+PGSQL-DB-1a-CPU-85%-#Alarm"" in Asia Pacific (Mumbai)",Closed,Not Violated,Critical - P1,Uptime Team,12-04-2026 22:02,14:31:29,FALSE
1154321,Alarm,Lux Industries | https://luxind.in/login is Down from multiple locations,Closed,Not Violated,-,Uptime Team,12-04-2026 22:02,14:31:12,FALSE
1154322,Client,Fwd: Additional Drive Required MFI FIMO_DR DB server,Closed,Not Violated,Medium - P3,SMB Windows Team,12-04-2026 22:07,14:26:23,FALSE
1154323,Alarm,"ALARM: ""CTVN-Prod-DB-1b-CPU-85%-#Alarm"" in Asia Pacific (Mumbai)",Closed,Not Violated,Critical - P1,Uptime Team,12-04-2026 22:17,14:16:26,FALSE
1154324,Alarm,"ALARM: ""CTVN-Prod-DB-1b-CPU-95%-#Alarm"" in Asia Pacific (Mumbai)",Closed,Not Violated,Critical - P1,Uptime Team,12-04-2026 22:17,14:16:12,FALSE
1154327,Alarm,"ALARM: ""ABM-Prod-App+PGSQL-DB-1a-CPU-85%-#Alarm"" in Asia Pacific (Mumbai)",Closed,Not Violated,Critical - P1,Uptime Team,12-04-2026 22:26,14:06:40,FALSE
1154328,Alarm,"ALARM: ""ABM-Prod-App+PGSQL-DB-1a-CPU-85%-#Alarm"" in Asia Pacific (Mumbai)",Closed,Not Violated,Critical - P1,Uptime Team,12-04-2026 22:27,14:06:20,FALSE
1154329,Alarm,"Important notice about your AWS Account regarding VPN connections [AWS Account: 254860293158, VPN Connection: vpn-08e6bb678d4755c9c, Tunnel Outside IP: 3.110.3.161]",Closed,Not Violated,Medium - P3,Uptime Team,12-04-2026 22:28,14:05:29,FALSE
1154330,Alarm,"ALARM: ""Klikk CloudFront E2LYSWMQ79ANFL 5xx error- #Alarm"" in US East (N. Virginia)",Closed,Not Violated,Critical - P1,Uptime Team,12-04-2026 22:31,14:01:44,FALSE
1154331,Alarm,"ALARM: ""HoiChoi-x-CWM-x-ProdRevAmp-hoichoi-aws-aps1-prod-ecs-hoichoi-th..."" in Asia Pacific (Mumbai)",Closed,Not Violated,Critical - P1,Uptime Team,12-04-2026 22:45,13:48:25,FALSE
1154332,Alarm,"ALARM: ""MK-Agro-PRD-SSFA-DBP-01-Memory-85%-#Alarm"" in Asia Pacific (Mumbai)",Closed,Not Violated,Critical - P1,Uptime Team,12-04-2026 22:48,13:44:34,FALSE
1154333,Client,Workmates Backup - No successful backups reminder,Closed,Not Violated,Medium - P3,SMB Linux Team,12-04-2026 22:53,13:40:26,FALSE
1154334,Client,Workmates Backup - No successful backups reminder,Closed,Not Violated,Medium - P3,SMB Linux Team,12-04-2026 22:53,13:40:08,FALSE
1154335,Alarm,"ALARM: ""Midland-MicrofinMidland-MIS-Prod-TG-80-unhealthy-1"" in Asia Pacific (Mumbai)",Closed,Not Violated,Critical - P1,Uptime Team,12-04-2026 22:54,13:39:00,FALSE
1154337,Alarm,"ALARM: ""softweb-srishti-rds-oracle-21c-Memory-85% #Alarm"" in Asia Pacific (Mumbai)",Closed,Not Violated,Critical - P1,Uptime Team,12-04-2026 22:56,13:36:37,FALSE
1154338,Alarm,ACTION REQUIRED: Daily Backup Missing in S3,Under Observation,Not Violated,Medium - P3,SMB Linux Team,12-04-2026 23:00,13:33:11,FALSE
1154339,Alarm,"ALARM: ""softweb-srishti-rds-oracle-21c-Memory-85% #Alarm"" in Asia Pacific (Mumbai)",Closed,Not Violated,Critical - P1,Uptime Team,12-04-2026 23:00,13:32:33,FALSE
1154340,Alarm,"ALARM: ""AFPL-eFIMO-DR-Hyd-DB1-Pvt-2b-Disk(G:)-85%-#Alarm"" in Asia Pacific (Hyderabad)",Awaiting Customer Response,Not Violated,Critical - P1,Uptime Team,12-04-2026 23:01,13:32:30,FALSE
1154341,Alarm,Vawsum | https://vawsum.com/ is Down from multiple locations,Closed,Not Violated,-,Uptime Team,12-04-2026 23:01,13:31:35,FALSE
1154342,Alarm,Lux Industries | https://luxindustries.co.in/luxadtracker/login is Down from multiple locations,Closed,Not Violated,-,Uptime Team,12-04-2026 23:03,13:30:08,FALSE
1154343,Alarm,Lux Industries | https://luxdms.in/promoClaims/Login is Down from multiple locations,Closed,Not Violated,-,Uptime Team,12-04-2026 23:03,13:30:01,FALSE
1154344,Alarm,"ALARM: ""softweb-srishti-rds-oracle-21c-Memory-85% #Alarm"" in Asia Pacific (Mumbai)",Closed,Not Violated,Critical - P1,Uptime Team,12-04-2026 23:03,13:29:39,FALSE
1154345,Alarm,Vawsum | https://vawsum.com/ is Up,Closed,Not Violated,-,Uptime Team,12-04-2026 23:04,13:28:42,FALSE
1154346,Alarm,"ALARM: ""kims-app-db2-CPU-85%-#Alarm"" in Asia Pacific (Hyderabad)",Closed,Not Violated,Critical - P1,Uptime Team,12-04-2026 23:07,13:26:00,FALSE
1154347,Client,SH-ES-NS-12-04-2026,Closed,Not Violated,High - P2,-,12-04-2026 23:12,13:21:25,FALSE
1154348,Alarm,"ALARM: ""AFPL-Prod-Seceon-CCE-Pub-1b-Memory-85%-#Alarms"" in Asia Pacific (Mumbai)",Closed,Not Violated,-,Uptime Team,12-04-2026 23:17,13:16:29,FALSE
1154352,Alarm,Argus News is Down from multiple locations,Closed,Not Violated,-,Uptime Team,12-04-2026 23:21,13:12:23,FALSE
1154353,Alarm,Argus News is Up,Closed,Not Violated,-,Uptime Team,12-04-2026 23:22,13:11:15,FALSE
1154354,Alarm,"ALARM: ""softweb-srishti-rds-oracle-21c-Memory-85% #Alarm"" in Asia Pacific (Mumbai)",Closed,Not Violated,Critical - P1,Uptime Team,12-04-2026 23:26,13:06:36,FALSE
1154356,Alarm,"ALARM: ""ComfortLady-Prod-HanaDB-1b-Disk(/hana/shared)-85%-#Alarm"" in Asia Pacific (Mumbai)",Closed,Not Violated,Critical - P1,Uptime Team,12-04-2026 23:40,12:53:27,FALSE
1154357,Alarm,Supportelders is Down from multiple locations,Closed,Not Violated,-,Uptime Team,12-04-2026 23:41,12:52:00,FALSE
1154358,Alarm,"ALARM: ""softweb-srishti-rds-oracle-21c-Memory-85% #Alarm"" in Asia Pacific (Mumbai)",Closed,Not Violated,Critical - P1,Uptime Team,12-04-2026 23:41,12:51:34,FALSE
1154359,Alarm,AWS Budgets: Account 576415024131 has a budget exceeding your alert threshold,Closed,Not Violated,Medium - P3,DevOps Team,12-04-2026 23:42,12:51:30,FALSE
1154360,Alarm,Support Elders is Down from multiple locations,Closed,Not Violated,-,Uptime Team,12-04-2026 23:42,12:51:15,FALSE
1154361,Alarm,"Important notice about your AWS Account regarding VPN connections [AWS Account: 295216128092, VPN Connection: vpn-0c5d90d0565811853, Tunnel Outside IP: 13.126.78.158]",Closed,Not Violated,Medium - P3,Uptime Team,12-04-2026 23:42,12:50:34,FALSE
1154362,Alarm,Support Elders is Up,Closed,Not Violated,-,Uptime Team,12-04-2026 23:45,12:48:08,FALSE
1154363,Alarm,Supportelders is Up,Closed,Not Violated,-,Uptime Team,12-04-2026 23:46,12:46:50,FALSE
1154364,Alarm,"ALARM: ""AFPL-Prod-Seceon-CCE-Pub-1b-Memory-85%-#Alarms"" in Asia Pacific (Mumbai)",Closed,Not Violated,-,Uptime Team,12-04-2026 23:49,12:44:24,FALSE
1154367,Alarm,"Important notice about your AWS Account regarding VPN connections [AWS Account: 094257043624, VPN Connection: vpn-08b3d72b99011c950, Tunnel Outside IP: 13.203.5.181]",Closed,Not Violated,Medium - P3,Uptime Team,12-04-2026 23:52,12:40:37,FALSE
1154369,Alarm,Bankify is Down from multiple locations,Closed,Not Violated,-,Uptime Team,12-04-2026 23:56,12:36:37,FALSE
1154370,Alarm,Bankify is Down from multiple locations,Closed,Not Violated,-,Uptime Team,12-04-2026 23:57,12:36:22,FALSE
1154371,Alarm,Bankify is Down from multiple locations,Closed,Not Violated,-,Uptime Team,12-04-2026 23:59,12:33:48,FALSE
1154372,Alarm,Bankify 7pay is Down from multiple locations,Closed,Not Violated,-,Uptime Team,13-04-2026 00:00,12:33:05,FALSE
1154373,Alarm,Bankify is Down from multiple locations,Closed,Not Violated,-,Uptime Team,13-04-2026 00:00,12:33:04,FALSE
1154376,Alarm,"ALARM: ""Bazoki-Prod-DB-1b-CPU-85%-#Alarm"" in Asia Pacific (Mumbai)",Closed,Not Violated,Critical - P1,Uptime Team,13-04-2026 00:02,12:30:53,FALSE
1154377,Alarm,"ALARM: ""Support Elders-Prod-Web-1a-CPU-85%-#Alarm"" in Asia Pacific (Mumbai)",Closed,Not Violated,Critical - P1,Uptime Team,13-04-2026 00:02,12:30:43,FALSE
1154378,Alarm,"Important notice about your AWS Account regarding VPN connections [AWS Account: 415348423851, VPN Connection: vpn-02ef62d8e999d6b30, Tunnel Outside IP: 13.127.159.76]",Closed,Not Violated,Medium - P3,Uptime Team,13-04-2026 00:03,12:30:15,FALSE
1154379,Alarm,Arundhati Jewellers is Down from multiple locations,Closed,Not Violated,-,Uptime Team,13-04-2026 00:04,12:29:19,FALSE
1154381,Alarm,Arundhati Jewellers is Down from multiple locations,Closed,Not Violated,-,Uptime Team,13-04-2026 00:04,12:29:01,FALSE
1154382,Alarm,"ALARM: ""Support Elders-Prod-Web-1a-CPU-85%-#Alarm"" in Asia Pacific (Mumbai)",Closed,Not Violated,Critical - P1,Uptime Team,13-04-2026 00:04,12:28:53,FALSE
1154384,Alarm,"ALARM: ""kfinpwm-narc-prod-rds-CPU-85%-#Alarm"" in Asia Pacific (Mumbai)",Closed,Not Violated,Critical - P1,Uptime Team,13-04-2026 00:06,12:26:57,FALSE
1154386,Alarm,"ALARM: ""Support Elders-Prod-Web-1a-CPU-85%-#Alarm"" in Asia Pacific (Mumbai)",Closed,Not Violated,Critical - P1,Uptime Team,13-04-2026 00:06,12:26:53,FALSE
1154385,Alarm,"ALARM: ""AnnapurnaPay-Prod-pvt-Jenkins-Server-CPU-95%-#Alarm"" in Asia Pacific (Mumbai)",Closed,Not Violated,-,Uptime Team,13-04-2026 00:06,12:26:53,FALSE
1154387,Alarm,"ALARM: ""kfinpwm-narc-prod-rds-CPU-85%-#Alarm"" in Asia Pacific (Mumbai)",Closed,Not Violated,Critical - P1,Uptime Team,13-04-2026 00:06,12:26:51,FALSE
1154388,Alarm,"ALARM: ""AnnapurnaPay-Prod-pvt-Jenkins-Server-CPU-95%-#Alarm"" in Asia Pacific (Mumbai)",Closed,Not Violated,-,Uptime Team,13-04-2026 00:06,12:26:37,FALSE
1154389,Alarm,Bankify is Down from multiple locations,Closed,Not Violated,-,Uptime Team,13-04-2026 00:06,12:26:33,FALSE
1154390,Alarm,"ALARM: ""AnnapurnaPay-Prod-pvt-Jenkins-Server-CPU-85%-#Alarm"" in Asia Pacific (Mumbai)",Closed,Not Violated,Critical - P1,Uptime Team,13-04-2026 00:07,12:26:29,FALSE
1154391,Alarm,"ALARM: ""AnnapurnaPay-Prod-pvt-Jenkins-Server-CPU-85%-#Alarm"" in Asia Pacific (Mumbai)",Closed,Not Violated,Critical - P1,Uptime Team,13-04-2026 00:07,12:26:17,FALSE
1154392,Alarm,Bankify 7pay is Down from multiple locations,Closed,Not Violated,-,Uptime Team,13-04-2026 00:07,12:25:53,FALSE
1154393,Alarm,"Important notice about your AWS Account regarding VPN connections [AWS Account: 121795248749, VPN Connection: vpn-079a7287aa3446d20, Tunnel Outside IP: 13.126.85.31]",Closed,Not Violated,Medium - P3,Uptime Team,13-04-2026 00:07,12:25:35,FALSE
1154394,Alarm,Bankify 7pay is Down from multiple locations,Closed,Not Violated,-,Uptime Team,13-04-2026 00:07,12:25:33,FALSE
1154395,Alarm,Bankify 7pay is Down from multiple locations,Closed,Not Violated,-,Uptime Team,13-04-2026 00:09,12:23:39,FALSE
1154397,Alarm,"ALARM: ""DU-Digital-Prod-App-1b-New-CPU-85%-#Alarm"" in Asia Pacific (Mumbai)",Closed,Not Violated,Critical - P1,Uptime Team,13-04-2026 00:12,12:21:04,FALSE
1154398,Alarm,"ALARM: ""Support Elders-Prod-Web-1a-CPU-85%-#Alarm"" in Asia Pacific (Mumbai)",Closed,Not Violated,Critical - P1,Uptime Team,13-04-2026 00:12,12:20:48,FALSE
1154400,Alarm,Health Event: AWS ECS TASK PATCHING RETIREMENT affecting 3 entities in ap-southeast-1 on account 576278039241.,Internal Dependency,Not Violated,Medium - P3,DevOps Team,13-04-2026 00:20,12:13:19,FALSE
1154402,Client,Please turn off the old server,Resolved,Not Violated,Medium - P3,Uptime Team,13-04-2026 00:33,11:59:41,FALSE
1154403,Alarm,"ALARM: ""ComfortLady-Prod-HanaDB-1b-Disk(/hana/shared)-85%-#Alarm"" in Asia Pacific (Mumbai)",Closed,Not Violated,Critical - P1,Uptime Team,13-04-2026 00:34,11:59:23,FALSE
1154404,Alarm,"ALARM: ""hoichoi-aws-aps1-prod-ecs-hoichoi-analytics_high_cpu_util_alarm"" in Asia Pacific (Mumbai)",Closed,Not Violated,Critical - P1,Uptime Team,13-04-2026 00:35,11:58:13,FALSE
1154407,Alarm,"Important notice about your AWS Account regarding VPN connections [AWS Account: 415348423851, VPN Connection: vpn-08c64f35180f2e3a8, Tunnel Outside IP: 3.108.102.198]",Closed,Not Violated,Medium - P3,Uptime Team,13-04-2026 00:37,11:55:59,FALSE
1154409,Alarm,"ALARM: ""AFPL-Prod-Seceon-CCE-Pub-1b-Memory-85%-#Alarms"" in Asia Pacific (Mumbai)",Closed,Not Violated,-,Uptime Team,13-04-2026 00:40,11:53:26,FALSE
1154413,Alarm,Argus News is Down from multiple locations,Closed,Not Violated,-,Uptime Team,13-04-2026 00:43,11:50:31,FALSE
1154414,Alarm,Argus News is Up,Closed,Not Violated,-,Uptime Team,13-04-2026 00:43,11:49:59,FALSE
1154416,Alarm,"ALARM: ""AFPL-Prod-Seceon-CCE-Pub-1b-Memory-85%-#Alarms"" in Asia Pacific (Mumbai)",Closed,Not Violated,-,Uptime Team,13-04-2026 01:01,11:32:18,FALSE
1154417,Alarm,Bankify is Down from multiple locations,Closed,Not Violated,-,Uptime Team,13-04-2026 01:01,11:32:13,FALSE
1154419,Alarm,Bankify 7pay is Down from multiple locations,Closed,Not Violated,-,Uptime Team,13-04-2026 01:01,11:31:38,FALSE
1154421,Alarm,"ALARM: ""Bazoki-Prod-DB-1b-CPU-85%-#Alarm"" in Asia Pacific (Mumbai)",Closed,Not Violated,Critical - P1,Uptime Team,13-04-2026 01:04,11:28:50,FALSE
1154422,Alarm,"ALARM: ""Innovel-Tally-Sarala-server-Pub-1b-CPU-85%-#Alarm"" in Asia Pacific (Mumbai)",Closed,Not Violated,-,Uptime Team,13-04-2026 01:07,11:26:21,FALSE
1154423,Alarm,"ALARM: ""softweb-srishti-rds-oracle-21c-Memory-85% #Alarm"" in Asia Pacific (Mumbai)",Closed,Not Violated,Critical - P1,Uptime Team,13-04-2026 01:07,11:25:37,FALSE
1154424,Alarm,Argus News is Down from multiple locations,Closed,Not Violated,-,Uptime Team,13-04-2026 01:08,11:24:50,FALSE
1154425,Alarm,Argus News is Up,Closed,Not Violated,-,Uptime Team,13-04-2026 01:09,11:24:16,FALSE
1154426,Alarm,Argus News is Down from Mumbai - IN,Closed,Not Violated,-,Uptime Team,13-04-2026 01:14,11:19:09,FALSE
1154427,Alarm,Argus News is Up,Closed,Not Violated,-,Uptime Team,13-04-2026 01:14,11:18:35,FALSE
1154428,Alarm,"ALARM: ""Lalchand-Jewellers-App2-Prod-1b-CPU-85%-#ALARM"" in Asia Pacific (Mumbai)",Closed,Not Violated,Critical - P1,Uptime Team,13-04-2026 01:17,11:15:54,FALSE
1154429,Alarm,"ALARM: ""Lalchand-Jewellers-App1-Prod-1b-CPU-85%-#ALARM"" in Asia Pacific (Mumbai)",Closed,Not Violated,Critical - P1,Uptime Team,13-04-2026 01:17,11:15:38,FALSE
1154430,Alarm,"ALARM: ""Eleve-Diamonds-REPORTING-PROD-CPU-85%-#ALARM"" in Asia Pacific (Mumbai)",Closed,Not Violated,Critical - P1,Uptime Team,13-04-2026 01:17,11:15:34,FALSE
1154431,Alarm,"ALARM: ""Lalchand-Jewellers-ALB-TG-8443-UnhealthyHostCount-#ALARM"" in Asia Pacific (Mumbai)",Closed,Not Violated,Critical - P1,Uptime Team,13-04-2026 01:18,11:14:59,FALSE
1154432,Alarm,Khimji is Down from multiple locations,Closed,Not Violated,-,Uptime Team,13-04-2026 01:18,11:14:41,FALSE
1154433,Alarm,Khimji is Down from multiple locations,Closed,Not Violated,-,Uptime Team,13-04-2026 01:19,11:14:30,FALSE
1154434,Alarm,Khimji is Up,Closed,Not Violated,-,Uptime Team,13-04-2026 01:19,11:14:05,FALSE
1154435,Alarm,Khimji is Up,Closed,Not Violated,-,Uptime Team,13-04-2026 01:19,11:13:55,FALSE
1154436,Client,Workmates Backup - No successful backups reminder,Closed,Not Violated,Medium - P3,Enterprise Windows Team,13-04-2026 01:23,11:10:26,FALSE
1154437,Alarm,"ALARM: ""kfinpwm-narc-prod-rds-FreeStorageSpace-15%-#Alarm"" in Asia Pacific (Mumbai)",Closed,Not Violated,Critical - P1,Uptime Team,13-04-2026 01:25,11:08:14,FALSE
1154438,Alarm,"ALARM: ""kfinpwm-narc-prod-rds-FreeStorageSpace-15%-#Alarm"" in Asia Pacific (Mumbai)",Closed,Not Violated,Critical - P1,Uptime Team,13-04-2026 01:25,11:08:06,FALSE
1154439,Alarm,Argus News is Down from multiple locations,Closed,Not Violated,-,Uptime Team,13-04-2026 01:34,10:58:53,FALSE
1154440,Alarm,Argus News is Up,Closed,Not Violated,-,Uptime Team,13-04-2026 01:35,10:58:15,FALSE
1154441,Alarm,"ALARM: ""Verma-Jewellers-Prod-DB-1b-Memory-85%-#ALARM"" in Asia Pacific (Mumbai)",Closed,Not Violated,Critical - P1,Uptime Team,13-04-2026 01:48,10:45:29,FALSE
1154442,Alarm,"ALARM: ""Celex-uat-server-mem_used_percent-85%-#Alarm"" in Asia Pacific (Mumbai)",Closed,Not Violated,-,Uptime Team,13-04-2026 01:50,10:42:44,FALSE
1154443,Client,Workmates Backup - No successful backups reminder,Closed,Not Violated,Medium - P3,SMB Linux Team,13-04-2026 01:53,10:40:17,FALSE
1154445,Alarm,"ALARM: ""Sampark-Spark Activity-Prod-Disk(Root)-85%#Alarm"" in Asia Pacific (Mumbai)",Closed,Not Violated,-,Uptime Team,13-04-2026 01:56,10:37:32,FALSE
1154448,Alarm,Khimji is Down from multiple locations,Closed,Not Violated,-,Uptime Team,13-04-2026 02:04,10:29:05,FALSE
1154449,Alarm,Khimji is Down from multiple locations,Closed,Not Violated,-,Uptime Team,13-04-2026 02:04,10:28:55,FALSE
1154450,Alarm,Khimji is Down from multiple locations,Closed,Not Violated,-,Uptime Team,13-04-2026 02:04,10:28:49,FALSE
1154452,Alarm,"ALARM: ""AFPL-Prod-Seceon-CCE-Pub-1b-Memory-85%-#Alarms"" in Asia Pacific (Mumbai)",Closed,Not Violated,-,Uptime Team,13-04-2026 02:12,10:21:26,FALSE
1154455,Alarm,"ALARM: ""Verma-Jewellers-Prod-DB-1b-Memory-95%-#ALARM"" in Asia Pacific (Mumbai)",Closed,Not Violated,Critical - P1,Uptime Team,13-04-2026 02:18,10:15:22,FALSE
1154456,Alarm,"ALARM: ""SriAlankar-Jwellers-App2-1b-CPU-85%-#Alarm"" in Asia Pacific (Mumbai)",Closed,Not Violated,Critical - P1,Uptime Team,13-04-2026 02:18,10:15:12,FALSE
1154457,Alarm,"ALARM: ""Absolute-Barbeque-Prod-Hana-1b-MemoryUtilization-85%#Alarm"" in Asia Pacific (Mumbai)",Closed,Not Violated,Critical - P1,Uptime Team,13-04-2026 02:19,10:14:03,FALSE
1154458,Alarm,"ALARM: ""HiraPanna-Prod-DB-1b-Memory-85%-#Alarm"" in Asia Pacific (Mumbai)",Closed,Not Violated,Critical - P1,Uptime Team,13-04-2026 02:20,10:13:02,FALSE
1154459,Alarm,"ALARM: ""Sampark-Spark Activity-Prod-Disk(Root)-85%#Alarm"" in Asia Pacific (Mumbai)",Closed,Not Violated,-,Uptime Team,13-04-2026 02:22,10:11:31,FALSE
1154461,Alarm,Khimji is Up,Closed,Not Violated,-,Uptime Team,13-04-2026 02:25,10:08:17,FALSE
1154462,Alarm,Khimji is Up,Closed,Not Violated,-,Uptime Team,13-04-2026 02:25,10:08:14,FALSE
1154463,Alarm,Khimji is Up,Closed,Not Violated,-,Uptime Team,13-04-2026 02:25,10:08:09,FALSE
1154464,Alarm,"ALARM: ""ShriramInsightBrokers-Prod-OpenVPN-1b-CPU-85%-#Alarm"" in Asia Pacific (Mumbai)",Closed,Not Violated,Critical - P1,Uptime Team,13-04-2026 02:26,10:06:45,FALSE
1154466,Alarm,"ALARM: ""Drivers4me-Prod-RDS-Memory-85%#Alarms"" in Asia Pacific (Mumbai)",Awaiting Customer Response,Not Violated,Critical - P1,Uptime Team,13-04-2026 02:44,09:49:05,FALSE
1154467,Alarm,"ALARM: ""ShriramInsightBrokers-Prod-OpenVPN-1b-StatusCheckFailed_Instanc..."" in Asia Pacific (Mumbai)",Closed,Not Violated,Critical - P1,Uptime Team,13-04-2026 02:45,09:47:57,FALSE
1154469,Alarm,"ALARM: ""ETEdge-TG-Etnowgbs-cdn-ENSA4TPDNYD15-5xxErrorRate-Alarm"" in US East (N. Virginia)",Closed,Not Violated,Critical - P1,Uptime Team,13-04-2026 02:49,09:43:46,FALSE
1154470,Alarm,"ALARM: ""AFPL-Prod-Seceon-CCE-Pub-1b-Memory-85%-#Alarms"" in Asia Pacific (Mumbai)",Closed,Not Violated,-,Uptime Team,13-04-2026 02:54,09:39:30,FALSE
1154476,Alarm,"ALARM: ""sai-paramount-db-readreplicalag-#Alarm"" in Asia Pacific (Mumbai)",Closed,Not Violated,Critical - P1,Uptime Team,13-04-2026 03:05,09:28:11,FALSE
1154477,Alarm,"ALARM: ""AFPL-Prod-Seceon-CCE-Pub-1b-Memory-85%-#Alarms"" in Asia Pacific (Mumbai)",Closed,Not Violated,-,Uptime Team,13-04-2026 03:06,09:27:32,FALSE
1154481,Alarm,"ALARM: ""sai-paramount-db-CPU-50%#Alarm"" in Asia Pacific (Mumbai)",Closed,Not Violated,Medium - P3,Uptime Team,13-04-2026 03:07,09:26:19,FALSE
1154482,Alarm,"ALARM: ""KhimjiJwellers-Prod-DB-1b-/Backup-85%-#Alarm"" in Asia Pacific (Mumbai)",Closed,Not Violated,Critical - P1,Uptime Team,13-04-2026 03:09,09:23:44,FALSE
1154483,Alarm,"ALARM: ""sai-paramount-db-CPU-50%#Alarm"" in Asia Pacific (Mumbai)",Closed,Not Violated,Medium - P3,Uptime Team,13-04-2026 03:11,09:22:22,FALSE
1154484,Alarm,"ALARM: ""IWMBUZZ-PROD-WPS-ADMIN-Memory-85%-#Alarm"" in Asia Pacific (Mumbai)",Closed,Not Violated,Critical - P1,Uptime Team,13-04-2026 03:15,09:17:47,FALSE
1154485,Alarm,"ALARM: ""softweb-srishti-rds-oracle-21c-Memory-85% #Alarm"" in Asia Pacific (Mumbai)",Closed,Not Violated,Critical - P1,Uptime Team,13-04-2026 03:15,09:17:38,FALSE
1154486,Alarm,"ALARM: ""softweb-srishti-rds-oracle-21c-Memory-85% #Alarm"" in Asia Pacific (Mumbai)",Closed,Not Violated,Critical - P1,Uptime Team,13-04-2026 03:26,09:06:39,FALSE
1154487,Alarm,"ALARM: ""AMPL-eFIMO-Prod-RDB-1b-Disk(D)-85%-#Alarm"" in Asia Pacific (Mumbai)",Closed,Not Violated,-,Uptime Team,13-04-2026 03:34,08:58:53,FALSE
1154488,Alarm,"ALARM: ""softweb-srishti-rds-oracle-21c-Memory-85% #Alarm"" in Asia Pacific (Mumbai)",Closed,Not Violated,Critical - P1,Uptime Team,13-04-2026 03:42,08:50:35,FALSE
1154489,Client,AWS Cost Management: Cost anomaly detected on 2026-04-12T22:14:28.0414435Z,Closed,Not Violated,Medium - P3,Enterprise Windows Team,13-04-2026 03:44,08:48:53,FALSE
1154490,Alarm,"ALARM: ""Softweb-GPS-Prod-(APP-DB)-1b-Disk(/)-95%-#Alarm"" in Asia Pacific (Mumbai)",Closed,Not Violated,-,Uptime Team,13-04-2026 03:47,08:46:16,FALSE
1154491,Alarm,"ALARM: ""sai-paramount-db-readreplicalag-#Alarm"" in Asia Pacific (Mumbai)",Closed,Not Violated,Medium - P3,Uptime Team,13-04-2026 03:49,08:44:11,FALSE
1154492,Alarm,"ALARM: ""AFPL-Prod-Seceon-CCE-Pub-1b-Memory-85%-#Alarms"" in Asia Pacific (Mumbai)",Closed,Not Violated,-,Uptime Team,13-04-2026 03:52,08:41:26,FALSE
1154495,Alarm,"ALARM: ""MataGroup-Prod-AppDB-Pub-1a-New-CPU-85%-#Alarm"" in Asia Pacific (Mumbai)",Closed,Not Violated,-,Uptime Team,13-04-2026 03:53,08:39:41,FALSE
1154497,Alarm,"ALARM: ""Kims-Hospital-Prod-Web-Server-1b-CPUUtilization-85% #Alarm"" in Asia Pacific (Mumbai)",Closed,Not Violated,-,Uptime Team,13-04-2026 04:12,08:21:08,FALSE
1154498,Alarm,"ALARM: ""KhimjiJwellers-Prod-DB-1b-Memory-85%-Alarm"" in Asia Pacific (Mumbai)",Closed,Not Violated,Critical - P1,Uptime Team,13-04-2026 04:22,08:11:03,FALSE
1154499,Alarm,Bankify is Up,Closed,Not Violated,-,Uptime Team,13-04-2026 04:32,08:01:02,FALSE
1154500,Alarm,Bankify is Up,Closed,Not Violated,-,Uptime Team,13-04-2026 04:32,08:00:56,FALSE
1154501,Alarm,Bankify 7pay is Up,Closed,Not Violated,-,Uptime Team,13-04-2026 04:32,08:00:55,FALSE
1154502,Alarm,Bankify is Up,Closed,Not Violated,-,Uptime Team,13-04-2026 04:32,08:00:42,FALSE
1154503,Alarm,Bankify 7pay is Up,Closed,Not Violated,-,Uptime Team,13-04-2026 04:32,08:00:38,FALSE
1154504,Alarm,Bankify is Up,Closed,Not Violated,-,Uptime Team,13-04-2026 04:32,08:00:34,FALSE
1154505,Alarm,"ALARM: ""Celex-uat-server-mem_used_percent-85%-#Alarm"" in Asia Pacific (Mumbai)",Closed,Not Violated,-,Uptime Team,13-04-2026 04:33,07:59:45,FALSE
1154506,Alarm,Bankify 7pay is Up,Closed,Not Violated,-,Uptime Team,13-04-2026 04:33,07:59:43,FALSE
1154507,Alarm,Bankify 7pay is Up,Closed,Not Violated,-,Uptime Team,13-04-2026 04:33,07:59:37,FALSE
1154508,Alarm,Bankify is Up,Closed,Not Violated,-,Uptime Team,13-04-2026 04:33,07:59:34,FALSE
1154509,Alarm,Bankify is Up,Closed,Not Violated,-,Uptime Team,13-04-2026 04:34,07:59:29,FALSE
1154510,Alarm,Bankify 7pay is Up,Closed,Not Violated,-,Uptime Team,13-04-2026 04:34,07:59:16,FALSE
1154511,Alarm,"Important notice about your AWS Account regarding VPN connections [AWS Account: 415348423851, VPN Connection: vpn-025d8f2ca6ba34535, Tunnel Outside IP: 65.0.172.28]",Closed,Not Violated,Medium - P3,Uptime Team,13-04-2026 04:38,07:55:19,FALSE
1154512,Alarm,"ALARM: ""Absolute-Barbeque-Prod-Hana-1b-Disk-(/)-85%#Alarm"" in Asia Pacific (Mumbai)",Closed,Not Violated,Critical - P1,Uptime Team,13-04-2026 04:40,07:52:38,FALSE
1154513,Alarm,"ALARM: ""Single-Page-Utility-VM-CPU-85% #Alarm"" in Asia Pacific (Mumbai)",Closed,Not Violated,Critical - P1,Uptime Team,13-04-2026 04:42,07:50:55,FALSE
1154514,Alarm,"ALARM: ""Absolute-Barbeque-Prod-Hana-1b-Disk-(/)-95%#Alarm"" in Asia Pacific (Mumbai)",Closed,Not Violated,Critical - P1,Uptime Team,13-04-2026 04:43,07:49:33,FALSE
1154515,Alarm,"ALARM: ""Trakkerz & ERP (CMS-New-Windows)-Disk(D)-85%#Alarm"" in Asia Pacific (Mumbai)",Closed,Not Violated,Critical - P1,Uptime Team,13-04-2026 04:55,07:38:24,FALSE
1154517,Alarm,****Success : Daily Backup****KFIN-Database-Backup-Upload-Notification,Closed,Not Violated,Medium - P3,Uptime Team,13-04-2026 05:01,07:32:30,FALSE
1154518,Alarm,ATPL-JIE | https://admin-prod.jobsineducation.net/ is Down from multiple locations,Closed,Not Violated,-,Uptime Team,13-04-2026 05:03,07:30:21,FALSE
1154519,Alarm,ATPL-JIE | https://admin-prod.jobsineducation.net/ is Up,Closed,Not Violated,-,Uptime Team,13-04-2026 05:06,07:27:13,FALSE
1154520,Alarm,"ALARM: ""Cnergee-Prod-MYSQL-1b-Memory-95%(Critical)-#Alarm"" in Asia Pacific (Mumbai)",Closed,Not Violated,-,Uptime Team,13-04-2026 05:06,07:27:07,FALSE
1154521,Alarm,Arundhati Jewellers is Up,Closed,Not Violated,-,Uptime Team,13-04-2026 05:06,07:26:59,FALSE
1154522,Alarm,Arundhati Jewellers is Up,Closed,Not Violated,-,Uptime Team,13-04-2026 05:06,07:26:57,FALSE
1154523,Client,Workmates-MSP360-Reports,Closed,Not Violated,Medium - P3,Enterprise Windows Team,13-04-2026 05:07,07:26:05,FALSE
1154524,Alarm,"ALARM: ""MK-Agro-PRD-SSFA-DBP-01-Memory-85%-#Alarm"" in Asia Pacific (Mumbai)",Closed,Not Violated,Critical - P1,Uptime Team,13-04-2026 05:12,07:21:31,FALSE
1154525,Alarm,"ALARM: ""MK-Agro-PRD-SSFA-DBP-01-Memory-85%-#Alarm"" in Asia Pacific (Mumbai)",Closed,Not Violated,Critical - P1,Uptime Team,13-04-2026 05:19,07:14:31,FALSE
1154526,Alarm,"ALARM: ""SoftwebGloster-Prod-App-1b-CPU-85%-#Alarm"" in Asia Pacific (Mumbai)",Closed,Not Violated,Critical - P1,Uptime Team,13-04-2026 05:26,07:07:00,FALSE
1154527,Alarm,"ALARM: ""MK-Agro-PRD-SSFA-DBP-01-Memory-85%-#Alarm"" in Asia Pacific (Mumbai)",Closed,Not Violated,Critical - P1,Uptime Team,13-04-2026 05:29,07:03:33,FALSE
1154528,Alarm,"ALARM: ""MK-Agro-PRD-SSFA-DBP-01-Memory-85%-#Alarm"" in Asia Pacific (Mumbai)",Closed,Not Violated,Critical - P1,Uptime Team,13-04-2026 05:37,06:55:37,FALSE
1154529,Alarm,"ALARM: ""IWMBUZZ-PROD-WPS-ADMIN-Memory-85%-#Alarm"" in Asia Pacific (Mumbai)",Closed,Not Violated,Critical - P1,Uptime Team,13-04-2026 05:46,06:46:45,FALSE
1154530,Alarm,"ALARM: ""DE-invest-d-14th-May-CPU-95%-#Alarm"" in Asia Pacific (Mumbai)",Closed,Not Violated,Critical - P1,Uptime Team,13-04-2026 05:48,06:44:45,FALSE
1154531,Alarm,AWS Budgets Report: Annapurna-Efimo-Budget Report,Internal Dependency,Not Violated,Medium - P3,SMB Windows Team,13-04-2026 05:51,06:41:35,FALSE
1154532,Alarm,Your certificate has expired,Closed,Not Violated,Medium - P3,Enterprise Linux Team,13-04-2026 05:55,06:37:34,FALSE
1154533,Alarm,"ALARM: ""Sampark-Corporate-Web-Prod-2-CPUUtilization-85%-#Alarm"" in Asia Pacific (Mumbai)",Closed,Not Violated,Critical - P1,Uptime Team,13-04-2026 05:56,06:37:04,FALSE
1154534,Alarm,"ALARM: ""SoftwebGloster-Prod-App-1b-Disk(C:)-85%-#Alarm"" in Asia Pacific (Mumbai)",Closed,Not Violated,Critical - P1,Uptime Team,13-04-2026 05:57,06:36:22,FALSE
1154537,Client,[CRITICAL][AWS CONFIG] NON_COMPLIANT - Volume - vol-0c7b30e8d6d29f558,Closed,Not Violated,Medium - P3,Uptime Team,13-04-2026 06:00,06:32:49,FALSE
1154538,Client,[CRITICAL][AWS CONFIG] NON_COMPLIANT - Volume - vol-01dce020daf670607,Closed,Not Violated,Medium - P3,Uptime Team,13-04-2026 06:00,06:32:49,FALSE
1154536,Client,[CRITICAL][AWS CONFIG] NON_COMPLIANT - Volume - vol-0cc139e504548f35b,Closed,Not Violated,Medium - P3,Uptime Team,13-04-2026 06:00,06:32:49,FALSE
1154540,Client,[CRITICAL][AWS CONFIG] NON_COMPLIANT - Volume - vol-0d53316fdcef8f4a2,Closed,Not Violated,Medium - P3,Uptime Team,13-04-2026 06:00,06:32:47,FALSE
1154539,Client,[CRITICAL][AWS CONFIG] NON_COMPLIANT - Volume - vol-03d0924c80fae8c0c,Closed,Not Violated,Medium - P3,Uptime Team,13-04-2026 06:00,06:32:47,FALSE
1154542,Client,[CRITICAL][AWS CONFIG] NON_COMPLIANT - Volume - vol-0410dfb13ce0d2075,Closed,Not Violated,Medium - P3,Uptime Team,13-04-2026 06:00,06:32:47,FALSE
1154543,Client,[CRITICAL][AWS CONFIG] NON_COMPLIANT - Volume - vol-071bebcce941842ab,Closed,Not Violated,Medium - P3,Uptime Team,13-04-2026 06:00,06:32:47,FALSE
1154541,Client,[CRITICAL][AWS CONFIG] NON_COMPLIANT - Volume - vol-0056c49b07470067c,Closed,Not Violated,Medium - P3,Uptime Team,13-04-2026 06:00,06:32:47,FALSE
1154544,Client,[CRITICAL][AWS CONFIG] NON_COMPLIANT - Volume - vol-0fa83c3ae95fc6616,Closed,Not Violated,Medium - P3,Uptime Team,13-04-2026 06:00,06:32:46,FALSE
1154545,Client,[CRITICAL][AWS CONFIG] NON_COMPLIANT - Volume - vol-0d5074c09b7e7ce5d,Closed,Not Violated,Medium - P3,Uptime Team,13-04-2026 06:00,06:32:45,FALSE
1154546,Client,[CRITICAL][AWS CONFIG] NON_COMPLIANT - Volume - vol-071b3a4e760fa0cb2,Closed,Not Violated,Medium - P3,Uptime Team,13-04-2026 06:00,06:32:45,FALSE
1154550,Client,[CRITICAL][AWS CONFIG] NON_COMPLIANT - Volume - vol-0b2cd41fde1fd813d,Closed,Not Violated,Medium - P3,Uptime Team,13-04-2026 06:00,06:32:43,FALSE
1154552,Client,[CRITICAL][AWS CONFIG] NON_COMPLIANT - Volume - vol-04b18aea7f1c41ede,Closed,Not Violated,Medium - P3,Uptime Team,13-04-2026 06:00,06:32:43,FALSE
1154551,Client,[CRITICAL][AWS CONFIG] NON_COMPLIANT - Volume - vol-09a5fc27b658e3b94,Closed,Not Violated,Medium - P3,Uptime Team,13-04-2026 06:00,06:32:43,FALSE
1154548,Client,[CRITICAL][AWS CONFIG] NON_COMPLIANT - Volume - vol-09b7a1a665fd095d7,Closed,Not Violated,Medium - P3,Uptime Team,13-04-2026 06:00,06:32:43,FALSE
1154549,Client,[CRITICAL][AWS CONFIG] NON_COMPLIANT - Volume - vol-090159449c75bf949,Closed,Not Violated,Medium - P3,Uptime Team,13-04-2026 06:00,06:32:43,FALSE
1154547,Client,[CRITICAL][AWS CONFIG] NON_COMPLIANT - Volume - vol-07e36815706842b7d,Closed,Not Violated,Medium - P3,Uptime Team,13-04-2026 06:00,06:32:43,FALSE
1154553,Client,[CRITICAL][AWS CONFIG] NON_COMPLIANT - Volume - vol-059adfdf65a32b554,Closed,Not Violated,Medium - P3,Uptime Team,13-04-2026 06:00,06:32:42,FALSE
1154554,Client,[CRITICAL][AWS CONFIG] NON_COMPLIANT - Volume - vol-09de686246d932087,Closed,Not Violated,Medium - P3,Uptime Team,13-04-2026 06:00,06:32:40,FALSE
1154555,Alarm,"ALARM: ""KFIN-AIF-Hex-UAT-1a-CPU-85%-#Alarm"" in Asia Pacific (Mumbai)",Closed,Not Violated,Critical - P1,Uptime Team,13-04-2026 06:02,06:30:33,FALSE
1154556,Alarm,Lux Industries | https://luxdms.in/promoClaims/Login is Up,Closed,Not Violated,-,Uptime Team,13-04-2026 06:04,06:29:08,FALSE
1154557,Alarm,"ALARM: ""KFIN-AIF-Hex-UAT-TG7443-UnhealthyHostCount#Alarm"" in Asia Pacific (Mumbai)",Closed,Not Violated,Critical - P1,Uptime Team,13-04-2026 06:05,06:28:22,FALSE
1154558,Alarm,"ALARM: ""Midland-Tableau-Prod-Server-1a_CPUUtilization_90%_#Alarm"" in Asia Pacific (Mumbai)",Closed,Not Violated,High - P2,Uptime Team,13-04-2026 06:07,06:26:28,FALSE
1154559,Alarm,"ALARM: ""kfinaif-hex-uat-rds-oracle-CPU-85%-#Alarm"" in Asia Pacific (Mumbai)",Closed,Not Violated,Critical - P1,Uptime Team,13-04-2026 06:11,06:22:27,FALSE
1154560,Alarm,"ALARM: ""kfinaif-hex-uat-rds-oracle-CPU-85%-#Alarm"" in Asia Pacific (Mumbai)",Closed,Not Violated,Critical - P1,Uptime Team,13-04-2026 06:11,06:22:23,FALSE
1154561,Alarm,"ALARM: ""KhimjiJwellers-Prod-DB-1b-CPU-85%-Alarm"" in Asia Pacific (Mumbai)",Closed,Not Violated,Critical - P1,Uptime Team,13-04-2026 06:23,06:10:20,FALSE
1154562,Alarm,"ALARM: ""Arundhati-Jewellers-DB-1b-Disk(/)-85%-#Alarm"" in Asia Pacific (Mumbai)",Closed,Not Violated,Critical - P1,Uptime Team,13-04-2026 06:24,06:08:59,FALSE
1154566,Alarm,"ALARM: ""kfinaif-hex-uat-rds-oracle-CPU-85%-#Alarm"" in Asia Pacific (Mumbai)",Closed,Not Violated,Critical - P1,Uptime Team,13-04-2026 06:32,06:01:27,FALSE
1154567,Alarm,"ALARM: ""kfinaif-hex-uat-rds-oracle-CPU-85%-#Alarm"" in Asia Pacific (Mumbai)",Closed,Not Violated,Critical - P1,Uptime Team,13-04-2026 06:32,06:01:19,FALSE
1154568,Alarm,"ALARM: ""SoftwebGloster-Prod-App-1b-CPU-85%-#Alarm"" in Asia Pacific (Mumbai)",Closed,Not Violated,Critical - P1,Uptime Team,13-04-2026 06:36,05:57:02,FALSE
1154570,Alarm,"ALARM: ""AFPL-Prod-Seceon-CCE-Pub-1b-Memory-85%-#Alarms"" in Asia Pacific (Mumbai)",Closed,Not Violated,-,Uptime Team,13-04-2026 06:37,05:56:26,FALSE
1154575,Alarm,"ALARM: ""MBM-Group-Prod-App-1b-CPU-85%-#ALARM"" in Asia Pacific (Mumbai)",Closed,Not Violated,Critical - P1,Uptime Team,13-04-2026 06:45,05:48:14,FALSE
1154576,Alarm,"ALARM: ""MK-Agro-PRD-SSFA-DBP-01-Memory-85%-#Alarm"" in Asia Pacific (Mumbai)",Awaiting Customer Response,Not Violated,Critical - P1,Uptime Team,13-04-2026 06:47,05:46:30,FALSE
1154579,Alarm,"ALARM: ""softweb-srishti-rds-oracle-21c-Memory-85% #Alarm"" in Asia Pacific (Mumbai)",Closed,Not Violated,Critical - P1,Uptime Team,13-04-2026 06:53,05:39:34,FALSE
1154582,Alarm,"ALARM: ""KFIN-AIF-TCL-Disk(Root)-85%-#Alarm"" in Asia Pacific (Mumbai)",Awaiting Customer Response,Not Violated,Critical - P1,Uptime Team,13-04-2026 07:01,05:32:25,FALSE
1154583,Alarm,"ALARM: ""SoftwebGloster-Prod-App-1b-CPU-85%-#Alarm"" in Asia Pacific (Mumbai)",Closed,Not Violated,Critical - P1,Uptime Team,13-04-2026 07:01,05:32:03,FALSE
1154584,Alarm,"ALARM: ""BDG-Metal-Prod-DB-1b-Disk(D:)-90%#Alarm"" in Asia Pacific (Mumbai)",Closed,Not Violated,-,Uptime Team,13-04-2026 07:02,05:30:55,FALSE
1154585,Alarm,Lux Industries | https://luxind.in/login is Up,Closed,Not Violated,-,Uptime Team,13-04-2026 07:05,05:28:29,FALSE
1154586,Alarm,"ALARM: ""BDG-Metal-Prod-App-1b-Disk(C:)85%#Alarm"" in Asia Pacific (Mumbai)",Closed,Not Violated,High - P2,Uptime Team,13-04-2026 07:05,05:28:16,FALSE
1154587,Alarm,"ALARM: ""AMPL-eFIMO-Prod-RDB-1b-CPU-90%-#Alarm"" in Asia Pacific (Mumbai)",Closed,Not Violated,-,Uptime Team,13-04-2026 07:11,05:22:03,FALSE
1154588,Alarm,"ALARM: ""AMPL-eFIMO-Prod-RDB-1b-CPU-95%-#Alarm"" in Asia Pacific (Mumbai)",Closed,Not Violated,-,Uptime Team,13-04-2026 07:13,05:20:18,FALSE
1154589,Alarm,"ALARM: ""AFPL-Prod-Seceon-CCE-Pub-1b-Memory-85%-#Alarms"" in Asia Pacific (Mumbai)",Closed,Not Violated,-,Uptime Team,13-04-2026 07:15,05:18:22,FALSE
1154592,Client,SH-NS-MS-13-04-2026,Closed,Not Violated,Medium - P3,-,13-04-2026 07:17,05:15:39,FALSE
1154593,Alarm,In10Media is Down from multiple locations,Closed,Not Violated,-,Uptime Team,13-04-2026 07:18,05:14:57,FALSE
1154594,Alarm,In10Media is Up,Closed,Not Violated,-,Uptime Team,13-04-2026 07:19,05:14:24,FALSE
1154595,Alarm,"ALARM: ""AMPL-eFIMO-Prod-RDB-1b-CPU-90%-#Alarm"" in Asia Pacific (Mumbai)",Closed,Not Violated,-,Uptime Team,13-04-2026 07:20,05:13:05,FALSE
1154596,Alarm,"ALARM: ""AMPL-eFIMO-Prod-RDB-1b-CPU-95%-#Alarm"" in Asia Pacific (Mumbai)",Closed,Not Violated,-,Uptime Team,13-04-2026 07:22,05:11:19,FALSE
1154597,Alarm,[ALERT][PodRestart][RESOLVED] ProdToorey | ns=prodtoorey,Closed,Not Violated,Medium - P3,DevOps Team,13-04-2026 07:25,05:08:22,FALSE
1154599,Alarm,"ALARM: ""AMPL-eFIMO-Prod-RDB-1b-CPU-95%-#Alarm"" in Asia Pacific (Mumbai)",Closed,Not Violated,-,Uptime Team,13-04-2026 07:37,04:56:10,FALSE
1154600,Alarm,"ALARM: ""MSP-Steel-KOL-VpnConnection-Tunnel1#Alarm"" in Asia Pacific (Mumbai)",Closed,Not Violated,Critical - P1,Uptime Team,13-04-2026 07:39,04:54:00,FALSE
1154602,Alarm,[ALERT][NodeNotReady][FIRING] ProdToorey | ns=prodmonitoring,Closed,Not Violated,-,DevOps Team,13-04-2026 07:40,04:52:51,FALSE
1154603,Alarm,[ALERT][NodeUnreachable][FIRING] ProdToorey | ns=prodmonitoring,Closed,Not Violated,-,DevOps Team,13-04-2026 07:40,04:52:50,FALSE
1154604,Alarm,[ALERT][PodNotReady][FIRING] ProdToorey | ns=prodmonitoring,Closed,Not Violated,-,DevOps Team,13-04-2026 07:44,04:48:52,FALSE
1154606,Alarm,[ALERT][PodNotReady][FIRING] ProdToorey | ns=prodlangfuse,Internal Dependency,Not Violated,-,DevOps Team,13-04-2026 07:44,04:48:51,FALSE
1154605,Alarm,[ALERT][PodNotReady][FIRING] ProdToorey | ns=prodinfra,Closed,Not Violated,-,DevOps Team,13-04-2026 07:44,04:48:51,FALSE
1154607,Alarm,[ALERT][PodNotReady][FIRING] ProdToorey | ns=kube-system,Closed,Not Violated,-,DevOps Team,13-04-2026 07:44,04:48:49,FALSE
1154608,Alarm,[ALERT][PodCrashLooping][FIRING] ProdToorey | ns=prodlangfuse,Internal Dependency,Not Violated,-,DevOps Team,13-04-2026 07:49,04:43:52,FALSE
1154609,Alarm,[ALERT][PodNotReady][FIRING] ProdToorey | ns=prodlangfuse,Internal Dependency,Not Violated,-,DevOps Team,13-04-2026 07:49,04:43:50,FALSE
1154610,Alarm,[ALERT][PodRestart][FIRING] ProdToorey | ns=prodlangfuse,Internal Dependency,Not Violated,-,DevOps Team,13-04-2026 07:50,04:43:20,FALSE
1154611,Alarm,"ALARM: ""AMPL-eFIMO-Prod-RDB-1b-CPU-90%-#Alarm"" in Asia Pacific (Mumbai)",Closed,Not Violated,-,Uptime Team,13-04-2026 07:56,04:37:05,FALSE
1154613,Alarm,SAP Backup Status Report,Closed,Not Violated,Medium - P3,Enterprise Windows Team,13-04-2026 08:00,04:33:08,FALSE
1154614,Alarm,Lux Industries | https://luxindustries.co.in/luxadtracker/login is Up,Closed,Not Violated,-,Uptime Team,13-04-2026 08:03,04:30:20,FALSE
1154615,Alarm,IKF Finance is Up,Closed,Not Violated,-,Uptime Team,13-04-2026 08:03,04:29:35,FALSE
1154616,Alarm,"ALARM: ""AMPL-eFIMO-Prod-RDB-1b-CPU-90%-#Alarm"" in Asia Pacific (Mumbai)",Closed,Not Violated,-,Uptime Team,13-04-2026 08:04,04:29:07,FALSE
1154617,Alarm,"ALARM: ""Gemtech-SAP-B1-Server-Window-2022-CPU-85%-#Alarm"" in Asia Pacific (Mumbai)",Closed,Not Violated,Critical - P1,Uptime Team,13-04-2026 08:06,04:26:35,FALSE
1154618,Alarm,"ALARM: ""Gemtech-SAP-B1-Server-Window-2022-CPU-95%-#Alarm"" in Asia Pacific (Mumbai)",Closed,Not Violated,Critical - P1,Uptime Team,13-04-2026 08:07,04:26:19,FALSE
1154619,Alarm,"ALARM: ""AMPL-eFIMO-Prod-RDB-1b-CPU-95%-#Alarm"" in Asia Pacific (Mumbai)",Closed,Not Violated,-,Uptime Team,13-04-2026 08:07,04:26:13,FALSE
1154620,Alarm,[ALERT][PodCrashLooping][RESOLVED] ProdToorey | ns=prodlangfuse,Internal Dependency,Not Violated,-,DevOps Team,13-04-2026 08:09,04:23:50,FALSE
1154621,Alarm,[ALERT][ContainerWaiting][FIRING] ProdToorey | ns=prodlangfuse,Internal Dependency,Not Violated,-,DevOps Team,13-04-2026 08:14,04:19:23,FALSE
1154622,Alarm,[ALERT][PodCrashLooping][FIRING] ProdToorey | ns=prodlangfuse,Internal Dependency,Not Violated,-,DevOps Team,13-04-2026 08:14,04:18:51,FALSE
1154623,Alarm,[ALERT][ContainerWaiting][RESOLVED] ProdToorey | ns=prodlangfuse,Internal Dependency,Not Violated,-,DevOps Team,13-04-2026 08:19,04:14:22,FALSE
1154624,Alarm,[ALERT][PodCrashLooping][RESOLVED] ProdToorey | ns=prodlangfuse,Internal Dependency,Not Violated,-,DevOps Team,13-04-2026 08:19,04:13:52,FALSE
1154625,Alarm,[ALERT][PodRestart][FIRING] ProdToorey | ns=prodlangfuse,Internal Dependency,Not Violated,-,DevOps Team,13-04-2026 08:20,04:13:20,FALSE
1154626,Alarm,[ALERT][PodCrashLooping][FIRING] ProdToorey | ns=prodlangfuse,Internal Dependency,Not Violated,-,DevOps Team,13-04-2026 08:20,04:12:48,FALSE
1154627,Alarm,Argus News is Down from multiple locations,Closed,Not Violated,-,Uptime Team,13-04-2026 08:21,04:11:47,FALSE
1154628,Alarm,Argus News is Up,Closed,Not Violated,-,Uptime Team,13-04-2026 08:22,04:11:11,FALSE
1154629,Alarm,[ALERT][PodOOMKilled][FIRING] ProdToorey | ns=prodlangfuse,Internal Dependency,Not Violated,Medium - P3,DevOps Team,13-04-2026 08:24,04:09:19,FALSE
1154630,Alarm,[ALERT][PodNotReady][FIRING] ProdToorey | ns=prodlangfuse,Internal Dependency,Not Violated,-,DevOps Team,13-04-2026 08:24,04:08:51,FALSE
1154631,Alarm,[ALERT][PodPending][FIRING] ProdToorey | ns=prodlangfuse,Internal Dependency,Not Violated,Medium - P3,DevOps Team,13-04-2026 08:25,04:07:51,FALSE
1154633,Alarm,[ALERT][NodeNotReady][RESOLVED] ProdToorey | ns=prodmonitoring,Internal Dependency,Not Violated,-,DevOps Team,13-04-2026 08:25,04:07:49,FALSE
1154632,Alarm,[ALERT][NodeUnreachable][RESOLVED] ProdToorey | ns=prodmonitoring,Internal Dependency,Not Violated,-,DevOps Team,13-04-2026 08:25,04:07:49,FALSE
1154634,Client,Migration of domain / sub domain : Sevenpay.in to Zupay.tech,Awaiting Customer Response,Not Violated,Medium - P3,DevOps Team,13-04-2026 08:26,04:06:39,FALSE
1154636,Alarm,[ALERT][PodNotReady][RESOLVED] ProdToorey | ns=kube-system,Internal Dependency,Not Violated,-,DevOps Team,13-04-2026 08:29,04:03:50,FALSE
1154635,Alarm,[ALERT][PodNotReady][RESOLVED] ProdToorey | ns=prodmonitoring,Internal Dependency,Not Violated,-,DevOps Team,13-04-2026 08:29,04:03:50,FALSE
1154637,Alarm,[ALERT][PodNotReady][RESOLVED] ProdToorey | ns=prodlangfuse,Internal Dependency,Not Violated,-,DevOps Team,13-04-2026 08:29,04:03:50,FALSE
1154638,Alarm,[ALERT][PodNotReady][RESOLVED] ProdToorey | ns=prodinfra,Internal Dependency,Not Violated,-,DevOps Team,13-04-2026 08:29,04:03:49,FALSE
1154640,Alarm,[ALERT][PodCrashLooping][RESOLVED] ProdToorey | ns=prodlangfuse,Internal Dependency,Not Violated,-,DevOps Team,13-04-2026 08:30,04:02:50,FALSE
1154639,Alarm,[ALERT][PodPending][RESOLVED] ProdToorey | ns=prodlangfuse,Internal Dependency,Not Violated,-,DevOps Team,13-04-2026 08:30,04:02:50,FALSE
1154641,Alarm,"ALARM: ""softweb-srishti-rds-oracle-21c-Memory-85% #Alarm"" in Asia Pacific (Mumbai)",Closed,Not Violated,Critical - P1,Uptime Team,13-04-2026 08:33,03:59:36,FALSE
1154642,Alarm,"ALARM: ""Absolute-Barbeque-Prod-SAPB1-1b-Disk(E:)-85%#Alarm"" in Asia Pacific (Mumbai)",Closed,Not Violated,Critical - P1,Uptime Team,13-04-2026 08:35,03:58:21,FALSE
1154643,Client,Request to review - AWS CISO Security Checklist-02 March 2026,In Progress,Not Violated,Medium - P3,DevOps Team,13-04-2026 08:37,03:55:34,FALSE
1154644,Alarm,[ALERT][PodOOMKilled][FIRING] ProdToorey | ns=prodlangfuse,Internal Dependency,Not Violated,Medium - P3,DevOps Team,13-04-2026 08:39,03:54:21,FALSE
1154645,Alarm,[ALERT][PodRestart][FIRING] ProdToorey | ns=prodlangfuse,Internal Dependency,Not Violated,-,DevOps Team,13-04-2026 08:40,03:53:23,FALSE
1154646,Client,RE:[CASE 177599052000921] Request to Increase Elastic IP (EIP) Quota for NAT Gateway Creation,Internal Dependency,Not Violated,Medium - P3,SMB Linux Team,13-04-2026 08:47,03:45:46,FALSE
1154647,Alarm,AWS Budgets: Account 576415024131 has a budget exceeding your alert threshold,Closed,Not Violated,Medium - P3,DevOps Team,13-04-2026 08:54,03:39:05,FALSE
1154648,Alarm,"ALARM: ""AMPL-eFIMO-Prod-RDB-1b-CPU-90%-#Alarm"" in Asia Pacific (Mumbai)",Closed,Not Violated,-,Uptime Team,13-04-2026 08:56,03:37:06,FALSE
1154649,Alarm,"ALARM: ""AMPL-eFIMO-Prod-RDB-1b-CPU-90%-#Alarm"" in Asia Pacific (Mumbai)",Closed,Not Violated,-,Uptime Team,13-04-2026 08:59,03:34:05,FALSE
1154651,Alarm,AWS Notification Message,Closed,Not Violated,Medium - P3,Uptime Team,13-04-2026 09:00,03:33:04,FALSE
1154653,Alarm,"Failed ! Auto instance start of ""HM-SanctumNatural-DB-Pvt-1b"" | HM-Santum",Closed,Not Violated,Medium - P3,Uptime Team,13-04-2026 09:00,03:33:03,FALSE
1154652,Alarm,AWS Notification Message,Closed,Not Violated,Medium - P3,Uptime Team,13-04-2026 09:00,03:33:03,FALSE
1154654,Alarm,"Failed ! Auto instance start of ""HM-SanctumNatural-Prod-App-Pub-1b"" | HM-Santum",Closed,Not Violated,Medium - P3,Uptime Team,13-04-2026 09:00,03:33:02,FALSE
1154655,Alarm,AWS Notification Message,Closed,Not Violated,Medium - P3,Uptime Team,13-04-2026 09:00,03:33:00,FALSE
1154656,Alarm,"ALARM: ""AFPL-Prod-Seceon-CCE-Pub-1b-Memory-85%-#Alarms"" in Asia Pacific (Mumbai)",Closed,Not Violated,-,Uptime Team,13-04-2026 09:01,03:32:27,FALSE
1154659,Alarm,"ALARM: ""SoftWeb-DB-Pvt-1b-#CPUUtilization-95%-#ALARM"" in Asia Pacific (Mumbai)",Closed,Not Violated,Critical - P1,Uptime Team,13-04-2026 09:02,03:31:21,FALSE
1154660,Alarm,"ALARM: ""LuxIndustries-Prod-BotSrv-1b-Disk-D:-85%-#Alarm"" in Asia Pacific (Mumbai)",Closed,Not Violated,Critical - P1,Uptime Team,13-04-2026 09:03,03:30:19,FALSE
1154661,Alarm,Shifa Hospitals is Up,Closed,Not Violated,-,Uptime Team,13-04-2026 09:04,03:29:25,FALSE
1154662,Alarm,"ALARM: ""MK-Agro-PRD-SSFA-DBP-01-CPU-85%-#Alarm"" in Asia Pacific (Mumbai)",Closed,Not Violated,Critical - P1,Uptime Team,13-04-2026 09:05,03:28:11,FALSE
1154664,Client,Request for development server setup,Internal Dependency,Not Violated,Medium - P3,SMB Windows Team,13-04-2026 09:08,03:24:52,FALSE
1154668,Alarm,"ALARM: ""softweb-srishti-rds-oracle-21c-Memory-85% #Alarm"" in Asia Pacific (Mumbai)",Closed,Not Violated,Critical - P1,Uptime Team,13-04-2026 09:13,03:19:35,FALSE
1154669,Alarm,"ALARM: ""AFPL-Prod-Seceon-CCE-Pub-1b-Memory-85%-#Alarms"" in Asia Pacific (Mumbai)",Closed,Not Violated,-,Uptime Team,13-04-2026 09:17,03:16:30,FALSE
1154671,Alarm,Argus News is Down from multiple locations,Closed,Not Violated,-,Uptime Team,13-04-2026 09:17,03:15:55,FALSE
1154673,Alarm,Argus News is Up,Closed,Not Violated,-,Uptime Team,13-04-2026 09:18,03:15:17,FALSE
1154674,Alarm,"ALARM: ""MK-Agro-PRD-SSFA-DBP-01-CPU-85%-#Alarm"" in Asia Pacific (Mumbai)",Closed,Not Violated,Critical - P1,Uptime Team,13-04-2026 09:19,03:14:10,FALSE
1154675,Alarm,"ALARM: ""SoftWeb-DB-Pvt-1b-#CPUUtilization-95%-#ALARM"" in Asia Pacific (Mumbai)",Closed,Not Violated,Critical - P1,Uptime Team,13-04-2026 09:22,03:11:20,FALSE
1154676,Alarm,"ALARM: ""hoichoi-aws-aps1-prod-ecs-hoichoi-backend_high_memory_util_alarm"" in Asia Pacific (Mumbai)",Closed,Not Violated,Critical - P1,Uptime Team,13-04-2026 09:22,03:10:46,FALSE
1154677,Alarm,"ALARM: ""ETEdge-TG-Etnowgbs-cdn-ENSA4TPDNYD15-5xxErrorRate-Alarm"" in US East (N. Virginia)",Closed,Not Violated,Critical - P1,Uptime Team,13-04-2026 09:24,03:08:46,FALSE
1154678,Alarm,"ALARM: ""hoichoi-aws-aps1-prod-ecs-hoichoi-backend_high_memory_util_alarm"" in Asia Pacific (Mumbai)",Awaiting Customer Response,Not Violated,Critical - P1,DevOps Team,13-04-2026 09:26,03:06:50,FALSE
1154679,Alarm,"ALARM: ""AMPL-eFIMO-Prod-RDB-1b-Disk(D)-85%-#Alarm"" in Asia Pacific (Mumbai)",Closed,Not Violated,-,Uptime Team,13-04-2026 09:30,03:02:51,FALSE
1154680,Alarm,"ALARM: ""MK-Agro-PRD-SSFA-DBP-01-CPU-85%-#Alarm"" in Asia Pacific (Mumbai)",Closed,Not Violated,Critical - P1,Uptime Team,13-04-2026 09:31,03:02:11,FALSE
1154681,Alarm,"ALARM: ""ComfortLady-Prod-HanaDB-1b-Disk(/hana/shared)-85%-#Alarm"" in Asia Pacific (Mumbai)",Closed,Not Violated,Critical - P1,Uptime Team,13-04-2026 09:34,02:59:20,FALSE
1154682,Alarm,"ALARM: ""ABM-Technomatrix-Prod-Web/DB-1a-New-Disk(C)-85%-#Alarm"" in Asia Pacific (Mumbai)",Closed,Not Violated,Critical - P1,Uptime Team,13-04-2026 09:34,02:59:05,FALSE
1154683,Alarm,"ALARM: ""Magpet-Prod-SAP-New-Pub-NEW-DISK(C:)-85%-ALARM"" in Asia Pacific (Mumbai)",Closed,Not Violated,-,Uptime Team,13-04-2026 09:34,02:59:00,FALSE
1154684,Alarm,"ALARM: ""ABM-Technomatrix-Prod-Web/DB-1a-New-Disk(C)-85%-#Alarm"" in Asia Pacific (Mumbai)",Closed,Not Violated,Critical - P1,Uptime Team,13-04-2026 09:34,02:58:50,FALSE
1154685,Alarm,"ALARM: ""ComfortLady-HanaDB-Cpu-85%-Alarm"" in Asia Pacific (Mumbai)",Closed,Not Violated,Critical - P1,Uptime Team,13-04-2026 09:36,02:56:54,FALSE
1154686,Alarm,"ALARM: ""SoftWeb-DB-Pvt-1b-#CPUUtilization-95%-#ALARM"" in Asia Pacific (Mumbai)",Closed,Not Violated,-,Uptime Team,13-04-2026 09:37,02:56:22,FALSE
1154687,Alarm,"ALARM: ""anxiprodb-instace-1-new-16-01-rds#DatabaseConnections"" in Asia Pacific (Sydney)",Closed,Not Violated,Critical - P1,Uptime Team,13-04-2026 09:40,02:52:47,FALSE
1154688,Alarm,"ALARM: ""AMPL-eFIMO-Prod-RDB-1b-CPU-90%-#Alarm"" in Asia Pacific (Mumbai)",Closed,Not Violated,-,Uptime Team,13-04-2026 09:41,02:52:05,FALSE
1154689,Alarm,"ALARM: ""AMPL-eFIMO-Prod-RDB-1b-CPU-95%-#Alarm"" in Asia Pacific (Mumbai)",Closed,Not Violated,-,Uptime Team,13-04-2026 09:42,02:51:19,FALSE
1154690,Alarm,"Important notice about your AWS Account regarding VPN connections [AWS Account: 121795248749, VPN Connection: vpn-05230135aaa3c9f59, Tunnel Outside IP: 65.1.116.164]",Closed,Not Violated,Medium - P3,Uptime Team,13-04-2026 09:43,02:50:25,FALSE
1154691,Alarm,"ALARM: ""Dev_DevOps_test-Prod-Memory-85%#Alarm"" in Asia Pacific (Mumbai)",Awaiting Customer Response,Not Violated,Critical - P1,Uptime Team,13-04-2026 09:43,02:50:06,FALSE
1154692,Alarm,"ALARM: ""KIMS-Hospital_MongoDB-SCR-Shard-1-CPUUtilization-85%-#Alarm"" in Asia Pacific (Hyderabad)",Closed,Not Violated,Critical - P1,Uptime Team,13-04-2026 09:44,02:49:00,FALSE
1154693,Alarm,"ALARM: ""AFPL-Prod-Seceon-CCE-Pub-1b-Memory-85%-#Alarms"" in Asia Pacific (Mumbai)",Closed,Not Violated,-,Uptime Team,13-04-2026 09:52,02:41:28,FALSE
1154696,Alarm,"ALARM: ""SkipperLimited-Prod-DB-1a-CPU-90%-#Alarm"" in Asia Pacific (Mumbai)",Closed,Not Violated,Critical - P1,Uptime Team,13-04-2026 09:56,02:37:09,FALSE
1154697,Alarm,"ALARM: ""KhimjiJwellers-ERP-App+MSSQLDB-Server-1b-CPU-85%-#Alarm"" in Asia Pacific (Mumbai)",Closed,Not Violated,Critical - P1,Uptime Team,13-04-2026 09:56,02:36:39,FALSE
1154698,Alarm,"ALARM: ""KhimjiJwellers-ERP-App+MSSQLDB-Server-1b-CPU-95%-#Alarm"" in Asia Pacific (Mumbai)",Closed,Not Violated,-,Uptime Team,13-04-2026 09:57,02:36:25,FALSE
1154699,Client,Temporary Instance Upgrade for Akshaya Tritiya-2026 (16th April to 22nd April 2026),Awaiting Customer Response,Not Violated,Medium - P3,SMB Linux Team,13-04-2026 10:00,02:33:26,FALSE
1154700,Alarm,AMIs and Snapshots in the Account Name: ATPL JIE Account id: 511144357627,Closed,Not Violated,-,Enterprise Linux Team,13-04-2026 10:00,02:33:04,FALSE
1154701,Alarm,AMIs and Snapshots in the Account Name: Mizoram-IPA Account id: 615393634567,Closed,Not Violated,-,Enterprise Linux Team,13-04-2026 10:00,02:32:55,FALSE
1154702,Alarm,AMIs and Snapshots in the Account Name: AMPL-EFIMO Account id: 487669134901,Closed,Not Violated,-,SMB Windows Team,13-04-2026 10:00,02:32:35,FALSE
1154703,Alarm,AMIs and Snapshots in the Account Name: Oriental Compressor SAP Account id: 122366125678,Closed,Not Violated,-,Enterprise Windows Team,13-04-2026 10:00,02:32:35,FALSE
1154704,Alarm,AMIs and Snapshots in the Account Name: ATPL Agorae Account id: 830828022214,Closed,Not Violated,-,Uptime Team,13-04-2026 10:01,02:32:30,FALSE
1154706,Alarm,"ALARM: ""HoiChoi-x-CWM-x-ProdRevAmp-hoichoi-aws-aps1-prod-ecs-hoichoi-th..."" in Asia Pacific (Mumbai)",Closed,Not Violated,Critical - P1,Uptime Team,13-04-2026 10:01,02:32:25,FALSE
1154707,Alarm,"ALARM: ""AFPL-Prod-Seceon-CCE-Pub-1b-Memory-85%-#Alarms"" in Asia Pacific (Mumbai)",Closed,Not Violated,-,Uptime Team,13-04-2026 10:04,02:29:31,FALSE
1154710,Alarm,"ALARM: ""AMPL-eFIMO-Prod-RDB-1b-CPU-90%-#Alarm"" in Asia Pacific (Mumbai)",Closed,Not Violated,-,Uptime Team,13-04-2026 10:06,02:27:07,FALSE
1154711,Alarm,"ALARM: ""LTTS-PROD-POWAI-VPN Tunel-1#ALARM"" in Asia Pacific (Mumbai)",Closed,Not Violated,Critical - P1,Uptime Team,13-04-2026 10:06,02:26:39,FALSE
1154712,Client,Keep pre-live server up and running today (13-04-2026),Scheduled Activity,Not Violated,Medium - P3,Uptime Team,13-04-2026 10:07,02:25:49,FALSE
1154713,Alarm,"ALARM: ""S4-Prod-LTTS-Powai-SSC-VPN-Tunnel-2-#ALARM"" in Asia Pacific (Mumbai)",Closed,Not Violated,Critical - P1,Uptime Team,13-04-2026 10:07,02:25:33,FALSE
1154714,Alarm,Jayam-Solutions(ELF) is Up,Closed,Not Violated,-,Uptime Team,13-04-2026 10:08,02:25:19,FALSE
1154715,Alarm,"ALARM: ""S4-Prod-LTTS-Powai-SSC-Status-down"" in Asia Pacific (Mumbai)",Closed,Not Violated,-,Uptime Team,13-04-2026 10:08,02:24:53,FALSE
1154716,Alarm,"ALARM: ""IWMBUZZ-PROD-WPS-ADMIN-Memory-85%-#Alarm"" in Asia Pacific (Mumbai)",Closed,Not Violated,Critical - P1,Uptime Team,13-04-2026 10:08,02:24:49,FALSE
1154717,Alarm,[ALERT][NodeUnreachable][FIRING] ProdToorey | ns=prodmonitoring,Internal Dependency,Not Violated,-,DevOps Team,13-04-2026 10:12,02:21:22,FALSE
1154718,Alarm,[ALERT][NodeNotReady][FIRING] ProdToorey | ns=prodmonitoring,Internal Dependency,Not Violated,-,DevOps Team,13-04-2026 10:12,02:21:20,FALSE
1154719,Alarm,"ALARM: ""AMPL-eFIMO-Prod-RDB-1b-CPU-90%-#Alarm"" in Asia Pacific (Mumbai)",Closed,Not Violated,-,Uptime Team,13-04-2026 10:13,02:20:04,FALSE
1154720,Client,RE: Alert Detected AWS_WAF Malicious connection Attempts CID-267E7EE4-187,Awaiting Customer Response,Not Violated,Medium - P3,Enterprise Windows Team,13-04-2026 10:14,02:18:55,FALSE
1154721,Alarm,"ALARM: ""anxiprodb-instace-1-new-16-01-rds#DatabaseConnections"" in Asia Pacific (Sydney)",Closed,Not Violated,Critical - P1,Uptime Team,13-04-2026 10:14,02:18:46,FALSE
1154722,Alarm,"ALARM: ""Innovel-Tally-server-Pub-1b-cpu-85%-alarm"" in Asia Pacific (Mumbai)",Closed,Not Violated,-,Uptime Team,13-04-2026 10:16,02:16:41,FALSE
1154723,Alarm,"ALARM: ""ORFILCRM-PROD-CPU-85%-#Alarm"" in Asia Pacific (Mumbai)",Closed,Not Violated,Critical - P1,Uptime Team,13-04-2026 10:16,02:16:36,FALSE
1154724,Alarm,[ALERT][NodeNotReady][RESOLVED] ProdToorey | ns=prodmonitoring,Internal Dependency,Not Violated,-,DevOps Team,13-04-2026 10:17,02:16:23,FALSE
1154725,Alarm,[ALERT][NodeUnreachable][RESOLVED] ProdToorey | ns=prodmonitoring,Internal Dependency,Not Violated,-,DevOps Team,13-04-2026 10:17,02:16:23,FALSE
1154726,Alarm,"ALARM: ""Midland-MIS-Prod-Server-1a-CPU-85%-#Alarm"" in Asia Pacific (Mumbai)",Closed,Not Violated,Critical - P1,Uptime Team,13-04-2026 10:17,02:16:15,FALSE
1154727,Alarm,"ALARM: ""AMPL-eFIMO-Prod-RDB-1b-CPU-95%-#Alarm"" in Asia Pacific (Mumbai)",Closed,Not Violated,-,Uptime Team,13-04-2026 10:17,02:16:14,FALSE
1154728,Alarm,[ALERT][PodOOMKilled][FIRING] ProdToorey | ns=prodlangfuse,Internal Dependency,Not Violated,Medium - P3,DevOps Team,13-04-2026 10:19,02:14:22,FALSE
1154729,Client,Unauthorized User Creation in Production Account,In Progress,Not Violated,Medium - P3,DevOps Team,13-04-2026 10:20,02:13:22,FALSE
1154730,Alarm,[ALERT][PodRestart][FIRING] ProdToorey | ns=prodlangfuse,Internal Dependency,Not Violated,-,DevOps Team,13-04-2026 10:20,02:13:22,FALSE
1154731,Alarm,"ALARM: ""anxiprodb-instace-1-new-16-01-rds#DatabaseConnections"" in Asia Pacific (Sydney)",Closed,Not Violated,Critical - P1,Uptime Team,13-04-2026 10:20,02:12:52,FALSE
1154732,Alarm,"ALARM: ""Innovel-Tally-server-Pub-1b-cpu-85%-alarm"" in Asia Pacific (Mumbai)",Closed,Not Violated,-,Uptime Team,13-04-2026 10:21,02:11:43,FALSE
1154733,Alarm,"ALARM: ""KFIN-AIF-UAT-Digital-Onboarding-1b-CPU-85%-#Alarm"" in Asia Pacific (Mumbai)",Closed,Not Violated,Critical - P1,Uptime Team,13-04-2026 10:22,02:10:39,FALSE
1154734,Alarm,"ALARM: ""KhimjiJwellers-ERP-App+MSSQLDB-Server-1b-CPU-85%-#Alarm"" in Asia Pacific (Mumbai)",Closed,Not Violated,Critical - P1,Uptime Team,13-04-2026 10:23,02:09:51,FALSE
1154735,Alarm,"ALARM: ""LTTS-PROD-POWAI-VPN Tunel-1#ALARM"" in Asia Pacific (Mumbai)",Closed,Not Violated,Critical - P1,Uptime Team,13-04-2026 10:26,02:06:39,FALSE
1154736,Alarm,"ALARM: ""S4-Prod-LTTS-Powai-SSC-VPN-Tunnel-2-#ALARM"" in Asia Pacific (Mumbai)",Closed,Not Violated,Critical - P1,Uptime Team,13-04-2026 10:26,02:06:33,FALSE
1154737,Alarm,"ALARM: ""KhimjiJwellers-ERP-App+MSSQLDB-Server-1b-CPU-95%-#Alarm"" in Asia Pacific (Mumbai)",Closed,Not Violated,-,Uptime Team,13-04-2026 10:27,02:06:31,FALSE
1154738,Alarm,"ALARM: ""Annapurna-Operations-Prod-App-1b-CPU-85%-#Alarm"" in Asia Pacific (Mumbai)",Closed,Not Violated,Critical - P1,Uptime Team,13-04-2026 10:27,02:06:21,FALSE
1154739,Alarm,"ALARM: ""S4-Prod-LTTS-Powai-SSC-Status-down"" in Asia Pacific (Mumbai)",Closed,Not Violated,-,Uptime Team,13-04-2026 10:27,02:05:49,FALSE
1154743,Alarm,"ALARM: ""AMPL-eFIMO-Prod-RDB-1b-CPU-90%-#Alarm"" in Asia Pacific (Mumbai)",Closed,Not Violated,-,Uptime Team,13-04-2026 10:31,02:02:03,FALSE
1154744,Alarm,"ALARM: ""KhimjiJwellers-ERP-App+MSSQLDB-Server-1b-CPU-95%-#Alarm"" in Asia Pacific (Mumbai)",Closed,Not Violated,Critical - P1,Uptime Team,13-04-2026 10:33,02:00:25,FALSE
1154746,Alarm,[ALERT][PodOOMKilled][FIRING] ProdToorey | ns=prodlangfuse,Internal Dependency,Not Violated,Medium - P3,DevOps Team,13-04-2026 10:34,01:59:21,FALSE
1154747,Alarm,"ALARM: ""softweb-srishti-rds-oracle-21c-CPU-85% #Alarm"" in Asia Pacific (Mumbai)",Closed,Not Violated,Critical - P1,Uptime Team,13-04-2026 10:34,01:59:13,FALSE
1154748,Alarm,[ALERT][PodRestart][FIRING] ProdToorey | ns=prodlangfuse,Internal Dependency,Not Violated,-,DevOps Team,13-04-2026 10:35,01:58:19,FALSE
1154749,Alarm,"ALARM: ""brigosha-prod-aurora-serverless-mysql8-ReadIOPS(>500)-#Alarm"" in Asia Pacific (Mumbai)",Closed,Not Violated,Critical - P1,Uptime Team,13-04-2026 10:36,01:57:15,FALSE
1154750,Alarm,"ALARM: ""brigosha-prod-aurora-serverless-mysql8-instance-1-ReadIOPS(>500..."" in Asia Pacific (Mumbai)",Closed,Not Violated,-,Uptime Team,13-04-2026 10:36,01:57:06,FALSE
1154751,Alarm,"ALARM: ""KFIN-AIF-UAT-Digital-Onboarding-1b-CPU-85%-#Alarm"" in Asia Pacific (Mumbai)",Closed,Not Violated,Critical - P1,Uptime Team,13-04-2026 10:36,01:56:39,FALSE
1154752,Alarm,"ALARM: ""Critical-SuperShakti-Prod-OracleDB-Server-1b-CPU-95%-#Alarm"" in Asia Pacific (Mumbai)",Closed,Not Violated,-,Uptime Team,13-04-2026 10:37,01:56:12,FALSE
1154753,Alarm,"ALARM: ""Kims-Hospital-Prod-Web-Server-1b-CPUUtilization-85% #Alarm"" in Asia Pacific (Mumbai)",Closed,Not Violated,-,Uptime Team,13-04-2026 10:37,01:56:08,FALSE
1154754,Alarm,"ALARM: ""anxiprodb-instace-1-new-16-01-rds#DatabaseConnections"" in Asia Pacific (Sydney)",Closed,Not Violated,Critical - P1,Uptime Team,13-04-2026 10:38,01:54:44,FALSE
1154755,Alarm,"ALARM: ""anxiprodb-instace-1-new-16-01-rds#DatabaseConnections"" in Asia Pacific (Sydney)",Closed,Not Violated,Critical - P1,Uptime Team,13-04-2026 10:42,01:50:43,FALSE
1154756,Alarm,"ALARM: ""CMT-WEBAPP-V2-Memory-Utilization-85%-#Alarm"" in Asia Pacific (Mumbai)",Closed,Not Violated,Critical - P1,Uptime Team,13-04-2026 10:42,01:50:41,FALSE
1154757,Alarm,"ALARM: ""LTTS-PROD-POWAI-VPN Tunel-1#ALARM"" in Asia Pacific (Mumbai)",Closed,Not Violated,Critical - P1,Uptime Team,13-04-2026 10:42,01:50:35,FALSE
1154758,Client,User Creation,Resolved,Not Violated,Medium - P3,Uptime Team,13-04-2026 10:44,01:48:57,FALSE
1154759,Alarm,"ALARM: ""anxiprodb-instace-1-new-16-01-rds#DatabaseConnections"" in Asia Pacific (Sydney)",Closed,Not Violated,Critical - P1,Uptime Team,13-04-2026 10:44,01:48:49,FALSE
1154760,Alarm,"ALARM: ""CMT-WEBAPP-V3-Memory-85% #Alarm"" in Asia Pacific (Mumbai)",Closed,Not Violated,Critical - P1,Uptime Team,13-04-2026 10:45,01:48:15,FALSE
1154761,Alarm,"ALARM: ""softweb-srishti-rds-oracle-21c-CPU-85% #Alarm"" in Asia Pacific (Mumbai)",Closed,Not Violated,Critical - P1,Uptime Team,13-04-2026 10:47,01:46:17,FALSE
1154762,Alarm,"ALARM: ""ARS-Steels-Prod-APP-1a-CPU-95%-#Alarm"" in Asia Pacific (Mumbai)",Closed,Not Violated,-,Uptime Team,13-04-2026 10:47,01:46:17,FALSE
1154763,Client,Servers Utilization,Internal Dependency,Not Violated,Medium - P3,Enterprise Windows Team,13-04-2026 10:48,01:44:49,FALSE
1154764,Alarm,"ALARM: ""softweb-srishti-rds-oracle-21c-CPU-85% #Alarm"" in Asia Pacific (Mumbai)",Closed,Not Violated,Critical - P1,Uptime Team,13-04-2026 10:49,01:44:17,FALSE
1154765,Alarm,"ALARM: ""ARS-Steels-Prod-APP-1a-CPU-90%-#Alarm"" in Asia Pacific (Mumbai)",Closed,Not Violated,-,Uptime Team,13-04-2026 10:54,01:39:29,FALSE
1154766,Alarm,"ALARM: ""RCB-Website-ALB-Prod-4XX-Alert"" in Asia Pacific (Mumbai)",Closed,Not Violated,-,Uptime Team,13-04-2026 10:55,01:37:45,FALSE
1154767,Alarm,"ALARM: ""KIMS-Hospitals-PACSENT_ERPRISE-1b-FreeSpace-Disk(C)-15%-#Alarm"" in Asia Pacific (Hyderabad)",Awaiting Customer Response,Not Violated,Critical - P1,Uptime Team,13-04-2026 10:59,01:33:33,FALSE
1154768,Alarm,"ALARM: ""AFPL-Prod-Seceon-CCE-Pub-1b-Memory-85%-#Alarms"" in Asia Pacific (Mumbai)",Closed,Not Violated,-,Uptime Team,13-04-2026 11:00,01:33:23,FALSE
1154770,Alarm,"ALARM: ""HoiChoi-x-CWM-x-ProdRevAmp-hoichoi-aws-aps1-prod-ecs-hoichoi-th..."" in Asia Pacific (Mumbai)",Closed,Not Violated,Critical - P1,Uptime Team,13-04-2026 11:01,01:32:28,FALSE
1154773,Alarm,"ALARM: ""LeeNee-Haldia-Prod-SapB1&DB-1b-New-Memory-85%-#Alarm"" in Asia Pacific (Mumbai)",Awaiting Customer Response,Not Violated,Critical - P1,Uptime Team,13-04-2026 11:04,01:28:43,FALSE
1154774,Client,Time-entery,Open,Not Violated,Medium - P3,-,13-04-2026 11:05,01:27:48,FALSE
1154775,Alarm,"ALARM: ""Innovel-Tally-server-Pub-1b-cpu-85%-alarm"" in Asia Pacific (Mumbai)",Closed,Not Violated,-,Uptime Team,13-04-2026 11:12,01:21:30,FALSE
1154776,Alarm,"ALARM: ""SoftWeb-DB-Pvt-1b-#CPUUtilization-95%-#ALARM"" in Asia Pacific (Mumbai)",Closed,Not Violated,-,Uptime Team,13-04-2026 11:12,01:21:21,FALSE
1154777,Alarm,"ALARM: ""utiaif-alb-tg-UnHealthyHostCount-#Alarm"" in Asia Pacific (Mumbai)",Closed,Not Violated,Critical - P1,Enterprise Windows Team,13-04-2026 11:12,01:21:17,FALSE
1154778,Alarm,"ALARM: ""AMPL-eFIMO-Prod-RDB-1b-CPU-90%-#Alarm"" in Asia Pacific (Mumbai)",Closed,Not Violated,-,Uptime Team,13-04-2026 11:13,01:19:53,FALSE
1154779,Client,FW: Server not Working,Awaiting Customer Response,Not Violated,Medium - P3,SMB Windows Team,13-04-2026 11:13,01:19:46,FALSE
1154780,Alarm,"ALARM: ""PragtiMilk-Prod-Web-1b-CPU-85%-#Alarm"" in Asia Pacific (Mumbai)",Closed,Not Violated,Critical - P1,Uptime Team,13-04-2026 11:13,01:19:36,FALSE
1154781,Alarm,"ALARM: ""KFIN-AIF-Prod-UTI-1b-cpu-85%#Alaram"" in Asia Pacific (Mumbai)",Closed,Not Violated,Critical - P1,Uptime Team,13-04-2026 11:14,01:19:00,FALSE
1154782,Client,Immediate Full Backup Required – Midland-MIS-AMS-QuickBill-App-Server | 13-04-2026,Awaiting Customer Response,Not Violated,Medium - P3,Uptime Team,13-04-2026 11:15,01:18:06,FALSE
1154783,Alarm,"ALARM: ""IWMBUZZ-PROD-WPS-ADMIN-Memory-85%-#Alarm"" in Asia Pacific (Mumbai)",Closed,Not Violated,Critical - P1,Uptime Team,13-04-2026 11:17,01:15:47,FALSE
1154784,Client,Re:Cert-In Vulnerability Notes - Node.js,In Progress,Not Violated,Medium - P3,DevOps Team,13-04-2026 11:19,01:14:30,FALSE
1154785,Alarm,"ALARM: ""vyzrd-dev-app-Memory-85%-#Alarm"" in Asia Pacific (Sydney)",Closed,Not Violated,Critical - P1,Uptime Team,13-04-2026 11:19,01:13:56,FALSE
1154786,Alarm,"ALARM: ""AMPL-eFIMO-Prod-RDB-1b-CPU-90%-#Alarm"" in Asia Pacific (Mumbai)",Closed,Not Violated,-,Uptime Team,13-04-2026 11:21,01:12:09,FALSE
1154787,Alarm,"ALARM: ""AMPL-eFIMO-Prod-RDB-1b-CPU-95%-#Alarm"" in Asia Pacific (Mumbai)",Closed,Not Violated,-,Uptime Team,13-04-2026 11:22,01:11:16,FALSE
1154788,Client,Re: OHPC - VPN/ SAP System Access Check,Awaiting Customer Response,Not Violated,Medium - P3,SMB Windows Team,13-04-2026 11:22,01:11:13,FALSE
1154789,Alarm,"ALARM: ""KIMS-Hospital_MongoDB-SCR-Shard-1-CPUUtilization-85%-#Alarm"" in Asia Pacific (Hyderabad)",Closed,Not Violated,Critical - P1,Uptime Team,13-04-2026 11:22,01:11:00,FALSE
1154790,Client,Regarding Gold Loan Infra,Assigned,Not Violated,Medium - P3,SMB Windows Team,13-04-2026 11:24,01:09:12,FALSE
1154791,Alarm,"ALARM: ""KFIN-AIF-Hex-UAT-1a-CPU-85%-#Alarm"" in Asia Pacific (Mumbai)",Closed,Not Violated,Critical - P1,Uptime Team,13-04-2026 11:28,01:05:30,FALSE
1154793,Alarm,"ALARM: ""RICB-Oracle-DB-1b-CPU-85%-#Alarm"" in Asia Pacific (Mumbai)",Closed,Not Violated,Critical - P1,Uptime Team,13-04-2026 11:31,01:02:25,FALSE
1154794,Alarm,"ALARM: ""IWMBUZZ-PROD-WPS-ADMIN-Memory-85%-#Alarm"" in Asia Pacific (Mumbai)",Closed,Not Violated,Critical - P1,Uptime Team,13-04-2026 11:32,01:00:48,FALSE
1154796,Alarm,"ALARM: ""IKF-Finance-Prod-eTab-443-TG-HealthyHostCount"" in Asia Pacific (Mumbai)",Closed,Not Violated,Critical - P1,Uptime Team,13-04-2026 11:38,00:55:08,FALSE
1154798,Client,Issue regarding and dns in our stagw jie server.,On Hold,Not Violated,Critical - P1,Enterprise Linux Team,13-04-2026 11:39,00:53:37,FALSE
1154799,Alarm,"ALARM: ""ARS-Steels-Prod-APP-1a-CPU-95%-#Alarm"" in Asia Pacific (Mumbai)",Closed,Not Violated,-,Uptime Team,13-04-2026 11:39,00:53:33,FALSE
1154800,Alarm,"ALARM: ""Jenkins_DevOps_test-new-CPU-85%#ALARM"" in Asia Pacific (Mumbai)",Closed,Not Violated,Critical - P1,Uptime Team,13-04-2026 11:40,00:53:25,FALSE
1154801,Alarm,"ALARM: ""AMPL-eFIMO-Prod-RDB-1b-CPU-90%-#Alarm"" in Asia Pacific (Mumbai)",Closed,Not Violated,-,Uptime Team,13-04-2026 11:40,00:53:03,FALSE
1154803,Alarm,"ALARM: ""RICB-Oracle-DB-1b-CPU-85%-#Alarm"" in Asia Pacific (Mumbai)",Closed,Not Violated,Critical - P1,Uptime Team,13-04-2026 11:41,00:52:21,FALSE
1154804,Client,RDP Login Issue.,Assigned,Not Violated,Medium - P3,Enterprise Windows Team,13-04-2026 11:42,00:50:49,FALSE
1154805,Alarm,"ALARM: ""AFPL-Prod-Seceon-CCE-Pub-1b-Memory-85%-#Alarms"" in Asia Pacific (Mumbai)",Closed,Not Violated,-,Uptime Team,13-04-2026 11:43,00:50:27,FALSE
1154808,Alarm,"ALARM: ""Ajmera-Prod-SAPB1-1b-Memory-95%Alarm"" in Asia Pacific (Mumbai)",Closed,Not Violated,Critical - P1,Uptime Team,13-04-2026 11:44,00:49:06,FALSE
1154809,Alarm,"ALARM: ""AMPL-eFIMO-Prod-RDB-1b-CPU-90%-#Alarm"" in Asia Pacific (Mumbai)",Closed,Not Violated,-,Uptime Team,13-04-2026 11:46,00:47:05,FALSE
1154810,Alarm,"ALARM: ""Critical AartiSteels-Prod-Web-1b-CPUUtilization-95%-#ALARM"" in Asia Pacific (Mumbai)",Closed,Not Violated,-,Uptime Team,13-04-2026 11:46,00:46:45,FALSE
1154811,Alarm,"ALARM: ""AartiSteels-Prod-Web-1b-CPUUtilization-85%-#ALARM"" in Asia Pacific (Mumbai)",Closed,Not Violated,-,Uptime Team,13-04-2026 11:46,00:46:43,FALSE
1154812,Alarm,"ALARM: ""Dynamic-Equitties-dl-websites-Prod-1b-New-CPUUtilization-85%-#A..."" in Asia Pacific (Mumbai)",Closed,Not Violated,Critical - P1,Uptime Team,13-04-2026 11:47,00:46:25,FALSE
1154813,Alarm,"ALARM: ""AMPL-eFIMO-Prod-RDB-1b-CPU-95%-#Alarm"" in Asia Pacific (Mumbai)",Closed,Not Violated,-,Uptime Team,13-04-2026 11:47,00:46:19,FALSE
1154814,Alarm,"Important notice about your AWS Account regarding VPN connections [AWS Account: 415348423851, VPN Connection: vpn-0bb4289c5c2df6883, Tunnel Outside IP: 65.1.63.190]",Closed,Not Violated,Medium - P3,Uptime Team,13-04-2026 11:48,00:45:27,FALSE
1154815,Alarm,"ALARM: ""Eleve-Diamonds-ALB-4XX-#ALARM"" in Asia Pacific (Mumbai)",Closed,Not Violated,Critical - P1,Uptime Team,13-04-2026 11:48,00:44:43,FALSE
1154816,Client,Workmates Backup - No successful backups reminder,Internal Dependency,Not Violated,Medium - P3,SMB Linux Team,13-04-2026 11:53,00:39:59,FALSE
1154817,Alarm,"ALARM: ""SoftWeb-App-pub-server-1b-#CPUUtilization-90%-#ALARM"" in Asia Pacific (Mumbai)",Closed,Not Violated,High - P2,Uptime Team,13-04-2026 11:57,00:36:30,FALSE
1154818,Alarm,"ALARM: ""Dynamic-Equitties-dl-websites-Prod-1b-New-CPUUtilization-85%-#A..."" in Asia Pacific (Mumbai)",Closed,Not Violated,Critical - P1,Uptime Team,13-04-2026 11:57,00:36:25,FALSE
1154819,Alarm,"ALARM: ""Kims-Hospital-Prod-Web-Server-1b-CPUUtilization-85% #Alarm"" in Asia Pacific (Mumbai)",Closed,Not Violated,-,Uptime Team,13-04-2026 11:57,00:36:06,FALSE
1154820,Alarm,"ALARM: ""kfintech-arim-rds-uat-free_memory-15%-#Alarm"" in Asia Pacific (Malaysia)",Closed,Not Violated,Critical - P1,Uptime Team,13-04-2026 11:57,00:36:00,FALSE
1154821,Alarm,"ALARM: ""GnsqGlobal-Prod-APP-DB-Server-1b-CPU-Utilization-95% #Alarm"" in Asia Pacific (Mumbai)",Closed,Not Violated,-,Uptime Team,13-04-2026 11:57,00:35:35,FALSE
1154822,Alarm,"ALARM: ""AMPL-eFIMO-Prod-RDB-1b-CPU-90%-#Alarm"" in Asia Pacific (Mumbai)",Closed,Not Violated,-,Uptime Team,13-04-2026 12:01,00:32:05,FALSE
1154824,Alarm,"ALARM: ""SoftWeb-App-pub-server-1b-#CPUUtilization-90%-#ALARM"" in Asia Pacific (Mumbai)",Awaiting Customer Response,Not Violated,High - P2,Uptime Team,13-04-2026 12:01,00:31:34,FALSE
1154825,Alarm,"ALARM: ""AMPL-eFIMO-Prod-RDB-1b-CPU-95%-#Alarm"" in Asia Pacific (Mumbai)",Closed,Not Violated,-,Uptime Team,13-04-2026 12:02,00:31:18,FALSE
1154826,Alarm,"ALARM: ""Arukus-UAT-APP-CPU-85%-#Alarm"" in Asia Pacific (Mumbai)",Closed,Not Violated,Critical - P1,Uptime Team,13-04-2026 12:02,00:31:08,FALSE
1154827,Client,Server Storage Requirement,Assigned,Not Violated,Medium - P3,SMB Windows Team,13-04-2026 12:06,00:27:29,FALSE
1154828,Alarm,"ALARM: ""Arukus-UAT-MySQL-DB-CPU-85%-#Alarm"" in Asia Pacific (Mumbai)",Closed,Not Violated,Critical - P1,Uptime Team,13-04-2026 12:06,00:27:11,FALSE
1154829,Client,RE:[CASE 177592522000709] local file continues update to s3 mounr,Internal Dependency,Not Violated,Medium - P3,Enterprise Windows Team,13-04-2026 12:07,00:26:31,FALSE
1154830,Alarm,"ALARM: ""ARS-Steels-Prod-APP-1a-CPU-95%-#Alarm"" in Asia Pacific (Mumbai)",Closed,Not Violated,-,Uptime Team,13-04-2026 12:07,00:26:01,FALSE
1154831,Alarm,"ALARM: ""ARS-Steels-Prod-APP-1a-CPU-90%-#Alarm"" in Asia Pacific (Mumbai)",Closed,Not Violated,-,Uptime Team,13-04-2026 12:07,00:25:57,FALSE
1154832,Client,Re: AWS Compute Saving plan usage,Internal Dependency,Not Violated,Medium - P3,Enterprise Linux Team,13-04-2026 12:10,00:23:30,FALSE
1154834,Alarm,"ALARM: ""softweb-srishti-rds-oracle-21c-Memory-85% #Alarm"" in Asia Pacific (Mumbai)",Closed,Not Violated,Critical - P1,Uptime Team,13-04-2026 12:14,00:18:38,FALSE
1154835,Client,VPN Creation,Awaiting Customer Response,Not Violated,Medium - P3,Uptime Team,13-04-2026 12:16,00:17:28,FALSE
1154836,Alarm,"ALARM: ""AMPL-eFIMO-UAT-App-1b-Memory-85%-#Alarm"" in Asia Pacific (Mumbai)",Awaiting Customer Response,Not Violated,Critical - P1,Uptime Team,13-04-2026 12:16,00:16:54,FALSE
1154837,Alarm,"ALARM: ""Pacific-LMS-Prod-App-Pvt-1b-cpu-85%#alarm"" in Asia Pacific (Mumbai)",Closed,Not Violated,Critical - P1,Uptime Team,13-04-2026 12:17,00:16:12,FALSE
1154838,Alarm,"ALARM: ""Pacific-LMS-Prod-App-Pvt-1b-cpu-95%#alarm"" in Asia Pacific (Mumbai)",Closed,Not Violated,Critical - P1,Uptime Team,13-04-2026 12:17,00:16:04,FALSE
1154839,Alarm,"ALARM: ""Dynamic-Equitties-dl-websites-Prod-1b-New-CPUUtilization-85%-#A..."" in Asia Pacific (Mumbai)",Closed,Not Violated,Critical - P1,Uptime Team,13-04-2026 12:22,00:11:27,FALSE
1154840,Alarm,"ALARM: ""AFPL-Prod-Seceon-CCE-Pub-1b-Memory-85%-#Alarms"" in Asia Pacific (Mumbai)",Closed,Not Violated,-,Uptime Team,13-04-2026 12:23,00:10:32,FALSE
1154841,Client,[Case 177599052000921] New correspondence added,Internal Dependency,Not Violated,Medium - P3,SMB Linux Team,13-04-2026 12:23,00:10:24,FALSE
1154843,Alarm,"ALARM: ""anxiprodb-instace-1-new-16-01-rds#DatabaseConnections"" in Asia Pacific (Sydney)",Assigned,Not Violated,Critical - P1,Uptime Team,13-04-2026 12:23,00:09:47,FALSE
1154845,Alarm,"ALARM: ""utiaif-alb-tg-UnHealthyHostCount-#Alarm"" in Asia Pacific (Mumbai)",Open,Not Violated,Critical - P1,Uptime Team,13-04-2026 12:29,00:04:18,FALSE
1154846,Alarm,"ALARM: ""KFIN-AIF-Prod-UTI-1b-cpu-85%#Alaram"" in Asia Pacific (Mumbai)",Open,Not Violated,Critical - P1,Uptime Team,13-04-2026 12:29,00:03:59,FALSE
1154847,Alarm,"ALARM: ""Kfin-rm-portal-prod-CPU-85%-#Alarm"" in Asia Pacific (Mumbai)",Open,Not Violated,Critical - P1,Uptime Team,13-04-2026 12:32,00:01:08,FALSE
1154848,Alarm,"ALARM: ""MBM-Group-Prod-DB-1b-Memory-85%-#Alarm"" in Asia Pacific (Mumbai)",Assigned,Not Violated,Critical - P1,Uptime Team,13-04-2026 12:33,00:00:20,FALSE
